03000000	Prodotti dell'agricoltura, dell'allevamento, della pesca, della silvicoltura e prodotti affini
03100000	Prodotti dell'agricoltura e dell'orticoltura
03110000	Prodotti agricoli, prodotti dell'ortofrutticoltura commerciale
03111000	Semi
03111100	Semi di soia
03111200	Semi di arachidi
03111300	Semi di girasole
03111400	Semi di cotone
03111500	Semi di sesamo
03111600	Semi di senape
03111700	Semi di ortaggi
03111800	Semi di piante e arbusti da frutto
03111900	Semi di fiori
03112000	Tabacchi non lavorati
03113000	Piante utilizzate per la produzione di zucchero
03113100	Barbabietole da zucchero
03113200	Canna da zucchero
03114000	Paglia e piante foraggere
03114100	Paglia
03114200	Piante foraggere
03115000	Materie prime vegetali
03115100	Materie prime vegetali usate per la produzione tessile
03115110	Cotone
03115120	Iuta
03115130	Lino
03116000	Gomma naturale, lattice e prodotti affini
03116100	Gomma naturale
03116200	Piante utilizzate per la preparazione di fungicidi o simili
03116300	Prodotti di lattice
03117000	Piante utilizzate in settori specifici
03117100	Piante utilizzate in profumeria o farmacia, o per la preparazione di insetticidi o simili
03117110	Piante utilizzate in profumeria
03117120	Piante utilizzate in farmacia
03117130	Piante utilizzate per la preparazione di insetticidi
03117200	Semi di piante utilizzate in settori specifici
03120000	Prodotti dell'orticoltura e di vivai
03121000	Prodotti orticoli
03121100	Piante vive, bulbi, radici, talee e marze
03121200	Fiori recisi
03121210	Composizioni floreali
03130000	Raccolti utilizzati per la preparazione di bevande e di spezie
03131000	Piante utilizzate per la preparazione di bevande
03131100	Chicchi di caffè
03131200	Piante del tè
03131300	Mate
03131400	Semi di cacao
03132000	Spezie non preparate
03140000	Prodotti animali e prodotti affini
03141000	Sperma bovino
03142000	Prodotti di origine animale
03142100	Miele naturale
03142200	Lumache
03142300	Prodotti commestibili di origine animale
03142400	Cere
03142500	Uova
03143000	Prodotti della policoltura
03144000	Prodotti agricoli
03200000	Cereali, patate, verdura, frutta e noci
03210000	Cereali e patate
03211000	Cereali
03211100	Frumento
03211110	Frumento duro
03211120	Frumento tenero
03211200	Granturco
03211300	Riso
03211400	Orzo
03211500	Segale
03211600	Avena
03211700	Malto
03211900	Prodotti a base di cereali
03212000	Patate e ortaggi secchi
03212100	Patate
03212200	Legumi secchi e leguminose da granella
03212210	Legumi da granella secchi
03212211	Lenticchie
03212212	Ceci
03212213	Piselli secchi
03212220	Leguminose
03220000	Verdura, frutta e noci
03221000	Ortaggi
03221100	Radici e tuberi
03221110	Radici
03221111	Barbabietole
03221112	Carote
03221113	Cipolle
03221114	Rape
03221120	Tuberi
03221200	Ortaggi a frutto
03221210	Fagioli
03221211	Fave
03221212	Fagiolini
03221213	Fagioli di Spagna
03221220	Piselli
03221221	Piselli freschi
03221222	Taccole
03221230	Peperoni
03221240	Pomodori
03221250	Zucchine
03221260	Funghi
03221270	Cetrioli
03221300	Ortaggi da foglia
03221310	Lattuga
03221320	Foglie di insalata
03221330	Carciofi
03221340	Spinaci
03221400	Cavoli
03221410	Cavoli cappuccio
03221420	Cavolfiori
03221430	Broccoli
03221440	Cavoli di Bruxelles
03222000	Frutta e frutta con guscio
03222100	Frutta e frutta con guscio tropicali
03222110	Frutta tropicale
03222111	Banane
03222112	Ananas
03222113	Manghi
03222114	Datteri
03222115	Uva passa
03222116	Fichi
03222117	Avocado
03222118	Kiwi
03222120	Noci di cocco
03222200	Agrumi
03222210	Limoni
03222220	Arance
03222230	Pompelmi
03222240	Tangerini
03222250	Limette
03222300	Frutta non tropicale
03222310	Bacche
03222311	Uve secche di Corinto
03222312	Uva spina
03222313	Fragole
03222314	Lamponi
03222315	Mirtilli rossi
03222320	Mele, pere e mele cotogne
03222321	Mele
03222322	Pere
03222323	Mele cotogne
03222330	Frutta con nocciolo
03222331	Albicocche
03222332	Pesche
03222333	Ciliege
03222334	Prugne
03222340	Uva
03222341	Uva da tavola
03222342	Uva da vino
03222400	Olive
03300000	Prodotti dell'allevamento, della caccia e della pesca
03310000	Pesce, crostacei e prodotti acquatici
03311000	Pesce
03311100	Pesce piatto
03311110	Sogliola
03311120	Platessa
03311200	Pesci affini al merluzzo
03311210	Merluzzo
03311220	Merlano nero
03311230	Nasello
03311240	Eglefino
03311300	Aringa
03311400	Tonno
03311500	Merlano
03311600	Bianchetti
03311700	Salmone
03312000	Crostacei
03312100	Ostriche
03312200	Molluschi
03312300	Invertebrati acquatici
03313000	Prodotti acquatici
03313100	Corallo e prodotti affini
03313200	Spugne naturali
03313300	Alghe marine
03313310	Alghe
03320000	Bovini, bestiame e animali piccoli
03321000	Bovini
03321100	Bestiame bovino
03321200	Vitelli
03322000	Bestiame
03322100	Ovini
03322200	Caprini
03322300	Cavalli
03323000	Suini
03324000	Pollame vivo
03325000	Animali piccoli
03325100	Conigli
03325200	Lepri
03330000	Prodotti di animali di allevamento
03331000	Latte di pecora e di capra fresco
03331100	Latte di pecora
03331200	Latte di capra
03332000	Lana e pelo
03332100	Lana di tosa
03332200	Pelo
03333000	Latte di vacca fresco
03340000	Marchi per animali
03341000	Marchi per bovini
03400000	Prodotti della silvicoltura e dello sfruttamento forestale
03410000	Legname
03411000	Legname di conifere
03412000	Legname tropicale
03413000	Legna da ardere
03414000	Legname grezzo
03415000	Legname tenero
03416000	Cascame di legno
03417000	Scarti di legno
03417100	Segatura
03418000	Tronchi
03418100	Legno duro
03419000	Legname industriale
03419100	Prodotti di legname
03419200	Legname per miniere
03420000	Gomme
03421000	Balsami
03422000	Lacca
03430000	Sughero
03431000	Sughero naturale
03432000	Articoli da panieraio
03432100	Lavori di panieraio
03440000	Prodotti della silvicoltura
03441000	Piante, erbe, muschi o licheni ornamentali
03450000	Prodotti vivaistici
03451000	Piante
03451100	Piante da trapiantare
03451200	Bulbi
03451300	Arbusti
03452000	Alberi
03460000	Pasta da carta
03461000	Pasta di legno
03461100	Pasta di legno chimica
09000000	Prodotti derivati dal petrolio, combustibili, elettricità e altre fonti di energia
09100000	Combustibili
09110000	Combustibili solidi
09111000	Carbone e combustibili a base di carbone
09111100	Carbone
09111200	Prodotti combustibili del carbone
09111210	Carbone fossile
09111220	Bricchette
09111300	Combustibili fossili
09111400	Prodotti combustibili del legno
09112000	Lignite e torba
09112100	Lignite
09112200	Torba
09113000	Coke
09120000	Combustibili gassosi
09121000	Gas di carbone, gas da rete pubblica o gas affini
09121100	Gas di carbone o gas affini
09121200	Gas da rete pubblica
09122000	Propano e butano
09122100	Propano
09122110	Propano liquefatto
09122200	Butano
09122210	Butano liquefatto
09123000	Gas naturale
09130000	Petrolio e distillati
09131000	Cherosene avio
09131100	Carboturbo
09132000	Benzina
09132100	Benzina senza piombo
09132200	Benzina contenente piombo
09132300	Benzina senza etanolo
09133000	Gas di petrolio liquefatto (GPL)
09134000	Gasoli
09134100	Carburante diesel
09134200	Combustibile diesel
09134210	Combustibile diesel (0,2)
09134220	Combustibile diesel (EN 590)
09134230	Biodiesel
09134231	Biodiesel (B20)
09134232	Biodiesel (B100)
09135000	Oli combustibili
09135100	Gasolio per riscaldamento
09135110	Oli combustibili a basso contenuto di zolfo
09200000	Prodotti derivati da petrolio, carbone e oli
09210000	Preparati lubrificanti
09211000	Oli lubrificanti e agenti lubrificanti
09211100	Oli per motori
09211200	Oli per compressori
09211300	Oli per turbine
09211400	Oli per cambi
09211500	Oli per riduttori
09211600	Oli per sistemi idraulici e altri usi
09211610	Liquidi per usi idraulici
09211620	Oli da sformare
09211630	Oli anticorrosivi
09211640	Oli per isolamenti elettrici
09211650	Liquidi per freni
09211700	Oli bianchi e paraffine liquide
09211710	Oli bianchi
09211720	Paraffine liquide
09211800	Oli minerali e preparati di petrolio
09211810	Oli leggeri
09211820	Oli minerali
09211900	Oli lubrificanti per la trazione
09220000	Petrolato, cere e benzine speciali
09221000	Vaselina e cere
09221100	Vaselina
09221200	Cera di paraffina
09221300	Cera di petrolio
09221400	Residui di petrolio
09222000	Benzine speciali
09222100	Acquaragia minerale
09230000	Petrolio (greggio)
09240000	Prodotti affini agli oli e al carbone
09241000	Scisto bituminoso
09242000	Prodotti derivati dal carbone
09242100	Carbolio
09300000	Elettricità, riscaldamento, energia solare e nucleare
09310000	Elettricità
09320000	Vapore, acqua calda e prodotti affini
09321000	Acqua calda
09322000	Vapore
09323000	Riscaldamento urbano
09324000	Teleriscaldamento
09330000	Energia solare
09331000	Pannelli solari
09331100	Collettori solari per la produzione di calore
09331200	Moduli fotovoltaici solari
09332000	Impianto solare
09340000	Combustibili nucleari
09341000	Uranio
09342000	Plutonio
09343000	Materiali radioattivi
09344000	Radioisotopi
14000000	Prodotti delle miniere, metalli di base e prodotti affini
14200000	Sabbia e argilla
14210000	Ghiaia, sabbia, pietrisco ed aggregati
14211000	Sabbia
14211100	Sabbia naturale
14212000	Granulati, graniglia, sabbia di frantoio, ciottoli, ghiaia, breccia e pietrischetto, miscele di pietra, sabbia ghiaiosa ed altri aggregati
14212100	Ciottoli e ghiaia
14212110	Ghiaia
14212120	Ciottoli
14212200	Aggregati
14212210	Sabbia ghiaiosa
14212300	Breccia e pietrisco
14212310	Brecciame
14212320	Granito frantumato
14212330	Basalto frantumato
14212400	Terra
14212410	Terreno vegetale
14212420	Sottosuolo
14212430	Graniglia
14213000	Macadam, tarmac e sabbia asfaltica
14213100	Macadam
14213200	Tarmac
14213300	Sabbia asfaltica
14220000	Argilla e caolino
14221000	Argilla
14222000	Caolino
14300000	Prodotti inorganici chimici e fertilizzanti minerali
14310000	Fertilizzanti minerali
14311000	Calcio naturale, fosfato allumino-calcico e sali di potassio naturali greggi
14311100	Calcio naturale
14311200	Fosfati allumino-calcici
14311300	Sali di potassio naturali greggi
14312000	Piriti di ferro
14312100	Piriti di ferro non arrostite
14320000	Prodotti inorganici chimici
14400000	Sale e cloruro di sodio puro
14410000	Salgemma
14420000	Sale marino
14430000	Sale ottenuto per evaporazione e cloruro di sodio puro
14450000	Salamoia
14500000	Prodotti affini delle miniere e delle cave
14520000	Pietre preziose e semipreziose, pietra pomice, smeriglio, abrasivi naturali, altri minerali e metalli preziosi
14521000	Pietre preziose e semipreziose
14521100	Pietre preziose
14521140	Polvere di pietre preziose
14521200	Pietre semipreziose
14521210	Polvere di pietre semipreziose
14522000	Diamanti industriali, pietra pomice, smeriglio ed altri abrasivi naturali
14522100	Pietra pomice
14522200	Diamanti industriali
14522300	Smeriglio
14522400	Abrasivi naturali
14523000	Minerali, metalli preziosi e prodotti affini
14523100	Minerali
14523200	Oro
14523300	Argento
14523400	Platino
14600000	Minerali metalliferi e leghe
14610000	Minerali metalliferi
14611000	Minerali di ferro
14612000	Minerali metalliferi non ferrosi
14612100	Minerali di rame
14612200	Minerali di nichelio
14612300	Minerali di alluminio
14612400	Minerali di metalli preziosi
14612500	Minerali di piombo
14612600	Minerali di zinco
14612700	Minerali di stagno
14613000	Minerali di uranio e torio
14613100	Minerali di uranio
14613200	Minerali di torio
14614000	Minerali vari
14620000	Leghe
14621000	Ferroleghe
14621100	Ferroleghe non CECA
14621110	Ferro-manganese
14621120	Ferro-cromo
14621130	Ferro-nichelio
14622000	Acciaio
14630000	Scorie, sfridi, rottami ferrosi e cascami
14700000	Metalli di base
14710000	Ferro, piombo, zinco, stagno e rame
14711000	Ferro
14711100	Ghisa
14712000	Piombo
14713000	Zinco
14714000	Stagno
14715000	Rame
14720000	Alluminio, nickel, scandio, titanio e vanadio
14721000	Alluminio
14721100	Ossido di alluminio
14722000	Nickel
14723000	Scandio
14724000	Titanio
14725000	Vanadio
14730000	Cromo, manganese, cobalto, ittrio e zirconio
14731000	Cromo
14732000	Manganese
14733000	Cobalto
14734000	Ittrio
14735000	Zirconio
14740000	Molibdeno, tecnezio, rutenio e rodio
14741000	Molibdeno
14742000	Tecnezio
14743000	Rutenio
14744000	Rodio
14750000	Cadmio, lutezio, afnio, tantalio e tungsteno
14751000	Cadmio
14752000	Lutezio
14753000	Afnio
14754000	Tantalio
14755000	Tungsteno
14760000	Iridio, gallio, indio, tallio e bario
14761000	Iridio
14762000	Gallio
14763000	Indio
14764000	Tallio
14765000	Bario
14770000	Cesio, stronzio, rubidio e calcio
14771000	Cesio
14772000	Stronzio
14773000	Rubidio
14774000	Calcio
14780000	Potassio, magnesio, sodio e litio
14781000	Potassio
14782000	Magnesio
14783000	Sodio
14784000	Litio
14790000	Niobio, osmio, renio e palladio
14791000	Niobio
14792000	Osmio
14793000	Renio
14794000	Palladio
14800000	Prodotti vari di minerali non metallici
14810000	Prodotti abrasivi
14811000	Pietre da macina e da mola e mole
14811100	Pietre da macina
14811200	Pietre da mola
14811300	Mole
14812000	Abrasivi in polvere o grani
14813000	Corindone artificiale
14814000	Grafite artificiale
14820000	Vetro
14830000	Fibre di vetro
14900000	Materie prime secondarie di recupero
14910000	Materie prime metalliche secondarie di recupero
14920000	Materie prime non metalliche secondarie di recupero
14930000	Ceneri e residui contenenti metalli
15000000	Prodotti alimentari, bevande, tabacco e prodotti affini
15100000	Prodotti di origine animale, carne e prodotti a base di carne
15110000	Carne
15111000	Carne bovina
15111100	Carne di manzo
15111200	Carne di vitello
15112000	Pollame
15112100	Pollame fresco
15112110	Oche
15112120	Tacchini
15112130	Polli
15112140	Anatre
15112300	Fegato di volatili
15112310	Foie gras
15113000	Carne di maiale
15114000	Frattaglie commestibili
15115000	Carne di agnello e montone
15115100	Carne di agnello
15115200	Carne di montone
15117000	Carne caprina
15118000	Carne di cavallo, asino, mulo o bardotto
15118100	Carne di cavallo
15118900	Carne di asino, mulo o bardotto
15119000	Carni varie
15119100	Carne di coniglio
15119200	Carne di lepre
15119300	Selvaggina
15119400	Cosce di rana
15119500	Piccioni
15119600	Carne di pesce
15130000	Prodotti a base di carne
15131000	Conserve e preparati di carne
15131100	Prodotti a base di carne per salsicce
15131110	Carne per salsicce
15131120	Salumi
15131130	Salsicce
15131134	Sanguinacci e altre salsicce a base di sangue
15131135	Salsicce di pollame
15131200	Carni secche, salate, affumicate o stagionate
15131210	Prosciutto affumicato
15131220	Pancetta affumicata
15131230	Salame
15131300	Preparati a base di fegato
15131310	Pâté
15131320	Preparati a base di fegato d'oca o di anatra
15131400	Prodotti a base di carne di maiale
15131410	Prosciutto
15131420	Polpette
15131490	Piatti pronti a base di carne di maiale
15131500	Prodotti di pollame
15131600	Prodotti a base di carne di manzo e vitello
15131610	Polpette di manzo
15131620	Macinato di manzo
15131640	Beefburger
15131700	Preparati a base di carne
15200000	Pesci preparati e conserve di pesce
15210000	Filetti di pesce, fegato e uova di pesce
15211000	Filetti di pesce
15211100	Filetti di pesce fresco
15212000	Uova di pesce
15213000	Fegato di pesce
15220000	Pesce, filetti di pesce ed altre carni di pesce congelati
15221000	Pesce congelato
15229000	Prodotti di pesce congelati
15230000	Pesci secchi o salati; pesce in salamoia; pesce affumicato
15231000	Pesce secco
15232000	Pesce salato
15233000	Pesce in salamoia
15234000	Pesce affumicato
15235000	Conserve di pesce
15240000	Pesce in conserva o in scatola ed altri pesci preparati o in conserva
15241000	Pesce impanato, pesce in conserva o in scatola
15241100	Salmone in conserva
15241200	Aringa preparata o in conserva
15241300	Sardine
15241400	Tonno in conserva
15241500	Sgombro
15241600	Acciughe
15241700	Bastoncini di pesce
15241800	Pesce impanato o altrimenti preparato
15242000	Piatti pronti a base di pesce
15243000	Preparati a base di pesce
15244000	Caviale e uova di pesce
15244100	Caviale
15244200	Uova di pesce varie
15250000	Frutti di mare
15251000	Crostacei congelati
15252000	Crostacei preparati o in conserva
15253000	Prodotti a base di molluschi
15300000	Frutta, verdura e prodotti affini
15310000	Patate e prodotti a base di patate
15311000	Patate congelate
15311100	Patate fritte e a bastoncino
15311200	Patate a dadini, affettate ed altre patate congelate
15312000	Prodotti a base di patate
15312100	Purè di patate a cottura rapida
15312200	Patate prefritte
15312300	Patatine
15312310	Patatine aromatizzate
15312400	Spuntini a base di patate
15312500	Crocchette a base di patate
15313000	Patate trasformate
15320000	Succhi di frutta e di verdura
15321000	Succhi di frutta
15321100	Succo di arancia
15321200	Succo di pompelmo
15321300	Succo di limone
15321400	Succo di ananas
15321500	Succo di uva
15321600	Succo di mela
15321700	Miscele di succhi non concentrati
15321800	Succhi concentrati
15322000	Succhi di verdura
15322100	Succo di pomodoro
15330000	Frutta e verdura trasformata
15331000	Verdura trasformata
15331100	Verdura fresca o congelata
15331110	Radici commestibili trasformate
15331120	Tuberi trasformati
15331130	Fagioli, piselli, peperoni, pomodori ed altri ortaggi
15331131	Fagioli trasformati
15331132	Piselli trasformati
15331133	Piselli secchi spaccati
15331134	Pomodori trasformati
15331135	Funghi trasformati
15331136	Peperoni trasformati
15331137	Germi di soia
15331138	Tartufi
15331140	Ortaggi a foglia e cavoli
15331142	Cavolo trasformato
15331150	Leguminose trasformate
15331170	Verdura congelata
15331400	Verdura in conserva e/o in scatola
15331410	Fagioli in salsa di pomodoro
15331411	Fagioli stufati in salsa di pomodoro
15331420	Pomodori in conserva
15331423	Pomodori in scatola
15331425	Purea di pomodori
15331427	Concentrato di pomodori
15331428	Salsa di pomodori
15331430	Funghi in scatola
15331450	Olive trasformate
15331460	Verdura in scatola
15331461	Crauti in scatola
15331462	Piselli in scatola
15331463	Fagioli sgranati in scatola
15331464	Fagioli interi in scatola
15331465	Asparagi in scatola
15331466	Olive in scatola
15331470	Granoturco dolce
15331480	Verdura temporaneamente conservata
15331500	Verdura sott'aceto
15332000	Frutta e noci trasformate
15332100	Frutta trasformata
15332140	Mele trasformate
15332150	Pere trasformate
15332160	Banane trasformate
15332170	Rabarbaro
15332180	Meloni
15332200	Confetture e marmellate; gelatine di frutta; puree e paste di frutta o di frutta con guscio
15332230	Marmellate
15332231	Marmellata di arance
15332232	Marmellata di limoni
15332240	Gelatine di frutta
15332250	Paste di frutta
15332260	Paste di frutta con guscio
15332261	Burro di arachidi
15332270	Puree di frutta
15332290	Confetture
15332291	Confettura di albicocche
15332292	Confettura di more
15332293	Confettura di ribes nero
15332294	Confettura di ciliegie
15332295	Confettura di lamponi
15332296	Confettura di fragole
15332300	Noci trasformate
15332310	Arachidi tostate o salate
15332400	Conserve di frutta
15332410	Frutta secca
15332411	Uve secche di Corinto trasformate
15332412	Uva passa trasformata
15332419	Uva sultanina
15333000	Sottoprodotti vegetali
15400000	Oli e grassi animali o vegetali
15410000	Oli e grassi animali o vegetali greggi
15411000	Oli animali o vegetali
15411100	Oli vegetali
15411110	Olio di oliva
15411120	Olio di sesamo
15411130	Olio di arachide
15411140	Olio di noce di cocco
15411200	Olio da cucina
15411210	Olio per frittura
15412000	Grassi
15412100	Grassi animali
15412200	Grassi vegetali
15413000	Residui solidi di grassi ed oli vegetali
15413100	Panelli di semi oleosi
15420000	Oli e grassi raffinati
15421000	Oli raffinati
15422000	Grassi raffinati
15423000	Grassi o oli idrogenati o esterificati
15424000	Cere vegetali
15430000	Grassi commestibili
15431000	Margarina e preparati affini
15431100	Margarina
15431110	Margarina liquida
15431200	Paste spalmabili leggere o a basso tenore di materie grasse
15500000	Prodotti lattiero-caseari
15510000	Latte e panna
15511000	Latte
15511100	Latte pastorizzato
15511200	Latte sterilizzato
15511210	Latte UHT
15511300	Latte scremato
15511400	Latte parzialmente scremato
15511500	Latte intero
15511600	Latte condensato
15511700	Latte in polvere
15512000	Crema
15512100	Crema magra
15512200	Crema densa
15512300	Crema spessa
15512900	Crema da montare
15530000	Burro
15540000	Formaggio
15541000	Formaggio da tavola
15542000	Formaggio fresco
15542100	Formaggio bianco
15542200	Formaggio a pasta molle
15542300	Feta
15543000	Formaggio grattugiato, in polvere, erborinato e altri formaggi
15543100	Formaggio erborinato
15543200	Cheddar
15543300	Formaggio grattugiato
15543400	Parmigiano
15544000	Formaggio a pasta dura
15545000	Formaggio da spalmare
15550000	Prodotti lattiero-caseari assortiti
15551000	Yogurt e altri prodotti di latte fermentati
15551300	Yogurt
15551310	Yogurt naturale
15551320	Yogurt aromatizzato
15551500	Latte battuto
15552000	Caseina
15553000	Lattosio o sciroppo di lattosio
15554000	Siero di latte
15555000	Gelati e prodotti affini
15555100	Gelati
15555200	Sorbetto
15600000	Prodotti della macinazione, amido e prodotti amilacei
15610000	Prodotti della macinazione
15611000	Riso semigreggio
15612000	Farina di cereali o farina vegetale e prodotti affini
15612100	Farina di frumento
15612110	Farina integrale
15612120	Farina da panificazione
15612130	Farina normale
15612150	Farina da pasticceria
15612190	Farina fermentante
15612200	Farina di cereali
15612210	Farina di granoturco
15612220	Farina di riso
15612300	Farina vegetale e farina vegetale per mangimi
15612400	Miscele per la preparazione di prodotti della panetteria
15612410	Preparati per dolci
15612420	Preparati per panificazione
15612500	Prodotti di panetteria
15613000	Prodotti a base di grani di cereali
15613100	Tritello d'avena
15613300	Prodotti cerealicoli
15613310	Cereali pronti per la colazione
15613311	Fiocchi di mais
15613313	Muesli o equivalente
15613319	Grano soffiato
15613380	Fiocchi di avena
15614000	Riso trasformato
15614100	Riso a grani lunghi
15614200	Riso lavorato
15614300	Rotture di riso
15615000	Crusca
15620000	Amidi e prodotti amilacei
15621000	Olio di mais
15622000	Glucosio e prodotti a base di glucosio; fruttosio e prodotti a base di fruttosio
15622100	Glucosio e prodotti a base di glucosio
15622110	Glucosio
15622120	Sciroppo di glucosio
15622300	Fruttosio e prodotti a base di fruttosio
15622310	Fruttosio
15622320	Preparati di fruttosio
15622321	Soluzioni di fruttosio
15622322	Sciroppo di fruttosio
15623000	Amidi e fecole
15624000	Tapioca
15625000	Semolino
15626000	Polvere per budini
15700000	Mangimi per bestiame
15710000	Mangimi pronti per bestiame da allevamento ed altri animali
15711000	Mangime per pesci
15712000	Foraggio essiccato
15713000	Alimenti per animali da compagnia
15800000	Prodotti alimentari vari
15810000	Prodotti di panetteria, prodotti di pasticceria fresca e dolci
15811000	Prodotti della panificazione
15811100	Pane
15811200	Panini
15811300	Croissant
15811400	Focaccine
15811500	Prodotti di panetteria preparati
15811510	Sandwich
15811511	Sandwich preparati
15812000	Pasticceria e dolci
15812100	Pasticceria
15812120	Torte di frutta o verdura
15812121	Torte di verdura
15812122	Torte di frutta
15812200	Dolci
15813000	Alimenti per la colazione
15820000	Fette biscottate e biscotti; prodotti di pasticceria conservati
15821000	Prodotti di pane tostato e prodotti di pasticceria
15821100	Prodotti di pane tostato
15821110	Pane tostato
15821130	Pane croccante
15821150	Fette biscottate
15821200	Biscotti dolci
15830000	Zucchero e prodotti affini
15831000	Zucchero
15831200	Zucchero bianco
15831300	Zucchero di acero e sciroppo di acero
15831400	Melassa
15831500	Sciroppi di zucchero
15831600	Miele
15832000	Scarti della fabbricazione dello zucchero
15833000	Prodotti a base di zucchero
15833100	Dessert
15833110	Fondi di torta
15840000	Cacao, cioccolato e confetteria
15841000	Cacao
15841100	Pasta di cacao
15841200	Burro, grasso o olio di cacao
15841300	Cacao in polvere, senza aggiunta di zucchero
15841400	Cacao in polvere, con aggiunta di zucchero
15842000	Cioccolato e confetteria
15842100	Cioccolato
15842200	Prodotti di cioccolato
15842210	Cioccolato da bere
15842220	Cioccolata in tavolette
15842300	Confetteria
15842310	Caramelle
15842320	Torrone
15842400	Frutta, frutta a guscio o bucce di frutta conservate allo zucchero
15850000	Paste alimentari
15851000	Prodotti farinacei
15851100	Paste alimentari non cotte
15851200	Paste alimentari preparate e cuscùs
15851210	Paste alimentari preparate
15851220	Paste alimentari ripiene
15851230	Lasagne
15851250	Cuscùs
15851290	Paste alimentari in scatola
15860000	Caffè, tè e prodotti affini
15861000	Caffè
15861100	Caffè torrefatto
15861200	Caffè decaffeinato
15862000	Succedanei del caffè
15863000	Tè
15863100	Tè verde
15863200	Tè nero
15864000	Preparati di tè o mate
15864100	Bustine di tè
15865000	Infusi di erbe
15870000	Condimenti e aromi
15871000	Aceto, salse, condimenti misti, farina e polvere di senape, senape preparata
15871100	Aceto e succedanei dell'aceto
15871110	Aceto o equivalente
15871200	Salse, condimenti e aromi composti
15871210	Salsa di soia
15871230	Ketchup
15871250	Senape
15871260	Salse
15871270	Condimenti composti
15871273	Maionese
15871274	Preparati spalmabili per sandwich
15871279	Chutney
15872000	Erbe e spezie
15872100	Pepe
15872200	Spezie
15872300	Erbe
15872400	Sale
15872500	Zenzero
15880000	Prodotti nutritivi speciali
15881000	Preparati alimentari omogeneizzati
15882000	Prodotti dietetici
15884000	Alimenti per neonati
15890000	Prodotti alimentari e prodotti secchi vari
15891000	Minestre e brodi
15891100	Minestre a base di carne
15891200	Zuppe a base di pesce
15891300	Minestre miste
15891400	Minestre
15891410	Minestre istantanee
15891500	Brodi
15891600	Brodi ristretti
15891610	Brodi istantanei
15891900	Minestre di verdura
15892000	Succhi ed estratti vegetali; sostanze peptiche e addensanti
15892100	Succhi vegetali
15892200	Estratti vegetali
15892400	Addensanti
15893000	Derrate secche
15893100	Preparati alimentari
15893200	Preparati per dessert
15893300	Preparati per salse
15894000	Prodotti alimentari trasformati
15894100	Pasti vegetariani
15894200	Pasti pronti
15894210	Pasti per scuole
15894220	Pasti per ospedali
15894300	Piatti pronti
15894400	Spuntini
15894500	Prodotti per distributori automatici
15894600	Ripieni per sandwich
15894700	Specialità gastronomiche
15895000	Prodotti per fast-food
15895100	Hamburger
15896000	Prodotti surgelati
15897000	Alimenti in scatola e razioni militari
15897100	Razioni militari
15897200	Alimenti in scatola
15897300	Pacchi di generi alimentari
15898000	Lievito
15899000	Lievito artificiale
15900000	Bevande, tabacco e prodotti affini
15910000	Bevande alcoliche distillate
15911000	Bevande alcoliche
15911100	Alcolici
15911200	Liquori
15930000	Vini
15931000	Vini non aromatizzati
15931100	Vini spumanti
15931200	Vino da tavola
15931300	Porto
15931400	Madeira
15931500	Mosto di uva
15931600	Sherry
15932000	Fecce di vino
15940000	Sidro e altri vini a base di frutta
15941000	Sidro
15942000	Vini di frutta
15950000	Bevande fermentate non distillate
15951000	Vermut
15960000	Birra di malto
15961000	Birra
15961100	Birra chiara
15962000	Avanzi della fabbricazione della birra e della distillazione
15980000	Bibite analcoliche
15981000	Acqua minerale
15981100	Acqua minerale non frizzante
15981200	Acqua minerale frizzante
15981300	Acqua allo stato solido
15981310	Ghiaccio
15981320	Neve
15981400	Acqua minerale aromatizzata
15982000	Bevande analcoliche
15982100	Succhi di frutta concentrati
15982200	Latte al cioccolato
15990000	Tabacco, tabacchi lavorati e articoli connessi
15991000	Tabacchi lavorati
15991100	Sigari
15991200	Sigaretti
15991300	Sigarette
15992000	Tabacco
15992100	Tabacco lavorato
15993000	Articoli di tabaccheria
15994000	Carta per sigarette e filtri
15994100	Carta per sigarette
15994200	Carta per filtri
16000000	Macchinari agricoli
16100000	Macchinari agricoli e silvicoli per la lavorazione e coltivazione del suolo
16110000	Aratri o erpici a disco
16120000	Erpici, scarificatori, coltivatori, estirpatori e zappatrici
16130000	Seminatrici, piantatrici o trapiantatrici
16140000	Spandiletame
16141000	Concimatrici
16150000	Rulli per tappeti erbosi o campi sportivi
16160000	Attrezzature varie per giardinaggio
16300000	Macchinari per la raccolta delle messi
16310000	Falciatrici
16311000	Falciatrici da prato
16311100	Tosaerba per tappeti erbosi, parchi o campi sportivi
16320000	Macchinari da fienagione
16330000	Imballatrici pressapaglia o pressaforaggio
16331000	Presse raccoglitrici
16340000	Macchinari per la raccolta e la trebbiatura
16400000	Macchinari a spruzzo per orticoltura o agricoltura
16500000	Rimorchi e semirimorchi autocaricanti o scaricanti per uso agricolo
16510000	Rimorchi autocaricanti per uso agricolo
16520000	Rimorchi autoscaricanti per uso agricolo
16530000	Semirimorchi autocaricanti per uso agricolo
16540000	Semirimorchi autoscaricanti per uso agricolo
16600000	Macchinari specialistici per l'agricoltura o la silvicoltura
16610000	Macchine per pulire, selezionare o classificare le uova, frutta o altri prodotti
16611000	Macchine per la pulizia di prodotti agricoli
16611100	Macchine per la pulizia delle uova
16611200	Macchine per la pulizia della frutta
16612000	Macchine per la selezione o la classificazione di prodotti agricoli
16612100	Macchine per la selezione o la classificazione delle uova
16612200	Macchine per la selezione o la classificazione della frutta
16613000	Macchine per pulire, selezionare o classificare semi, grano o legumi secchi
16620000	Macchine mungitrici
16630000	Macchinari per la preparazione di alimenti e mangimi per animali
16640000	Macchinari per l'apicoltura
16650000	Macchinari per l'avicoltura
16651000	Incubatrici e allevatrici avicole
16700000	Trattori
16710000	Motocoltivatori
16720000	Trattori agricoli usati
16730000	Motori di trazione
16800000	Parti di macchinari per l'agricoltura e la silvicoltura
16810000	Parti di macchinari per l'agricoltura
16820000	Parti di macchinari per la silvicoltura
18000000	Indumenti, calzature, articoli da viaggio e accessori
18100000	Indumenti ad uso professionale, indumenti speciali da lavoro e accessori
18110000	Indumenti professionali
18113000	Indumenti ad uso industriale
18114000	Tute da lavoro
18130000	Indumenti da lavoro speciali
18132000	Indumenti per aviatore
18132100	Giacche per aviatore
18132200	Tute per aviatore
18140000	Accessori per indumenti da lavoro
18141000	Guanti da lavoro
18142000	Visiere di sicurezza
18143000	Attrezzi di protezione
18200000	Indumenti esterni
18210000	Cappotti
18211000	Cappe
18212000	Mantelli
18213000	Giacche a vento
18220000	Indumenti resistenti alle intemperie
18221000	Indumenti impermeabili
18221100	Cappe impermeabili
18221200	Giacche a vento con cappuccio
18221300	Impermeabili
18222000	Tenute professionali
18222100	Vestiti (da uomo o da donna)
18222200	Completi
18223000	Giacche e giacche sportive
18223100	Giacche sportive
18223200	Giacche
18224000	Indumenti in tessuto rivestito o impregnato
18230000	Indumenti esterni vari
18231000	Vestiti
18232000	Gonne
18233000	Pantaloncini
18234000	Pantaloni
18235000	Pullover, cardigan e altri articoli affini
18235100	Pullover
18235200	Cardigan
18235300	Felpe
18235400	Gilet
18300000	Indumenti
18310000	Biancheria intima
18311000	Sottovesti
18312000	Mutande
18313000	Mutandine da donna
18314000	Accappatoi
18315000	Calze
18316000	Collan
18317000	Calzini
18318000	Biancheria da notte
18318100	Camicie da notte
18318200	Vestaglie
18318300	Pigiami
18318400	Canottiere
18318500	Camicie da notte da donna
18320000	Reggiseni, corsetti, giarrettiere e articoli simili
18321000	Reggiseni
18322000	Corsetti
18323000	Giarrettiere
18330000	Magliette e camicie
18331000	Magliette
18332000	Camicie
18333000	Polo
18400000	Indumenti speciali ed accessori
18410000	Indumenti speciali
18411000	Indumenti per neonati
18412000	Indumenti sportivi
18412100	Tute sportive
18412200	Camicie sportive
18412300	Tute da sci
18412800	Costumi da bagno
18420000	Accessori di vestiario
18421000	Fazzoletti
18422000	Sciarpe
18423000	Cravatte
18424000	Guanti
18424300	Guanti monouso
18424400	Manopole
18424500	Guanti lunghi
18425000	Cinture
18425100	Cinturoni
18440000	Cappelli e copricapo
18441000	Cappelli
18443000	Copricapo e accessori per copricapo
18443100	Stringitesta
18443300	Copricapo
18443310	Berretti
18443320	Berretti da campagna
18443330	Cappucci
18443340	Berretti a visiera
18443400	Sottogola per copricapo
18443500	Visori
18444000	Copricapo protettivi
18444100	Copricapo di sicurezza
18444110	Caschi
18444111	Caschi di protezione
18444112	Caschi per biciclette
18444200	Elmetti di sicurezza
18450000	Bottoni a pressione
18451000	Bottoni
18451100	Parti di bottoni
18452000	Spilli di sicurezza
18453000	Cerniere lampo
18500000	Gioielli, orologi e articoli affini
18510000	Gioielli e articoli affini
18511000	Pietre preziose per gioielli
18511100	Diamanti
18511200	Rubini
18511300	Smeraldi
18511400	Opali
18511500	Quarzi
18511600	Tormaline
18512000	Monete e medaglie
18512100	Monete
18512200	Medaglie
18513000	Articoli di gioielleria
18513100	Perle
18513200	Articoli di oreficeria
18513300	Articoli in metallo prezioso
18513400	Articoli in pietre preziose o semipreziose
18513500	Articoli di argenteria
18520000	Orologeria personale
18521000	Orologi da polso e da tasca
18521100	Vetro per orologi da polso
18522000	Orologio da polso
18523000	Cronometri
18530000	Regali e premi
18600000	Pellicce e articoli di pelliccia
18610000	Articoli di pelliccia
18611000	Pellicceria
18612000	Indumenti di pelliccia
18613000	Articoli di pelliccia artificiale
18620000	Pellicce
18800000	Calzature
18810000	Calzature diverse dalle calzature sportive e protettive
18811000	Calzature impermeabili
18812000	Calzature con parti di gomma o materia plastica
18812100	Sandali con tomaia di gomma o materia plastica
18812200	Stivali di gomma
18812300	Calzature da città con tomaia di gomma o materia plastica
18812400	Infradito
18813000	Calzature con tomaia in cuoio
18813100	Sandali
18813200	Pantofole
18813300	Calzature da città
18814000	Calzature con tomaia in materia tessile
18815000	Stivali
18815100	Stivaletti
18815200	Polacchini
18815300	Stivali alti
18815400	Stivaloni
18816000	Galosce
18820000	Calzature sportive
18821000	Calzature per sci
18821100	Calzature per sci di fondo
18822000	Calzature da allenamento
18823000	Scarponi da montagna
18824000	Calzature da calcio
18830000	Calzature protettive
18831000	Calzature con mascherina protettiva di metallo
18832000	Calzature speciali
18832100	Calzature per volo
18840000	Parti di calzature
18841000	Tomaie per calzature
18842000	Suole
18843000	Tacchi
18900000	Bagagli, selleria, sacchi e borse
18910000	Selleria
18911000	Selle
18912000	Frustini
18913000	Fruste
18920000	Bagagli
18921000	Valigie
18923000	Borselli e portafogli
18923100	Borselli
18923200	Portafogli
18924000	Bauli
18925000	Portabottiglie e fondine
18925100	Portabottiglie
18925200	Fondine
18929000	Borse per toletta
18930000	Sacchi e borse
18931000	Borse da viaggio
18931100	Zaini
18932000	Borse per lo sport
18933000	Sacchi per spedizioni postali
18933100	Sacche postali
18934000	Borse degli attrezzi
18935000	Sacchi per biancheria
18936000	Borse in tessuto
18937000	Sacchi per imballaggio
18937100	Borse per imballaggio
18938000	Buste imbottite
18939000	Borsette
19000000	Cuoio e tessuti tessili, materiali di plastica e gomma
19100000	Cuoio
19110000	Pelli scamosciate
19120000	Pelli bovine o equine
19130000	Pelli ovine, caprine o suine
19131000	Pelli di pecora o agnello
19132000	Pelli di capra o capretto
19133000	Pelli suine
19140000	Pelli di altri animali; cuoio ricostituito e altri cuoi
19141000	Pelli di altri animali
19142000	Cuoio ricostituito
19143000	Similpelle
19144000	Cuoio verniciato
19160000	Cinturini
19170000	Articoli in pelle usati in macchinari o apparecchi meccanici
19200000	Tessuti e articoli connessi
19210000	Tessuti
19211000	Tessuti sintetici
19211100	Tessuti misti
19212000	Tessuti di cotone
19212100	Traliccio
19212200	Denim
19212300	Tela
19212310	Articoli di tela
19212400	Popeline
19212500	Correggia
19212510	Cinghie
19220000	Tessuto cardato
19230000	Tessuto di lino
19231000	Biancheria
19240000	Tessuti speciali
19241000	Velluto
19242000	Spugna
19243000	Tappezzeria
19244000	Tessuto per tende
19245000	Tessuto per fodera
19250000	Stoffe a maglia
19251000	Tessuti a maglia
19251100	Tessuto di velluto
19252000	Tessuto all'uncinetto
19260000	Stoffa
19270000	Tessuti non tessuti
19280000	Lana, cuoi e pelli
19281000	Lana
19282000	Pelli
19283000	Pelli e piume di uccelli
19400000	Filati e filo tessile
19410000	Fibre tessili naturali
19420000	Fibre tessili artificiali
19430000	Filati e filo tessile di fibre naturali
19431000	Filati di seta
19432000	Filati di lana
19433000	Filati di cotone
19434000	Filati di lino
19435000	Filo e filati da cucire in fibre naturali
19435100	Filo da cucire
19435200	Filato per maglieria
19436000	Filati di fibre tessili vegetali
19440000	Filati o fili sintetici
19441000	Filati sintetici
19442000	Filo sintetico
19442100	Filo da cucire sintetico
19442200	Filo per maglieria sintetico
19500000	Materiali di gomma e plastica
19510000	Prodotti di gomma
19511000	Camere d'aria, battistrada e protettori in gomma
19511100	Protettori
19511200	Camere d'aria
19511300	Battistrada
19512000	Articoli di gomma non vulcanizzata
19513000	Tessuti gommati
19513100	Tessuto per pneumatici
19513200	Nastro adesivo di tessuto gommato
19514000	Gomma rigenerata
19520000	Prodotti di plastica
19521000	Prodotti di polistirene
19521100	Fogli di polistirene
19521200	Lastre di polistirene
19522000	Resine
19522100	Resina epossidica
19522110	Tubazioni di resina epossidica
19600000	Cascami di pelle, tessili, di gomma e di plastica
19610000	Cascami di pelle
19620000	Cascami tessili
19630000	Cascami di gomma
19640000	Sacchi e sacchetti di polietilene per rifiuti
19700000	Gomma e fibre sintetiche
19710000	Gomma sintetica
19720000	Fibre sintetiche
19721000	Fasci di fibre sintetiche
19722000	Filati ad alta tenacità
19723000	Filati testurizzati semplici
19724000	Monofilamenti sintetici
19730000	Fibre artificiali
19731000	Fibre discontinue artificiali
19732000	Polipropilene
19733000	Filati testurizzati artificiali
22000000	Stampati e prodotti affini
22100000	Libri, opuscoli e pieghevoli
22110000	Libri stampati
22111000	Libri scolastici
22112000	Libri di testo
22113000	Libri per biblioteca
22114000	Dizionari, mappe, libri di musica ed altri libri
22114100	Dizionari
22114200	Atlanti
22114300	Mappe
22114310	Mappe catastali
22114311	Cianografie
22114400	Partiture
22114500	Enciclopedie
22120000	Pubblicazioni
22121000	Pubblicazioni tecniche
22130000	Elenchi telefonici
22140000	Pieghevoli
22150000	Opuscoli
22160000	Fascicoli
22200000	Quotidiani, riviste specializzate, periodici e settimanali
22210000	Quotidiani
22211000	Riviste specializzate
22211100	Gazzette ufficiali
22212000	Periodici
22212100	Pubblicazioni periodiche
22213000	Settimanali
22300000	Cartoline postali, biglietti di auguri ed altri stampati
22310000	Cartoline postali
22312000	Immagini
22313000	Decalcomanie
22314000	Disegni
22315000	Fotografie
22320000	Biglietti di auguri
22321000	Cartoline natalizie
22400000	Francobolli, moduli di assegni, banconote, azioni, pubblicità professionale, cataloghi e manuali
22410000	Francobolli
22411000	Francobolli natalizi
22412000	Francobolli nuovi
22413000	Bollini
22414000	Portafrancobolli
22420000	Carta da bollo
22430000	Banconote
22440000	Moduli di assegni
22450000	Stampati non falsificabili
22451000	Passaporti
22452000	Moduli di vaglia postali
22453000	Bolli di circolazione
22454000	Patenti di guida
22455000	Carte di identità
22455100	Braccialetti di identità
22456000	Permessi
22457000	Carte di accesso
22458000	Stampati su ordinazione
22459000	Biglietti
22459100	Adesivi e strisce pubblicitari
22460000	Materiale pubblicitario commerciale, cataloghi commerciali e manuali
22461000	Cataloghi
22461100	Portaelenchi
22462000	Materiale pubblicitario
22470000	Manuali
22471000	Manuali informatici
22472000	Manuali di istruzione
22473000	Manuali tecnici
22500000	Cliché, cilindri o altro materiale per la stampa
22510000	Lastre offset
22520000	Apparecchiature per incisioni a secco
22521000	Apparecchiature per goffratura
22600000	Inchiostri
22610000	Inchiostro da stampa
22611000	Inchiostro per rotocalco
22612000	Inchiostro di china
22800000	Registri o libri contabili, classificatori, moduli ed altri articoli di cancelleria stampati in carta o cartone
22810000	Registri in carta o cartone
22813000	Libri contabili
22814000	Libretti di quietanze
22815000	Taccuini
22816000	Blocchetti
22816100	Taccuini per appunti
22816200	Blocchi per stenografia
22816300	Blocchetti per appunti con fogli adesivi
22817000	Diari o agende personali
22819000	Rubriche
22820000	Moduli
22821000	Moduli elettorali
22822000	Moduli commerciali
22822100	Moduli commerciali continui
22822200	Moduli commerciali non continui
22830000	Quaderni scolastici
22831000	Ricariche di fogli per quaderni scolastici
22832000	Fogli scolastici
22840000	Album per campioni
22841000	Album per collezioni
22841100	Quaderni per bollini
22841200	Classificatori filatelici
22850000	Classificatori e relativi accessori
22851000	Classificatori
22852000	Cartelle
22852100	Copertine
22853000	Raccoglitori
22900000	Stampati di vario tipo
22990000	Carta da giornale, carta fabbricata a mano, altra carta ed altro cartone dei tipi utilizzati per scopi grafici
22991000	Carta da giornale
22992000	Carta o cartone manufatto
22993000	Carta e cartone fotosensibili, termosensibili o termografici
22993100	Carta o cartone fotosensibili
22993200	Carta o cartone, termosensibili
22993300	Carta o cartone, termografici
22993400	Carta o cartone ondulati
24000000	Sostanze chimiche
24100000	Gas
24110000	Gas industriali
24111000	Idrogeno, argo, gas rari, azoto e ossigeno
24111100	Argo
24111200	Gas rari
24111300	Elio
24111400	Neon
24111500	Gas medici
24111600	Idrogeno
24111700	Azoto
24111800	Azoto liquido
24111900	Ossigeno
24112000	Composti ossigenati inorganici
24112100	Biossido di carbonio
24112200	Ossidi di azoto
24112300	Composti ossigenati inorganici gassosi
24113000	Aria liquida e aria compressa
24113100	Aria liquida
24113200	Aria compressa
24200000	Coloranti e pigmenti
24210000	Ossidi, perossidi e idrossidi
24211000	Ossido e perossido di zinco, ossido di titanio, coloranti e pigmenti
24211100	Ossido di zinco
24211200	Perossido di zinco
24211300	Ossido di titanio
24212000	Ossidi e idrossidi di cromo, manganese, magnesio, piombo e rame
24212100	Ossido di cromo
24212200	Ossido di manganese
24212300	Ossido di piombo
24212400	Ossido di rame
24212500	Ossido di magnesio
24212600	Idrossidi per coloranti e pigmenti
24212610	Idrossido di cromo
24212620	Idrossido di manganese
24212630	Idrossido di piombo
24212640	Idrossido di rame
24212650	Idrossido di magnesio
24213000	Calce idrata
24220000	Estratti per concia o per tinta, tannini e sostanze coloranti
24221000	Estratti coloranti
24222000	Estratti per concia
24223000	Tannini
24224000	Sostanze coloranti
24225000	Preparati per concia
24300000	Sostanze chimiche di base organiche e inorganiche
24310000	Sostanze chimiche di base inorganiche
24311000	Elementi chimici; acidi inorganici e composti
24311100	Metalloidi
24311110	Fosfuri
24311120	Carburi
24311130	Idruri
24311140	Nitruri
24311150	Azoturi
24311160	Siliciuri
24311170	Boruri
24311180	Zolfo raffinato
24311200	Alogeno
24311300	Metalli alcalini
24311310	Mercurio
24311400	Acido cloridrico, acidi inorganici, biossido di silicio e anidride solforosa
24311410	Acidi inorganici
24311411	Acido solforico
24311420	Acido fosforico
24311430	Acidi polifosforici
24311440	Acido esafluorosilicico
24311450	Anidride solforosa
24311460	Diossido di silicio
24311470	Acido cloridrico
24311500	Idrossidi utilizzati come sostanze chimiche inorganiche di base
24311510	Ossidi metallici
24311511	Piriti e ossidi di ferro
24311520	Idrato di sodio
24311521	Soda caustica
24311522	Soda liquida
24311600	Composti di zolfo
24311700	Zolfo
24311800	Carbonio
24311900	Cloro
24312000	Alogenati metallici; ipocloriti, clorati e perclorati
24312100	Alogenati metallici
24312110	Esafluorosilicato di sodio
24312120	Cloruri
24312121	Cloruro di alluminio
24312122	Cloruro ferrico
24312123	Policloruro di alluminio
24312130	Cloridrato di alluminio
24312200	Ipocloriti e clorati
24312210	Clorito di sodio
24312220	Ipoclorito di sodio
24313000	Solfuri, solfati; nitrati, fosfati e carbonati
24313100	Solfuri, solfiti e solfati
24313110	Solfuri vari
24313111	Solfuro di idrogeno
24313112	Polisolfuri
24313120	Solfati
24313121	Tiosolfato di sodio
24313122	Solfato ferrico
24313123	Solfato di alluminio
24313124	Solfato di sodio
24313125	Solfato di ferro
24313126	Solfato di rame
24313200	Fosfinati, fosfonati, fosfati e polifosfati
24313210	Esametafosfato di sodio
24313220	Fosfati
24313300	Carbonati
24313310	Carbonato di sodio
24313320	Bicarbonato di sodio
24313400	Nitrati
24314000	Sali metallici acidi vari
24314100	Permanganato di potassio
24314200	Sali ossometallici acidi
24315000	Sostanze chimiche inorganiche varie
24315100	Acqua pesante, altri isotopi e loro composti
24315200	Cianuri, ossicianuri, fulminati, cianati, silicati, borati, perborati, sali di acidi inorganici
24315210	Cianuri
24315220	Ossicianuro
24315230	Fulminati
24315240	Cianati
24315300	Perossido di idrogeno
24315400	Quarzo piezoelettrico
24315500	Composti di metalli delle terre rare
24315600	Silicati
24315610	Silicato di sodio
24315700	Borati e perborati
24316000	Acqua distillata
24317000	Pietre sintetiche
24317100	Pietre preziose sintetiche
24317200	Pietre semipreziose sintetiche
24320000	Prodotti chimici di base organici
24321000	Idrocarburi
24321100	Idrocarburi saturi
24321110	Idrocarburi aciclici saturi
24321111	Metano
24321112	Etilene
24321113	Propene
24321114	Butene
24321115	Acetilene
24321120	Idrocarburi ciclici saturi
24321200	Idrocarburi non saturi
24321210	Idrocarburi aciclici non saturi
24321220	Idrocarburi ciclici non saturi
24321221	Benzene
24321222	Toluene
24321223	O-xileni
24321224	M-xileni
24321225	Stirene
24321226	Etilbenzene
24321300	Altri derivati alogenati di idrocarburi
24321310	Tetracloroetilene
24321320	Tetracloruro di carbonio
24322000	Alcoli, fenoli, fenolalcoli e loro derivati alogenati, solfonati, nitrati o nitrosati; alcoli grassi industriali
24322100	Alcoli grassi industriali
24322200	Alcoli monovalenti
24322210	Metanolo
24322220	Etanolo
24322300	Dioli, polialcoli e derivati
24322310	Etilenglicole
24322320	Derivati di alcoli
24322400	Fenoli e derivati
24322500	Alcol
24322510	Alcol etilico
24323000	Acidi grassi monocarbossilici industriali
24323100	Oli acidi di raffinazione
24323200	Acidi carbossilici
24323210	Acido acetico
24323220	Acido peracetico
24323300	Acidi monocarbossilici insaturi e composti
24323310	Esteri di acido metacrilico
24323320	Esteri dell'acido acrilico
24323400	Acidi aromatici policarbossilici e carbossilici
24324000	Composti organici a funzione azotata
24324100	Composti a funzione ammina
24324200	Composti amminici a funzione ossigenata
24324300	Ureine
24324400	Composti a funzione azotata
24325000	Composti organici solfati
24326000	Aldeide, chetone, perossidi organici e eteri
24326100	Composti a funzione aldeide
24326200	Composti a funzione chetone e chinone
24326300	Perossidi organici
24326310	Ossido di etilene
24326320	Eteri
24327000	Prodotti chimici organici vari
24327100	Derivati di prodotti vegetali per la tintura
24327200	Carbone di legna
24327300	Oli e prodotti della distillazione di catrame di carbon fossile, pece e catrame di pece ottenuti ad alta temperatura
24327310	Catrame di carbon fossile
24327311	Creosoto
24327320	Pece
24327330	Catrame di pece
24327400	Prodotti resinici
24327500	Liscivie residuate dalla fabbricazione della pasta di legno
24400000	Fertilizzanti e composti azotati
24410000	Fertilizzanti azotati
24411000	Acido nitrico e sali
24411100	Nitrato di sodio
24412000	Acidi solfonitrici
24413000	Ammoniaca
24413100	Ammoniaca liquida
24413200	Cloruro di ammonio
24413300	Solfato di ammonio
24420000	Concimi fosfatici
24421000	Concimi minerali fosfatici
24422000	Fertilizzanti chimici fosfatici
24430000	Fertilizzanti animali o vegetali
24440000	Fertilizzanti vari
24450000	Prodotti chimici per l'agricoltura
24451000	Pesticidi
24452000	Insetticidi
24453000	Erbicidi
24454000	Fitoregolatori
24455000	Disinfettanti
24456000	Topicidi
24457000	Fungicidi
24500000	Materie plastiche in forme primarie
24510000	Polimeri di etilene in forme primarie
24520000	Polimeri di propilene in forme primarie
24530000	Polimeri di stirene in forme primarie
24540000	Polimeri di vinile in forme primarie
24541000	Polimeri di acetato di vinile in forme primarie
24542000	Polimeri acrilici in forme primarie
24550000	Poliesteri in forme primarie
24560000	Poliammidi in forme primarie
24570000	Resine ureiche in forme primarie
24580000	Resine amminiche in forme primarie
24590000	Siliconi in forme primarie
24600000	Esplosivi
24610000	Esplosivi preparati
24611000	Polveri propulsive
24611100	Combustibili a propergolo
24612000	Esplosivi vari
24612100	Dinamite
24612200	TNT
24612300	Nitroglicerina
24613000	Razzi di segnalazione, razzi grandinifughi, segnalazioni da nebbia e altri articoli pirotecnici
24613100	Cartucce fonoacustiche
24613200	Fuochi d'artificio
24615000	Micce di sicurezza, micce detonanti, accenditori e detonatori elettrici
24900000	Prodotti chimici fini e vari
24910000	Colle
24911000	Gelatine
24911200	Adesivi
24920000	Oli essenziali
24930000	Sostanze chimiche per uso fotografico
24931000	Lastre e pellicole fotografiche
24931200	Emulsioni ad uso fotografico
24931210	Rivelatori fotografici
24931220	Fissatori fotografici
24931230	Rivelatori per radiologia
24931240	Fissatori per radiologia
24931250	Mezzi di coltura
24931260	Intensificatori di immagini
24950000	Prodotti chimici speciali
24951000	Grassi e lubrificanti
24951100	Lubrificanti
24951110	Fanghi di perforazione
24951120	Grasso siliconico
24951130	Fluidi di perforazione
24951200	Additivi per oli
24951210	Polvere per estintori
24951220	Agenti antincendio
24951230	Cariche per estintori
24951300	Fluidi idraulici
24951310	Agenti sbrinatori
24951311	Preparazioni anticongelanti
24951400	Grassi e oli modificati chimicamente
24952000	Paste per modelli
24952100	Cere per odontoiatria
24953000	Agenti di finitura
24954000	Carbone attivato
24954100	Carbone attivato nuovo
24954200	Carbone attivato rigenerato
24955000	Gabinetti chimici
24956000	Peptoni e proteine
24957000	Additivi chimici
24957100	Leganti preparati per forme o anime da fonderia
24957200	Additivi per cementi, malte o calcestruzzi
24958000	Prodotti chimici per l'industria petrolifera e del gas
24958100	Prodotti chimici per fondo pozzo
24958200	Agenti flocculanti
24958300	Prodotti chimici per fanghi di perforazione
24958400	Ampolle di gelatina per il borraggio di esplosivi
24959000	Aerosol e prodotti chimici in forma di dischi
24959100	Aerosol
24959200	Elementi chimici in forma di dischi
24960000	Prodotti chimici vari
24961000	Fluidi per radiatori
24962000	Prodotti chimici per il trattamento dell'acqua
24963000	Prodotti anticorrosivi
24964000	Glicerina
24965000	Enzimi
30000000	Macchine per ufficio ed elaboratori elettronici, attrezzature e forniture, esclusi i mobili e i pacchetti software
30100000	Macchine per ufficio, attrezzature e forniture, esclusi i computer, le stampanti e i mobili
30110000	Macchine per trattamento testi
30111000	Elaboratori testi
30120000	Fotocopiatrici e stampanti offset
30121000	Fotocopiatrici e termocopiatrici
30121100	Fotocopiatrici
30121200	Fotocopiatrici
30121300	Attrezzatura per riproduzione
30121400	Macchine per duplicazione
30121410	Apparecchi fax-telefono
30121420	Trasmettitori digitali
30121430	Duplicatori digitali
30122000	Macchine offset per ufficio
30122100	Sistemi offset digitali
30122200	Attrezzature offset digitali
30123000	Macchine per ufficio e per uso commerciale
30123100	Obliteratrici
30123200	Distributori automatici di banconote
30123300	Duplicatori a matrici
30123400	Macchine piegatrici
30123500	Macchine perforatrici
30123600	Macchine per manipolare le monete
30123610	Macchine per selezionare le monete
30123620	Macchine per contare le monete
30123630	Macchine impacchettatrici di monete
30124000	Parti e accessori di macchine per ufficio
30124100	Fusori
30124110	Olio per fusori
30124120	Pulitori per fusori
30124130	Lampade per fusori
30124140	Tamponi di pulizia per fusori
30124150	Filtri per fusori
30124200	Kit per fusori
30124300	Tamburi per macchine per ufficio
30124400	Cartucce di punti metallici
30124500	Accessori per scanner
30124510	Endorser per scanner
30124520	Alimentatori di documenti per scanner
30124530	Adattatori di trasparenti per scanner
30125000	Parti e accessori per fotocopiatrici
30125100	Cartucce di toner
30125110	Toner per stampanti laser/apparecchi fax
30125120	Toner per fotocopiatrici
30125130	Toner per trattamento dati e centri di ricerca e documentazione
30130000	Attrezzatura per ufficio postale
30131000	Attrezzatura per ufficio corriere
30131100	Piegatrici per carta o buste
30131200	Imbustatrici
30131300	Stampatrici di indirizzi
30131400	Affrancatrici
30131500	Macchine per aprire la posta
30131600	Macchine per sigillare la posta
30131700	Macchine bollatrici
30131800	Macchine per incollare francobolli
30132000	Smistatrice
30132100	Smistatrice postale
30132200	Macchine contabanconote
30132300	Smistratrici
30133000	Attrezzatura postale
30133100	Attrezzatura per invii postali in grande quantità
30140000	Macchine calcolatrici e contabili
30141000	Macchine calcolatrici
30141100	Calcolatori tascabili
30141200	Calcolatrici da tavolo
30141300	Calcolatrici con dispositivo di stampa
30141400	Macchine per addizioni
30142000	Macchine contabili e registratori di cassa
30142100	Macchine contabili
30142200	Registratori di cassa
30144000	Macchine munite di dispositivo di calcolo
30144100	Macchine affrancatrici
30144200	Distributori automatici di biglietti
30144300	Macchine per conteggio veicoli
30144400	Pedaggio automatico
30145000	Parti e accessori di macchine calcolatrici
30145100	Rulli per calcolatrici
30150000	Macchine per scrivere
30151000	Macchine per scrivere elettroniche
30152000	Parti e accessori di macchine per scrivere
30160000	Carte magnetiche
30161000	Carte di credito
30162000	Carte intelligenti
30163000	Carte di esclusiva
30163100	Carte per il rifornimento di carburante
30170000	Macchine etichettatrici
30171000	Macchine per la stampa di date o numerazioni
30172000	Macchine per stampa di cartellini di identificazione
30173000	Macchine per applicare etichette
30174000	Macchine per produrre etichette
30175000	Attrezzature per lettering
30176000	Etichettatrici a rilievo
30177000	Sistemi automatici di etichettatura
30178000	Sistemi semiautomatici di etichettatura
30179000	Distributori di etichette
30180000	Macchine per girare e scrivere assegni
30181000	Macchine per girare assegni
30182000	Macchine per scrivere assegni
30190000	Macchinari, attrezzature e forniture varie
30191000	Attrezzature da ufficio esclusi i mobili
30191100	Attrezzature per archiviazione
30191110	Schedari rotativi
30191120	Portariviste
30191130	Portablocco con molla
30191140	Accessori per identificazione personale
30191200	Lavagne luminose
30191400	Tritacarta
30192000	Materiale per ufficio
30192100	Gomme da cancellare
30192110	Prodotti inchiostratori
30192111	Cuscinetti per timbri
30192112	Fonti di inchiostro per stampanti
30192113	Cartucce di inchiostro
30192121	Penne a sfera
30192122	Penne stilografiche
30192123	Penne a feltro
30192124	Pennarelli
30192125	Evidenziatori
30192126	Tiralinee
30192127	Portapenne
30192130	Matite
30192131	Matite con mina ricaricabile
30192132	Ricariche per matite con mina ricaricabile
30192133	Temperamatite
30192134	Portamatite
30192150	Datari
30192151	Timbri sigillo
30192152	Timbri numeratori
30192153	Timbri con testo
30192154	Ricambi per tamponi per timbri
30192155	Portatimbri da ufficio
30192160	Correttori
30192170	Bacheche
30192200	Nastri di misurazione
30192300	Nastri di inchiostro
30192310	Nastri per macchine per scrivere
30192320	Nastri per stampanti
30192330	Nastri e tamburi per calcolatrici
30192340	Nastri per apparecchi fax
30192350	Nastri per registratori di cassa
30192400	Forniture reprografiche
30192500	Trasparenti per retroproiettori
30192600	Tavolette da disegno
30192700	Cancelleria
30192800	Etichette autoadesive
30192900	Strumenti di correzione
30192910	Pellicole o nastri per correzione
30192920	Liquidi correttori
30192930	Penne per correzioni
30192940	Ricariche per penne per correzioni
30192950	Correttori elettrici
30193000	Vaschette e accessori
30193100	Vachette per cassetti di scrivanie
30193200	Vassoi e vaschette per scrivanie
30193300	Vaschette da appendere
30193400	Fermalibri
30193500	Portastampati
30193600	Sostegni per agende e calendari
30193700	Scatole per archiviazione di documentazione
30193800	Portamessaggi
30193900	Portacopie
30194000	Forniture da disegno
30194100	Squadre curve
30194200	Punti, nastri e pellicole da disegno
30194210	Punti o nastri da disegno
30194220	Pellicole da disegno
30194300	Kit, set e carte da disegno
30194310	Kit o set da disegno
30194320	Carte da disegno
30194400	Coperture per tavoli da disegno
30194500	Dispositivi di ausilio per la progettazione grafica
30194600	Goniometri
30194700	Sagome
30194800	Squadre a T e triangoli
30194810	Squadre a T
30194820	Triangoli
30194900	Coperture di protezione per le superfici di lavoro
30195000	Assi
30195100	Tavoli di progettazione o accessori
30195200	Lavagne elettroniche o accessori
30195300	Tabelle con lettere o accessori
30195400	Lavagne cancellabili a secco o accessori
30195500	Lavagne con gesso o accessori
30195600	Bacheche o accessori
30195700	Kit per pulizia di lavagne o accessori
30195800	Rotaie o supporti per sospensione
30195900	Lavagne bianche e magnetiche
30195910	Lavagne bianche
30195911	Accessori per lavagne bianche
30195912	Cavalletti per lavagne bianche
30195913	Cavalletti per lavagne a fogli
30195920	Lavagne magnetiche
30195921	Cancellini per lavagne magnetiche
30196000	Sistemi di pianificazione
30196100	Calendari per riunioni
30196200	Libretti per appuntamenti o ricariche
30196300	Cassette per suggerimenti
30197000	Attrezzatura minuta per uffici
30197100	Graffette, punte, punte da disegno
30197110	Graffette
30197120	Punte
30197130	Punte da disegno
30197200	Classificatori ad anelli e fermagli per carta
30197210	Classificatori a anelli
30197220	Fermagli per carta
30197221	Portagraffette
30197300	Tagliacarte, aggraffatrici e foratrici
30197310	Tagliacarte
30197320	Aggraffatrici
30197321	Levapunti
30197330	Foratrici
30197400	Spugne per francobolli
30197500	Ceralacca
30197510	Accessori per ceralacca
30197600	Carta e cartone trattati
30197610	Carta e cartone incollati
30197620	Carta da scrivere
30197621	Carta per lavagne a fogli
30197630	Carta da stampa
30197640	Carta autocopiante o altra carta vergatina
30197641	Carta termografica
30197642	Carta per fotocopie e carta xerografica
30197643	Carta per fotocopie
30197644	Carta xerografica
30197645	Cartone per stampa
30198000	Macchine per lotterie
30198100	Slot machine
30199000	Articoli di cancelleria ed altri articoli di carta
30199100	Carta carbone, carta autocopiante, carta per duplicatori a ciclostile e carta da copia senza carbone
30199110	Carta carbone
30199120	Carta autocopiante
30199130	Carta da copia senza carbone
30199140	Carta per duplicatori a ciclostile
30199200	Buste, biglietti postali e cartoline postali
30199210	Biglietti postali
30199220	Cartoline
30199230	Buste
30199240	Kit per spedizioni
30199300	Carta goffrata o perforata
30199310	Carta da stampa goffrata o perforata
30199320	Carta da lettere goffrata o perforata
30199330	Carta a soffietto per stampanti
30199340	Moduli continui
30199400	Carta gommata o adesiva
30199410	Carta autoadesiva
30199500	Classificatori verticali, vaschette per la posta, scatoloni e articoli simili
30199600	Divisori per cancelleria
30199700	Articoli di cancelleria stampati, esclusi i moduli
30199710	Buste stampate
30199711	Buste con finestra stampate
30199712	Buste senza finestra stampate
30199713	Buste per radiografie stampate
30199720	Carta da lettere
30199730	Biglietti da visita
30199731	Porta biglietti da visita
30199740	Biglietti di ringraziamento
30199750	Tagliandi
30199760	Etichette
30199761	Etichette con codice a barre
30199762	Etichette per bagagli
30199763	Etichette antifurto
30199770	Buoni pasto
30199780	Cartelle sottomano
30199790	Orari
30199791	Programmi murali
30199792	Calendari
30199793	Porta agende
30200000	Apparecchiature informatiche e forniture
30210000	Macchine per l'elaborazione di dati (hardware)
30211000	Unità centrale di elaborazione
30211100	Supercomputer
30211200	Circuiteria per unità centrale
30211300	Piattaforme informatiche
30211400	Configurazioni informatiche
30211500	Unità centrali di elaborazione (CPU) o processori
30212000	Circuiteria per minicomputer
30212100	Unità centrali per minicomputer
30213000	Computer personali
30213100	Computer portatili
30213200	Computer modello tablet
30213300	Computer modello desktop
30213400	Unità centrali per computer personali
30213500	Computer da tasca
30214000	Stazioni di lavoro
30215000	Circuiteria per microcomputer
30215100	Unità centrali per microcomputer
30216000	Lettori ottici o magnetici
30216100	Lettori ottici
30216110	Scanner per uso informatico
30216120	Dispositivi per il riconoscimento ottico di caratteri
30216130	Lettori di codici a barre
30216200	Lettori di schede magnetiche
30216300	Lettori di schede perforate
30220000	Attrezzatura per cartografia digitale
30221000	Mappe catastali digitali
30230000	Apparecchiature informatiche
30231000	Schermi per computer e console
30231100	Terminali informatici
30231200	Console
30231300	Schermi di visualizzazione
30231310	Display a schermo piatto
30231320	Monitor con schermo attivabile al tatto
30232000	Apparecchiature periferiche
30232100	Stampanti e tracciatori
30232110	Stampanti laser
30232120	Stampanti a matrice
30232130	Stampanti grafiche a colori
30232140	Tracciatori
30232150	Stampanti a getto d'inchiostro
30232600	Codificatori
30232700	Unità di controllo centrale
30233000	Dispositivi di stoccaggio e lettura di dati
30233100	Unità di memoria informatica
30233110	Unità di memoria a scheda magnetica
30233120	Unità di memoria a nastro magnetico
30233130	Unità di memoria a disco magnetico
30233131	Unità a dischi flessibili
30233132	Unità a dischi rigidi
30233140	Unità di memoria ad accesso diretto
30233141	Sistemi RAID (Redundant Array of Independent Disk)
30233150	Unità per dischi ottici
30233151	Lettori e/o masterizzatori di CD
30233152	Lettori e/o masterizzatori di DVD
30233153	Lettori e/o masterizzatori di CD e di DVD
30233160	Svolgitori in continuo
30233161	Dispositivi di manipolazione cassette
30233170	Dispositivi a caricatore circolare
30233180	Dispositivi di stoccaggio con memoria flash
30233190	Controllore di dischi
30233300	Lettori di smart carD
30233310	Lettori di impronte digitali
30233320	Lettori combinati di smart card e di impronte digitali
30234000	Supporti di memorizzazione
30234100	Dischi magnetici
30234200	Dischi ottici
30234300	Compact disc (CD)
30234400	DVD
30234500	Strumenti di stoccaggio di memoria
30234600	Memorie flash
30234700	Nastri magnetici
30236000	Apparecchiatura informatica varia
30236100	Dispositivi di espansione memoria
30236110	Memorie RAM
30236111	Memorie DRAM
30236112	Memorie SRAM
30236113	Memorie SDRAM
30236114	Memorie RDRAM
30236115	Memorie SGRAM
30236120	Memorie ROM
30236121	Memorie PROM
30236122	Memorie EPROM
30236123	Memorie EEPROM
30236200	Dispositivi per l'elaborazione dati
30237000	Parti, accessori e forniture per computer
30237100	Parti di computer
30237110	Interfacce di rete
30237120	Porte logiche per elaboratori
30237121	Porte seriali a infrarossi
30237130	Schede per elaboratori
30237131	Schede elettroniche
30237132	Interfacce USB
30237133	Adattatori e interfacce PCMCIA
30237134	Schede grafiche acceleratrici
30237135	Schede per interfacce di rete
30237136	Schede audio
30237140	Schede madri
30237200	Accessori per computer
30237210	Schermi antiriflesso
30237220	Tappetini per mouse
30237230	Memorie di transito
30237240	Web camera
30237250	Accessori per la pulizia di computer
30237251	Kit per la pulizia di computer
30237252	Dispositivi ad aria compressa per eliminare la polvere
30237253	Coperture antipolvere per attrezzature informatiche
30237260	Staffe per montaggio di monitor a muro
30237270	Valigette per computer portatili
30237280	Accessori per alimentazione elettrica
30237290	Poggiapolsi per tastiere
30237295	Mascherine per tastiere
30237300	Forniture per computer
30237310	Cartucce di caratteri per stampanti
30237320	Dischetti
30237330	Cartucce DAT
30237340	Cartucce DLT
30237350	Cartucce dati
30237360	Cartucce LTO
30237370	Cartucce di registrazione
30237380	Cd-Rom
30237400	Accessori per inserimento dati
30237410	Mouse per computer
30237420	Joystick
30237430	Penne luminose
30237440	Track ball
30237450	Tavolette grafiche
30237460	Tastiere per elaboratori
30237461	Tastiere programmabili
30237470	Tastiere Braille
30237475	Sensori elettrici
30237480	Unità di ingresso
30238000	Apparecchiatura per automazione biblioteca
31000000	Macchine e apparecchi, attrezzature e articoli di consumo elettrici; illuminazione
31100000	Motori, generatori e trasformatori elettrici
31110000	Motori elettrici
31111000	Adattatori
31120000	Generatori
31121000	Gruppi generatori
31121100	Gruppi generatori con motori ad accensione per compressione
31121110	Convertitori di potenza
31121111	Convertitori rotanti elettrici
31121200	Gruppi generatori con motore ad accensione a scintilla
31121300	Generatori di energia eolica
31121310	Mulini a vento
31121320	Turbine eoliche
31121330	Generatori a turbine eoliche
31121331	Rotori di turbina
31121340	Centrale eolica
31122000	Gruppi elettrogeni
31122100	Pile a combustibile
31124000	Generatore a turbina a vapore e relative apparecchiature
31124100	Gruppi di generatori a turbina
31124200	Apparecchi di controllo per generatori a turbina
31126000	Dinamo
31127000	Generatore di emergenza
31128000	Turbogeneratore
31130000	Alternatori
31131000	Motori monofase
31131100	Attuatori
31131200	Anodi
31132000	Motori polifase
31140000	Torri di raffreddamento
31141000	Raffreddatori d'acqua
31150000	Resistenze per lampade o tubi a scarica
31151000	Convertitori statici
31153000	Raddrizzatori
31154000	Alimentatori continui
31155000	Invertitori
31156000	Alimentatori discontinui
31157000	Induttori
31158000	Caricatori
31158100	Caricatori di batteria
31158200	Supercaricatori
31158300	Turbocaricatori
31160000	Parti di motori elettrici, generatori e trasformatori
31161000	Parti di motori elettrici e generatori
31161100	Sistemi di eccitazione
31161200	Sistemi di raffreddamento di gas
31161300	Rotori di generatori
31161400	Sistemi di acqua primaria
31161500	Sistemi ad olio di tenuta
31161600	Sistemi di raffreddamento ad acqua per statori
31161700	Parti di generatori di vapore
31161800	Parti di generatori di gas
31161900	Sistemi di regolazione di tensione
31162000	Parti di trasformatori, induttori e convertitori statici
31162100	Parti di condensatori
31170000	Trasformatori
31171000	Trasformatori a dielettrico liquido
31172000	Trasformatori di potenza
31173000	Trasformatore di misura
31174000	Trasformatori per alimentazione elettrica
31200000	Apparecchiature per la distribuzione e il controllo dell'energia elettrica
31210000	Dispositivi di interruzione o protezione dei circuiti elettrici
31211000	Quadri di distribuzione e scatole di fusibili
31211100	Quadri di distribuzione elettrica
31211110	Pannelli di controllo
31211200	Scatole di fusibili
31211300	Fusibili
31211310	Disgiuntori
31211320	Blocchi per fusibili
31211330	Cavi per fusibili
31211340	Pinze per fusibili
31212000	Interruttori automatici
31212100	Interruttori automatici aerei
31212200	Provacircuiti
31212300	Disgiuntori magnetici
31212400	Disgiuntori in miniatura
31213000	Attrezzatura di distribuzione
31213100	Scatole di distribuzione
31213200	Trasformatori di distribuzione
31213300	Armadi di distribuzione via cavo
31213400	Sistema di distribuzione
31214000	Commutatori
31214100	Interruttori
31214110	Sezionatori
31214120	Interruttore a terra
31214130	Interruttori di sicurezza
31214140	Regolatori di intensità luminosa
31214150	Interruttori a tamburo
31214160	Interruttori a pressione
31214170	Interruttori a ginocchiera
31214180	Interruttori a scorrimento
31214190	Interruttori di finecorsa
31214200	Interruttore-sezionatore
31214300	Impianti di commutazione esterni
31214400	Sezionatore-interruttore fusibile
31214500	Quadri di comando elettrici
31214510	Quadri di distribuzione
31214520	Quadri a media tensione
31215000	Limitatori di tensione
31216000	Scaricatori
31216100	Apparecchiature di protezione contro i fulmini
31216200	Parafulmini
31217000	Soppressori di transienti
31218000	Barre omnibus
31219000	Unità di protezione
31220000	Componenti di circuiti elettrici
31221000	Relè elettrici
31221100	Relè di potenza
31221200	Relè per usi comuni
31221300	Relè con zoccolo
31221400	Relè a tensione alternata
31221500	Relè a mercurio
31221600	Relè a tempo
31221700	Relè di sovraccarico
31223000	Portalampade
31224000	Elementi di connessione e contatto
31224100	Spine e prese
31224200	Connettori coassiali
31224300	Scatole di connessione
31224400	Cavi di connessione
31224500	Terminali
31224600	Graduatori
31224700	Scatole di raccordo
31224800	Kit di raccordo di cavi
31224810	Cavi di estensione
31230000	Parti di apparecchiature per la distribuzione e il controllo dell'energia elettrica
31300000	Fili e cavi isolati
31310000	Condotte
31311000	Connessioni per linee di alimentazione
31320000	Cavi per la distribuzione di energia elettrica
31321000	Linee di alimentazione elettrica
31321100	Linee elettriche aeree
31321200	Cavi a bassa e media tensione
31321210	Cavi a bassa tensione
31321220	Cavi a media tensione
31321300	Cavi ad alta tensione
31321400	Cavi subacquei
31321500	Cavi sottomarini
31321600	Cavi schermati
31321700	Cavi per segnalamento
31330000	Cavi coassiali
31340000	Accessori per cavi, isolati
31341000	Bobine di cavi, isolate
31342000	Diramazioni di cavi, isolate
31343000	Giunti per cavi, isolati
31344000	Premistoppa per cavi, isolata
31350000	Conduttori elettrici per trasmissione dati e segnali di controllo
31351000	Conduttori elettrici per sistemi di controllo accesso
31400000	Accumulatori, pile e batterie primarie
31410000	Pile primarie
31411000	Batterie alkaline
31420000	Batterie primarie
31421000	Batterie al piombo
31422000	Pacchetti di batterie
31430000	Accumulatori elettrici
31431000	Accumulatori piombo-acido
31432000	Accumulatori nichel-cadmio
31433000	Accumulatori nichel-ferro
31434000	Accumulatori al litio
31440000	Batterie
31500000	Apparecchi di illuminazione e lampade elettriche
31510000	Lampade elettriche a incandescenza
31511000	Fari sigillati
31512000	Lampade ad incandescenza ad alogeni
31512100	Lampade alogene, lineari
31512200	Lampade alogene, bispina
31512300	Lampade alogene, dicroiche
31514000	Lampade a scarica
31515000	Lampade a radiazione ultravioletta
31516000	Lampade a radiazione infrarossa
31517000	Lampade ad arco
31518000	Luci di segnalazione
31518100	Proiettori per illuminazione di esterni
31518200	Apparecchi di illuminazione di emergenza
31518210	Lampade di emergenza
31518220	Barre luminose
31518300	Apparecchi di illuminazione per tetto
31518500	Lampade a vapore di mercurio
31518600	Fari di ricerca
31519000	Lampade a incandescenza e neon
31519100	Lampade a incandescenza
31519200	Lampade neon
31520000	Lampade ed accessori per illuminazione
31521000	Lampade
31521100	Lampade da scrivania
31521200	Apparecchi di illuminazione a piedistallo
31521300	Lampade elettriche portatili
31521310	Spie luminose
31521320	Torce
31521330	Lampade elettriche portatili ricaricabili
31522000	Ghirlande luminose per alberi di Natale
31523000	Insegne e targhette luminose
31523100	Insegne luminose al neon
31523200	Segnali a messaggio fisso
31523300	Targhette luminose
31524000	Apparecchi per illuminazione da soffitto o da parete
31524100	Apparecchi per illuminazione da soffitto
31524110	Lampade per sale operatorie
31524120	Plafoniere
31524200	Accessori per illuminazione da parete
31524210	Lampade da parete
31527000	Riflettori
31527200	Illuminazione per esterni
31527210	Lanterne
31527260	Congegni per l'illuminazione
31527270	Illuminazione per piattaforme
31527300	Lampade per uso domestico
31527400	Luci subacquee
31530000	Parti di lampade e apparecchi di illuminazione
31531000	Lampadine
31531100	Lampade e tubi fluorescenti
31532000	Parti di lampade e plafoniere
31532100	Lampade tubolari
31532110	Lampade tubolari fluorescenti
31532120	Lampade tubolari fluorescenti compatte
31532200	Lampade anulari
31532210	Lampade anulari fluorescenti
31532300	Lampade sferiche
31532310	Lampade sferiche fluorescenti compatte
31532400	Attacchi per lampade
31532500	Alimentatori di lampade
31532510	Alimentatori per lampade fluorescenti
31532600	Reattori per lampade
31532610	Reattori per lampade fluorescenti
31532700	Coprilampade
31532800	Bracci per lampade
31532900	Lampade fluorescenti
31532910	Tubi fluorescenti
31532920	Lampadine e lampade fluorescenti
31600000	Attrezzature e apparecchiature elettriche
31610000	Apparecchi elettrici per motori e veicoli
31611000	Cablaggi
31612000	Componenti di circuiti elettrici per motori
31612200	Motori d'avviamento
31612300	Apparecchi elettrici di segnalazione per motori
31612310	Lampeggiatori
31620000	Apparecchi elettrici per segnalazione acustica o visiva
31625000	Allarmi antifurto e antincendio
31625100	Sistemi di rivelazione d'incendio
31625200	Sistemi di allarme antincendio
31625300	Sistemi antifurto
31630000	Magneti
31640000	Macchine ed apparecchi aventi funzioni specifiche
31642000	Apparecchi rivelatori elettronici
31642100	Rivelatori di tubazioni metalliche
31642200	Rivelatori di mine
31642300	Rivelatori di materie plastiche
31642400	Rivelatori di oggetti non metallici
31642500	Rivelatori di oggetti di legno
31643000	Acceleratori di particelle
31643100	Acceleratori lineari
31644000	Registratori di dati vari
31645000	Flipper
31650000	Accessori per isolazione
31651000	Nastro isolante
31660000	Elettrodi di carbonio
31670000	Parti di apparecchi e macchinari elettrici
31671000	Involucri in vetro e tubi catodici
31671100	Involucri di vetro
31671200	Tubi catodici
31680000	Apparecchi ed accessori elettrici
31681000	Accessori elettrici
31681100	Contatti elettrici
31681200	Pompe elettriche
31681300	Circuiti elettrici
31681400	Componenti elettrici
31681410	Attrezzature elettriche
31681500	Ricaricatori
31682000	Articoli elettrici
31682100	Scatole elettriche
31682110	Coperchi per scatole elettriche
31682200	Quadri di strumenti
31682210	Apparecchiatura di controllo e strumentazione
31682220	Quadri di missaggio
31682230	Pannelli a schermo grafico
31682300	Apparecchiature a media tensione
31682310	Pannelli a media tensione
31682400	Apparecchiature elettriche aeree
31682410	Supporti per cavi aerei
31682500	Apparecchiature elettriche di emergenza
31682510	Sistemi di alimentazione di emergenza
31682520	Sistemi di arresto di emergenza
31682530	Materiale per alimentazione elettrica di emergenza
31682540	Apparecchiature per sottostazione
31700000	Materiale elettronico, elettromeccanico ed elettrotecnico
31710000	Apparecchiatura elettronica
31711000	Materiale elettronico
31711100	Componenti elettronici
31711110	Ricetrasmettitori
31711120	Trasduttori
31711130	Resistori
31711131	Resistenze elettriche
31711140	Elettrodi
31711150	Condensatori elettrici
31711151	Condensatori fissi
31711152	Condensatori variabili o regolabili
31711154	Batterie di condensatori
31711155	Reti di condensatori
31711200	Tabelloni segnapunti elettronici
31711300	Sistemi di cronometraggio elettronici
31711310	Sistema di registrazione delle presenze
31711400	Valvole e tubi elettronici
31711410	Tubi a raggi catodici per televisori
31711411	Tubi di ripresa televisivi
31711420	Apparecchiature e tubi a microonde
31711421	Magnetron
31711422	Apparecchiature a microonde
31711423	Apparecchiature radio a microonde
31711424	Clistroni
31711430	Valvole elettriche
31711440	Valvole e tubi ricevitori o amplificatori
31711500	Parti di assemblaggi elettronici
31711510	Parti di condensatori elettrici
31711520	Parti di resistenze elettriche, reostati e potenziometri
31711530	Parti di valvole e tubi elettronici
31712000	Macchinari, apparecchiature e microsistemi microelettronici
31712100	Macchinari e apparecchiature microelettronici
31712110	Circuiti elettronici integrati e microassemblaggi
31712111	Schede telefoniche
31712112	Schede SIm
31712113	Schede a circuiti integrati
31712114	Circuiti elettronici integrati
31712115	Microassemblaggi
31712116	Microprocessori
31712117	Pacchetti di circuiti integrati
31712118	Zoccoli o supporti per circuiti integrati
31712119	Coperchi di circuiti integrati
31712200	Microsistemi
31712300	Circuiti stampati
31712310	Schede di circuiti stampati corredate
31712320	Schede di circuiti stampati non corredate
31712330	Semiconduttori
31712331	Celle fotovoltaiche
31712332	Tiristori
31712333	Diac
31712334	Triac
31712335	Isolatori ottici accoppiati
31712336	Oscillatori al cristallo
31712340	Diodi
31712341	Diodi elettroluminescenti
31712342	Diodi per microonde o a piccoli segnali
31712343	Diodi Zener
31712344	Diodi Schottky
31712345	Diodi tunnel
31712346	Diodi fotosensibili
31712347	Diodi di potenza o solari
31712348	Diodi laser
31712349	Diodi a radiofrequenza (RF)
31712350	Transistor
31712351	Transistor fotosensibili
31712352	Transistor a effetto di campo (FET)
31712353	Transistor ad effetto di campo di tipo metallo-ossido-semiconduttore (MOSFET)
31712354	Chip per transistor
31712355	Transistor bipolari darlington o a radiofrequenza (RF)
31712356	Transistor unigiunzione
31712357	Transistor bipolare con gate isolato (IGBT)
31712358	Transistor a effetto di campo a giunzione (JFET)
31712359	Transisto bipolare a giunzione (BJT)
31712360	Cristalli piezoelettrici montati
31720000	Apparecchiatura elettromeccanica
31730000	Apparecchiatura elettrotecnica
31731000	Materiale elettrotecnico
31731100	Moduli elettronici
32000000	Attrezzature per radiodiffusione, televisione, comunicazione, telecomunicazione e affini
32200000	Apparecchi trasmittenti per radiotelefonia, radiotelegrafia, radiodiffusione e televisione
32210000	Apparecchiature per radiotelediffusione
32211000	Apparecchiature per produzioni radiotelevisive
32220000	Apparecchi di trasmissione televisivi senza apparecchi di ricezione
32221000	Radiofari
32222000	Apparecchi per la codificazione di segnali video
32223000	Apparecchi di videotrasmissione
32224000	Apparecchi di trasmissione televisivi
32230000	Apparecchi di radiotrasmissione con apparecchi di ricezione
32231000	Sistemi televisivi a circuito chiuso
32232000	Apparecchiature per videoconferenze
32233000	Stazioni amplificatrici di frequenze radio
32234000	Telecamere a circuito chiuso
32235000	Sistema di sorveglianza a circuito chiuso
32236000	Radiotelefoni
32237000	Walkie-talkie
32240000	Telecamere
32250000	Telefoni portatili
32251000	Telefoni per automobili
32251100	Kit mani libere
32252000	Telefoni GSM
32252100	Telefoni mobili mani libere
32252110	Telefoni mobili mani libere (senza fili)
32260000	Apparecchiature per la trasmissione di dati
32270000	Apparecchi di trasmissione digitale
32300000	Ricevitori radiofonici e televisivi e apparecchi per la registrazione o la riproduzione del suono o dell'immagine
32310000	Apparecchi riceventi per la radiodiffusione
32320000	Apparecchiature audiovisive e televisive
32321000	Apparecchiature di proiezione televisiva
32321100	Apparecchiature video e cinematografiche
32321200	Apparecchiature audiovisive
32321300	Materiale audiovisivo
32322000	Attrezzature multimediali
32323000	Schermi video
32323100	Monitor a colori
32323200	Monitor monocromatici
32323300	Apparecchiature video
32323400	Apparecchiature di riproduzione video
32323500	Sistema di videosorveglianza
32324000	Televisori
32324100	Televisori a colori
32324200	Televisori monocromatici
32324300	Apparecchiature televisive
32324310	Antenne satellitari
32324400	Antenne televisive
32324500	Sintonizzatori video
32324600	Decoder per TV digitale
32330000	Apparecchi per registrazione e riproduzione di suoni e immagini
32331000	Piatti per fonografi
32331100	Giradischi
32331200	Mangianastri
32331300	Apparecchi per la riproduzione del suono
32331500	Registratori
32331600	Lettori MP3
32332000	Registratori a nastri magnetici
32332100	Dittafoni
32332200	Segreterie telefoniche
32332300	Registratori di suono
32333000	Apparecchi per la registrazione e la riproduzione di immagini
32333100	Videoregistratori
32333200	Videocamere
32333300	Apparecchi di videoriproduzione
32333400	Videoriproduttori
32340000	Microfoni e altoparlanti
32341000	Microfoni
32342000	Altoparlanti
32342100	Cuffie
32342200	Auricolari
32342300	Microfoni e set di altoparlanti
32342400	Dispositivi acustici
32342410	Apparecchiature sonore
32342411	Minialtoparlanti
32342412	Casse amplificatori
32342420	Tavolo di missaggio
32342430	Sistema di compressione dei segnali vocali
32342440	Sistema di posta vocale
32342450	Registratori di messaggi vocali
32343000	Amplificatori
32343100	Amplificatori di frequenze audio
32343200	Megafoni
32344000	Apparecchi riceventi per radiotelefonia o radiotelegrafia
32344100	Cercapersone
32344110	Sistema di registrazione vocale
32344200	Ricevitori radiofonici
32344210	Apparecchiature radiofoniche
32344220	Cercapersone radiofonici
32344230	Stazioni radiofoniche
32344240	Torri radio
32344250	Installazioni radiofoniche
32344260	Apparecchiature multiplex e radiofoniche
32344270	Sistemi di controllo radiofonici e telefonici
32344280	Radio portatili
32350000	Parti di apparecchiature audio e video
32351000	Accessori di apparecchiature audio e video
32351100	Apparecchiature di montaggio video
32351200	Schermi
32351300	Accessori per attrezzature audio
32351310	Audiocassette
32352000	Antenne e riflettori
32352100	Parti di apparecchiature radar e radiofoniche
32352200	Parti di ricambio e accessori per radar
32353000	Registrazioni fonografiche
32353100	Dischi audio
32353200	Cassette musicali
32354000	Prodotti di pellicola
32354100	Pellicole radiologiche
32354110	Pellicole radiografiche
32354120	Pellicole diazoiche
32354200	Pellicole cinematografiche
32354300	Pellicole fotografiche
32354400	Pellicole a sviluppo istantaneo
32354500	Pellicole video
32354600	Videocassette
32354700	Videonastri
32354800	Pellicola retrattile
32360000	Interfoni
32400000	Network
32410000	Rete locale
32411000	Rete a gettone circolante
32412000	Rete di comunicazioni
32412100	Rete di telecomunicazioni
32412110	Internet
32412120	Intranet
32413000	Rete integrata
32413100	Router di rete
32415000	Rete Ethernet
32416000	Rete ISDN
32416100	Rete ISDX
32417000	Reti multimediali
32418000	Rete radiofonica
32420000	Apparecchiature di rete
32421000	Cablaggio di rete
32422000	Componenti di rete
32423000	Concentratori di rete
32424000	Infrastruttura di rete
32425000	Sistema operativo di rete
32426000	Sistema di editoria di rete
32427000	Sistema di rete
32428000	Estensione di rete
32429000	Apparecchiatura di rete telefonica
32430000	Rete ad estensione geografica
32440000	Apparecchiature per terminali e telemetria
32441000	Apparecchiature per telemetria
32441100	Sistema di monitoraggio per telemetria
32441200	Apparecchiature di controllo e telemetria
32441300	Sistema telematico
32442000	Apparecchiature terminali
32442100	Quadri terminali
32442200	Scatole terminali
32442300	Emulatori terminali
32442400	Blocchi di terminazione
32500000	Materiali per telecomunicazioni
32510000	Sistema di telecomunicazioni senza fili
32520000	Apparecchiature e cavi per telecomunicazioni
32521000	Cavi per telecomunicazioni
32522000	Apparecchiature per telecomunicazioni
32523000	Impianti per telecomunicazioni
32524000	Sistema di telecomunicazioni
32530000	Apparecchiature del tipo usato per comunicazioni via satellite
32531000	Apparecchiature per comunicazioni via satellite
32532000	Antenne paraboliche
32533000	Stazioni terrestri per satelliti
32534000	Piattaforme per satelliti
32540000	Quadri di comando
32541000	Apparecchiature per quadri di distribuzione
32542000	Pannelli per quadri di distribuzione
32543000	Quadri di commutazione telefonica
32544000	Apparecchiature PABX
32545000	Sistemi PABX
32546000	Apparecchiature di commutazione digitale
32546100	Quadri di distribuzione digitale
32547000	Commutatori telefonici sotto vuoto
32550000	Apparecchiature telefoniche
32551000	Cavi telefonici e attrezzature connesse
32551100	Connessioni telefoniche
32551200	Centralini telefonici
32551300	Cuffie telefoniche
32551400	Rete telefonica
32551500	Cavi telefonici
32552000	Apparecchi elettrici per telegrafia o telefonia via cavo
32552100	Apparecchi telefonici
32552110	Telefoni senza filo
32552120	Telefoni di emergenza
32552130	Telefoni pubblici
32552140	Apparecchiature per telefoni pubblici a pagamento
32552150	Telefoni per ipovedenti
32552160	Telefoni per ipoudenti
32552200	Telestampanti
32552300	Commutatori telefonici o telegrafici
32552310	Centralini telefonici digitali
32552320	Multiplatori
32552330	Apparecchi per la commutazione telefonica
32552400	Apparecchi di conversione dei segnali di frequenza audio
32552410	Modem
32552420	Convertitori di frequenza
32552430	Apparecchi di codificazione
32552500	Apparecchi teletext
32552510	Terminali videotext
32552520	Telescriventi
32552600	Citofoni
32553000	Parti di apparecchi elettrici per la telegrafia o la telefonia
32560000	Materiali a fibre ottiche
32561000	Connessioni a fibre ottiche
32562000	Cavi a fibre ottiche
32562100	Cavi a fibre ottiche per trasmissione di informazioni
32562200	Cavi a fibre ottiche per telecomunicazioni
32562300	Cavi a fibre ottiche per trasmissione dati
32570000	Apparecchiature per comunicazioni
32571000	Infrastrutture per comunicazioni
32572000	Cavi per comunicazioni
32572100	Cavo per comunicazioni con conduttori elettrici multipli
32572200	Cavo per comunicazioni con conduttori coassiali
32572300	Cavo per comunicazioni per applicazioni speciali
32573000	Sistema di controllo per comunicazioni
32580000	Apparecchiature per dati
32581000	Apparecchiature di trasmissione dati
32581100	Cavo per la trasmissione di dati
32581110	Cavo per la trasmissione di dati con conduttori elettrici multipli
32581120	Cavo per la trasmissione di dati con conduttori coassiali
32581130	Cavo per la trasmissione di dati per applicazioni speciali
32581200	Attrezzature per fax
32581210	Accessori e componenti per attrezzature per fax
32582000	Supporti dati
32583000	Supporti dati e segnali vocali
32584000	Mezzi di supporto dati
33000000	Apparecchiature mediche, prodotti farmaceutici e per la cura personale
33100000	Apparecchiature mediche
33110000	Immaginografia ad uso medico, dentistico e veterinario
33111000	Apparecchi radiologici
33111100	Tavolo per esami radiologici
33111200	Stazioni radiologiche
33111300	Sviluppatrici radiologiche
33111400	Fluoroscopi
33111500	Materiale per radiografie dentarie
33111600	Apparecchi per radiografie
33111610	Impianto a risonanza magnetica
33111620	Macchine gamma
33111640	Termografi
33111650	Apparecchi per mammografia
33111660	Densitometri ossei
33111700	Sala di angiografia
33111710	Presidi per angiografia
33111720	Apparecchi per angiografia
33111721	Apparecchi per angiografia numerica
33111730	Presidi per angioplastica
33111740	Apparecchi per angioplastica
33111800	Sistema di diagnosi radiologica
33112000	Ecografi, ultrasonografi e apparecchi doppler
33112100	Rilevatore cardiaco a ultrasuoni
33112200	Impianto a ultrasuoni
33112300	Scanner a ultrasuoni
33112310	Doppler a colori
33112320	Apparecchiatura doppler
33112330	Ecoencefalografi
33112340	Ecocardiografi
33113000	Apparecchiature per immaginografia a risonanza magnetica
33113100	Scanner a risonanza magnetica
33113110	Scanner a risonanza magnetica nucleare
33114000	Apparecchi per spettroscopia
33115000	Apparecchi per tomografia
33115100	Scanner CT
33115200	Scanner CAT
33120000	Sistemi di registrazione e dispositivi di esplorazione
33121000	Sistema di registrazione ambulatoriale di lungo periodo
33121100	Elettroencefalografi
33121200	Apparecchi per scintigrafia
33121300	Elettromiografi
33121400	Audiometri
33121500	Elettrocardiogramma
33122000	Attrezzature per oftalmologia
33123000	Apparecchi cardiovascolari
33123100	Tensiometri
33123200	Elettrocardiografi
33123210	Apparecchi di controllo delle funzioni cardiache
33123220	Apparecchi per angiografia delle coronarie
33123230	Cardiografi
33124000	Apparecchi e presidi per diagnostica e radiodiagnostica
33124100	Apparecchi diagnostici
33124110	Sistemi diagnostici
33124120	Apparecchi a ultrasuoni per uso diagnostico
33124130	Presidi diagnostici
33124131	Strisce reattive
33124200	Apparecchi per radiodiagnostica
33124210	Presidi radiodiagnostici
33125000	Apparecchi per controlli urologici
33126000	Apparecchi per stomatologia
33127000	Apparecchi per immunoanalisi
33128000	Laser medico per usi diversi dalla chirurgia
33130000	Strumenti e dispositivi odontoiatrici e di sottospecialità
33131000	Strumenti portatili odontoiatrici
33131100	Strumenti chirurgici odontoiatrici
33131110	Tenaglie, spazzole, divaricatori e brunitori odontoiatrici
33131111	Tenaglie odontoiatriche
33131112	Spazzole odontoiatriche operative
33131113	Divaricatori odontoiatrici
33131114	Brunitori odontoiatrici
33131120	Strumenti di criochirurgia odontoiatrica, sonde, elevatori e scavatori
33131121	Strumenti di criochirurgia odontoiatrica
33131122	Sonde di profondità odontoiatriche
33131123	Elevatori odontoiatrici
33131124	Escavatori odontoiatrici
33131130	Proteggidita e forcipi odontoiatrici
33131131	Proteggidita odontoiatrici
33131132	Forcipi odontoiatrici
33131140	Specchietti e alesatori odontoiatrici
33131141	Specchietti odontoiatrici
33131142	Alesatori odontoiatrici
33131150	Strumenti odontoiatrici per trattamento delle radici, strumenti per detartrasi e detartrasi
33131151	Estrattori di radici dentarie
33131152	Strumenti per detartrasi odontoiatrica
33131153	Detartrasi odontoiatrica
33131160	Forbici e bisturi odontoiatrici
33131161	Forbici odontoiatriche
33131162	Bisturi odontoiatrici
33131170	Spatole, pinzette e modellatori di cera odontoiatrici
33131171	Spatole odontoiatriche
33131172	Pinzette odontoiatriche
33131173	Modellatori di cera odontoiatrica
33131200	Aghi per suture odontoiatriche
33131300	Materiale odontoiatrico monouso
33131400	Sonde odontoiatriche
33131500	Strumenti per estrazione odontoiatrica
33131510	Trapani odontoiatrici
33131600	Strumenti per otturazione odontoiatrica
33132000	Impianti dentari
33133000	Materiale per impronte dentarie
33134000	Materiale per endodonzia
33135000	Apparecchi ortodontici
33136000	Mole e frese odontoiatriche
33137000	Materiale per profilassi dentaria
33138000	Prodotti per protesi dentarie e ortodonzia
33138100	Dentiere
33140000	Materiali medici
33141000	Materiali medici non chimici di consumo monouso e materiale di consumo ematologico
33141100	Fasciature, grappette, suture, legature
33141110	Materiale per fasciatura
33141111	Fasciatura adesiva
33141112	Cerotti
33141113	Materiale di fasciatura
33141114	Garza per medicazione
33141115	Ovatte per uso medico
33141116	Compresse sigillate
33141117	Ovatta
33141118	Compresse detergenti
33141119	Compresse
33141120	Grappette, suture, legature
33141121	Suture chirurgiche
33141122	Grappette chirurgiche
33141123	Contenitori per materiale aguzzo usato
33141124	Protezioni per strumenti affilati
33141125	Materiale per suture chirurgiche
33141126	Legature
33141127	Emostatici riassorbibili
33141128	Aghi di sutura
33141200	Cateteri
33141210	Cateteri a pallone
33141220	Cannule
33141230	Dilatatori
33141240	Accessori per cateteri
33141300	Apparecchi per puntura e prelievo di sangue
33141310	Siringhe
33141320	Aghi per uso medico
33141321	Aghi per anestesia
33141322	Aghi per arterie
33141323	Aghi per biopsia
33141324	Aghi per dialisi
33141325	Aghi fistola
33141326	Aghi per procedure radiologiche
33141327	Aghi a farafalla
33141328	Aghi epidurali
33141329	Aghi per amniocentesi
33141400	Tagliafilo e bisturi, guanti chirurgici
33141410	Tagliafilo e bisturi
33141411	Bisturi e lame
33141420	Guanti chirurgici
33141500	Materiale di consumo ematologico
33141510	Emoderivati
33141520	Plasmaderivati
33141530	Coagulanti
33141540	Albumina
33141550	Eparina
33141560	Organi umani
33141570	Sangue umano
33141580	Sangue animale
33141600	Recipienti e sacche di raccolta, materiale di drenaggio
33141610	Sacche di raccolta
33141613	Sacche per il sangue
33141614	Sacche per plasma
33141615	Sacchetti per l'urina
33141620	Kit sanitari
33141621	Prodotti per l'incontinenza
33141622	Materiale di prevenzione AIDS
33141623	Cassette di pronto soccorso
33141624	Materiale di somministrazione
33141625	Materiale diagnostico
33141626	Materiale di dosaggio
33141630	Filtri di plasma sanguigno
33141640	Tubi di drenaggio
33141641	Sonde
33141642	Accessori di drenaggio
33141700	Materiale ortopedico
33141710	Grucce
33141720	Ausili per la deambulazione
33141730	Collari ortopedici
33141740	Calzature ortopediche
33141750	Articolazioni artificiali
33141760	Stecche
33141770	Apparecchi per fratture, punte e piastre
33141800	Materiale di consumo odontoiatrico
33141810	Prodotti per l'otturazione dentaria
33141820	Denti
33141821	Denti in porcellana
33141822	Denti in resina acrilica
33141830	Base di cemento
33141840	Emostatici per uso odontoiatrico
33141850	Prodotti per l'igiene della bocca
33141900	Lancette pungidito
33150000	Dispositivi per radioterapia, meccanoterapia, elettroterapia e terapia fisica
33151000	Presidi ed apparecchi per radioterapia
33151100	Apparecchi per gammaterapia
33151200	Apparecchi di terapia radiologica
33151300	Spettrografi
33151400	Presidi per terapia radiologica
33152000	Incubatrici
33153000	Litotritore
33154000	Apparecchi per meccanoterapia
33155000	Attrezzatura per fisioterapia
33156000	Apparecchi per psicoterapia
33157000	Apparecchi per ossigenoterapia e apparecchi respiratori
33157100	Maschere di inalazione
33157110	Maschere ad ossigeno
33157200	Kit respiratori
33157300	Tende per ossigenoterapia
33157400	Apparecchi respiratori per uso medico
33157500	Camere iperbariche
33157700	Umidificatori per ossigenoterapia
33157800	Impianto per la somministrazione di ossigeno
33157810	Impianto per ossigenoterapia
33158000	Terapia elettrica, elettromagnetica e meccanica
33158100	Impianto elettromagnetico
33158200	Apparecchi per elettroterapia
33158210	Stimolatori
33158300	Apparecchi medici a raggi ultravioletti
33158400	Impianto per terapia meccanica
33158500	Apparecchi medici a raggi infrarossi
33159000	Sistema di chimica clinica
33160000	Tecnica operatoria
33161000	Impianto di elettrochirurgia
33162000	Apparecchi e strumenti per sala operatoria
33162100	Apparecchi per sala operatoria
33162200	Strumenti per sala operatoria
33163000	Tenda per uso medico
33164000	Apparecchi per celioscopia
33164100	Colposcopio
33165000	Apparecchi per criochirurgia e crioterapia
33166000	Apparecchi dermatologici
33167000	Lampade operatorie
33168000	Apparecchi per endoscopia e endochirurgia
33168100	Endoscopi
33169000	Strumenti chirurgici
33169100	Laser chirurgico
33169200	Cestini chirurgici
33169300	Vassoi chirurgici
33169400	Contenitori chirurgici
33169500	Sistemi di localizzazione e controllo in chirurgia
33170000	Anestesia e rianimazione
33171000	Strumenti per anestesia e rianimazione
33171100	Strumenti anestetici
33171110	Maschere per anestesia
33171200	Strumenti per rianimazione
33171210	Maschere per rianimazione
33171300	Kit o pacchetti per epidurali
33172000	Apparecchi per anestesia e rianimazione
33172100	Apparecchi per anestesia
33172200	Apparecchi per rianimazione
33180000	Sostegno funzionale
33181000	Apparecchi per emodialisi
33181100	Emodializzatori
33181200	Filtri per dialisi
33181300	Monitor individuali per emodialisi
33181400	Apparecchio multiposto per emodialisi
33181500	Materiale di consumo nefrologico
33181510	Fluido renale
33181520	Materiale di consumo per dialisi renale
33182000	Apparecchi per il sostegno delle funzioni cardiache
33182100	Defibrillatore cardiaco
33182200	Apparecchi per stimolazione cardiaca
33182210	Stimolatori cardiaci
33182220	Valvole cardiache
33182230	Ventricoli cardiaci
33182240	Parti ed accessori per stimolatori cardiaci
33182241	Batterie per stimolatori cardiaci
33182300	Apparecchi per chirurgia cardiaca
33182400	Apparecchi per esami cardiaci
33183000	Ausili ortopedici
33183100	Impianti ortopedici
33183200	Protesi ortopediche
33183300	Apparecchi per osteosintesi
33184000	Apparecchi protesici
33184100	Protesi chirurgiche
33184200	Protesi vascolari
33184300	Protesi cardiache
33184400	Protesi mammarie
33184410	Protesi mammarie interne
33184420	Protesi mammarie esterne
33184500	Endoprotesi coronarie
33184600	Occhi artificiali
33185000	Audioprotesi
33185100	Parti ed accessori per audioprotesi
33185200	Impianti cocleari
33185300	Impianti otorinolaringoiatrici
33185400	Laringi artificiali
33186000	Impianto per la circolazione extracorporea
33186100	Ossigenatore
33186200	Riscaldatore di sangue e fluidi
33190000	Dispositivi e prodotti medici vari
33191000	Apparecchi per la sterilizzazione, la disinfezione e l'igiene
33191100	Sterilizzatori
33191110	Autoclavi
33192000	Mobili per uso medico
33192100	Letti medici
33192110	Letti ortopedici
33192120	Letti d'ospedale
33192130	Letti motorizzati
33192140	Lettini per esami psichiatrici
33192150	Letti terapeutici
33192160	Barelle
33192200	Tavoli medici
33192210	Tavoli di esame
33192230	Tavoli operatori
33192300	Mobili per uso medico, esclusi letti e tavoli
33192310	Apparecchi di trazione e sospensione per letti medici
33192320	Supporti per padelle
33192330	Apparecchi per trasfusione
33192340	Mobili per sale operatorie, tavoli esclusi
33192350	Gabinetto per coltivazioni mediche
33192400	Stazioni di lavoro odontoiatriche
33192410	Poltrone dentistiche
33192500	Provette per test
33192600	Attrezzature di sollevamento per il settore dell'assistenza sanitaria
33193000	Veicoli per invalidi, sedie a rotelle e apparecchiature connesse
33193100	Veicoli per invalidi e sedie a rotelle
33193110	Veicoli per invalidi
33193120	Sedie a rotelle
33193121	Sedie a rotelle a motore
33193200	Parti e accessori di veicoli per invalidi e sedie a rotelle
33193210	Parti e accessori di veicoli per invalidi
33193211	Motori di veicoli per invalidi
33193212	Dispositivi di sterzo di veicoli per invalidi
33193213	Dispositivi di comando di veicoli per invalidi
33193214	Telai di veicoli per invalidi
33193220	Parti e accessori di sedie a rotelle
33193221	Cuscini per sedie a rotelle
33193222	Telai di sedie a rotelle
33193223	Sedili di sedie a rotelle
33193224	Ruote di sedie a rotelle
33193225	Pneumatici per sedie a rotelle
33194000	Apparecchi e strumenti per trasfusione e infusione
33194100	Apparecchi e strumenti per infusione
33194110	Pompe per infusione
33194120	Forniture per infusione
33194200	Apparecchi e strumenti per trasfusione
33194210	Apparecchi per trasfusione sanguigna
33194220	Presidi per trasfusione sanguigna
33195000	Sistema di controllo dei pazienti a distanza
33195100	Monitor
33195110	Monitor respiratori
33195200	Stazione centrale di controllo
33196000	Ausili medici
33196100	Ausili per anziani
33196200	Ausili per disabili
33197000	Apparecchiatura medica informatica
33198000	Articoli di carta per uso ospedaliero
33198100	Compresse di carta
33198200	Sacchetti o involucri di carta per la sterilizzazione
33199000	Indumenti per personale medico
33600000	Prodotti farmaceutici
33610000	Medicinali per il tubo digestivo e il metabolismo
33611000	Medicinali per I disordini acido correlati
33612000	Medicinali per i disordini funzionali gastrointestinali
33613000	Lassativi
33614000	Antidiarroici, antinfiammatori intestinali/agenti antinfettivi
33615000	Medicinali antidiabetici
33615100	Insulina
33616000	Vitamine
33616100	Provitamine
33617000	Integratori minerali
33620000	Medicinali per il sangue, gli organi che formano il sangue e il sistema cardiovascolare
33621000	Medicinali per il sangue e gli organi che formano il sangue
33621100	Agenti antitrombotici
33621200	Antiemorragici
33621300	Preparati antianemici
33621400	Sostituti ematici e soluzioni per perfusioni
33622000	Medicinali per il sistema cardiovascolare
33622100	Medicinali per la terapia cardiaca
33622200	Antiipertensivi
33622300	Diuretici
33622400	Vasoprotettori
33622500	Antiemorroidali per uso topico
33622600	Agenti beta-bloccanti
33622700	Bloccanti del canale del calcio
33622800	Agenti bloccanti il sistema renina-angiotensina
33630000	Medicinali per uso dermatologico e il sistema muscoloscheletrico
33631000	Medicinali per uso dermatologico
33631100	Antifungini per uso dermatologico
33631110	Acidi salicilici
33631200	Emollienti e protettivi
33631300	Medicinali antipsorici
33631400	Antibiotici e chemioterapici per uso dermatologico
33631500	Corticosteroidi per uso dermatologico e preparati dermatologici
33631600	Antisettici e disinfettanti
33631700	Preparati antiacne
33632000	Medicinali per il sistema muscoloscheletrico
33632100	Prodotti antinfiammatori e antireumatici
33632200	Rilassanti muscolari
33632300	Preparati antigotta
33640000	Medicinali per il sistema genito-urinario e ormoni
33641000	Medicinali per il sistema genito-urinario e ormoni sessuali
33641100	Antinfettivi e antisettici ginecologici
33641200	Altri medicinali ginecologici
33641300	Ormoni sessuali e modulatori del sistema genitale
33641400	Contraccettivi
33641410	Contraccettivi orali
33641420	Contraccettivi chimici
33642000	Preparati ormonali sistemici, esclusi gli ormoni sessuali
33642100	Ormoni pituitari, ipotalamici e simili
33642200	Corticosteroidi per uso sistemico
33642300	Terapia tiroidea
33650000	Antinfettivi generali per uso sistemico, vaccini, agenti antineoplastici e immunomodulatori
33651000	Antinfettivi generali per uso sistemico
33651100	Antibatterici per uso sistemico
33651200	Antimicotici per uso sistemico
33651300	Antimicobatterici
33651400	Antivirali per uso sistemico
33651500	Immunosieri e immunoglobuline
33651510	Antisieri
33651520	Immunoglobuline
33651600	Vaccini
33651610	Vaccini DTP (difteria-tetano-pertosse)
33651620	Vaccini difteria-tetano
33651630	Vaccini BCG (liofilizzati)
33651640	Vaccini morbillo-parotite-rosolia
33651650	Vaccini antitifici
33651660	Vaccini antinfluenzali
33651670	Vaccini antipolio
33651680	Vaccini contro l'epatite B
33651690	Vaccini veterinari
33652000	Agenti antineoplastici e immunomodulatori
33652100	Agenti antineoplastici
33652200	Medicinali per la terapia endocrina
33652300	Agenti immunosoppressivi
33660000	Medicinali per il sistema nervoso e gli organi sensoriali
33661000	Medicinali per il sistema nervoso
33661100	Anestetici
33661200	Analgesici
33661300	Antiepilettici
33661400	Medicinali antiparkinson
33661500	Psicolettici
33661600	Psicoanalettici
33661700	Altri medicinali per il sistema nervoso
33662000	Medicinali per gli organi sensoriali
33662100	Prodotti oftalmologici
33670000	Medicinali per il sistema respiratorio
33673000	Medicinali per le malattie respiratorie ostruttive
33674000	Preparati contro la tosse e il raffreddore
33675000	Antistaminici per uso sistemico
33680000	Articoli di farmacia
33681000	Tettarelle, paracapezzoli e articoli simili per bambini
33682000	Riquadri di gomma
33683000	Cuscinetti di gomma
33690000	Medicinali vari
33691000	Prodotti antiparassitari, insetticidi e repellenti
33691100	Antiprotozoici
33691200	Antielmintici
33691300	Ectoparassiticidi, compresi gli scabicidi, gli insetticidi e i repellenti
33692000	Soluzioni mediche
33692100	Soluzioni infusionali
33692200	Prodotti per alimentazione parenterale
33692210	Soluzioni per somministrazione parenterale
33692300	Alimenti enterali
33692400	Soluzioni per perfusioni
33692500	Soluzioni iniettabili
33692510	Fluidi endovenosi
33692600	Soluzioni galeniche
33692700	Soluzioni a base di glucosio
33692800	Soluzioni per dialisi
33693000	Altri medicinali terapeutici
33693100	Tossine
33693200	Surrogati della nicotina
33693300	Trattamenti per dipendenze
33694000	Agenti diagnostici
33695000	Tutti gli altri medicinali non terapeutici
33696000	Reagenti e mezzi di contrasto
33696100	Reattivi per la determinazione dei gruppi sanguigni
33696200	Reattivi per l'analisi del sangue
33696300	Reattivi chimici
33696400	Reattivi isotopici
33696500	Reattivi per laboratorio
33696600	Reattivi per elettroforesi
33696700	Reattivi urologici
33696800	Prodotti di contrasto radiologici
33697000	Preparati medici, esclusi i prodotti correnti ad uso odontoiatrico
33697100	Preparati per enteroclisma
33697110	Cementi per ricostruzione ossea
33698000	Prodotti clinici
33698100	Colture microbiologiche
33698200	Ghiandole e relativi estratti
33698300	Sostanze peptiche
33700000	Prodotti per la cura personale
33710000	Profumi, articoli di toletta e preservativi
33711000	Profumi e preparati per toletta
33711100	Acque da toletta
33711110	Deodoranti
33711120	Deodoranti contro la sudorazione
33711130	Acqua di Colonia
33711140	Essenze
33711150	Acqua di rosa
33711200	Prodotti per la truccatura
33711300	Prodotti per manicure o pedicure
33711400	Prodotti cosmetici
33711410	Bastoncini ovattati
33711420	Kit per il trucco
33711430	Salviette igieniche monouso
33711440	Lucidalabbra
33711450	Tatuaggi
33711500	Preparati per la cura della pelle
33711510	Prodotti per la protezione dal sole
33711520	Gel per bagno
33711530	Cuffie per doccia
33711540	Creme e lozioni parafarmaceutiche
33711600	Preparati e articoli per capelli
33711610	Shampoo
33711620	Pettini
33711630	Parrucche
33711640	Astucci per la cura delle unghie
33711700	Articoli e preparati per l'igiene orale e dentale
33711710	Spazzolini da denti
33711720	Dentifrici
33711730	Stuzzicadenti
33711740	Collutori
33711750	Prodotti per rinfrescare la bocca
33711760	Filo interdentale
33711770	Tettarelle, anelli di dentizione e succhiotti per lattanti
33711780	Pastiglie per la pulizia delle protesi
33711790	Kit dentali
33711800	Prodotti per la rasatura
33711810	Creme per la rasatura
33711900	Sapone
33712000	Preservativi
33713000	Prodotti per la cura dei piedi
33720000	Rasoi e set per manicure o pedicure
33721000	Rasoi
33721100	Lame di rasoi
33721200	Rasoi elettrici
33722000	Set per manicure o pedicure
33722100	Set per manicure
33722110	Strumenti per manicure
33722200	Set per pedicure
33722210	Strumenti per pedicure
33722300	Barrette
33730000	Prodotti per la cura degli occhi e lenti correttrici
33731000	Lenti a contatto
33731100	Lenti correttrici
33731110	Lenti intraoculari
33731120	Lenti per occhiali
33732000	Lozioni per lenti a contatto
33733000	Occhiali da sole
33734000	Occhiali
33734100	Montature e aste di occhiali
33734200	Vetro per occhiali
33735000	Occhiali a maschera
33735100	Occhiali di sicurezza
33735200	Montature e aste di occhiali protettivi
33740000	Prodotti per la cura delle mani e delle unghie
33741000	Prodotti per la cura delle mani
33741100	Pulitori per le mani
33741200	Lozioni per le mani o per il corpo
33741300	Igienizzanti per le mani
33742000	Prodotti per la cura delle unghie
33742100	Tagliaunghie
33742200	Smalti per unghie
33750000	Prodotti per la cura dei neonati
33751000	Pannolini monouso
33752000	Coppette assorbilatte
33760000	Carta igienica, fazzoletti, asciugamani e tovaglioli
33761000	Carta igienica
33762000	Fazzoletti di carta
33763000	Asciugamani di carta
33764000	Tovaglioli di carta
33770000	Salviette igieniche di carta
33771000	Prodotti di carta per uso sanitario
33771100	Assorbenti e tamponi igienici
33771200	Pannolini di carta
33772000	Prodotti di carta monouso
33790000	Articoli di vetro per laboratorio, uso igienico o farmaceutico
33791000	Articoli di vetro per uso igienico
33792000	Articoli di vetro per uso farmaceutico
33793000	Articoli di vetro per laboratorio
33900000	Attrezzature e forniture per autopsie e obitorio
33910000	Strumenti e forniture per dissezione patologica
33911000	Forbici per autopsia
33912000	Kit per dissezione per autopsia
33912100	Forcipi da dissezione per autopsia
33913000	Sonde per estrazione di proiettili per autopsia
33914000	Aghi, fili o graffe da incisione per autopsia
33914100	Fili per autopsia
33914200	Aghi per autopsia
33914300	Graffe da incisione per autopsia
33915000	Guide per vene per autopsia
33916000	Lame e accessori per seghe per autopsia
33916100	Seghe per autopsia
33917000	Tavoli settori
33918000	Custodie per strumenti o accessori chirurgici per autopsia
33919000	Raccoglitori arrotolabili per strumenti o accessori chirurgici per autopsia
33920000	Attrezzature e forniture per autopsia
33921000	Raccoglitori di polvere di ossa
33922000	Sacche per il trasporto di cadaveri
33923000	Appoggiatesta, tavoli o bilance sospese per autopsia
33923100	Appoggiatesta per autopsia
33923200	Assi per corpi per autopsia
33923300	Bilance sospese per autopsia
33924000	Kit per malattie infettive per autopsia
33925000	Etichette o braccialetti identificativi per autopsia
33926000	Aspiratori o tubazioni per raccogliere i liquidi per autopsia
33927000	Termometri rettali per autopsia
33928000	Raddrizzatori di dita per autopsia
33929000	Kit per ricostituire tessuti di cadaveri
33930000	Mobili per autopsia
33931000	Postazioni di lavoro o accessori per autopsia
33932000	Lavandini o accessori per autopsia
33933000	Tavoli o accessori per autopsia
33933100	Tavoli per autopsia
33934000	Tavoli o accessori per necropsia
33935000	Tavoli settori o accessori per necropsia
33936000	Postazioni di lavoro o accessori per imbalsamazione
33937000	Postazioni di lavoro con evacuazione o accessori per autopsia
33940000	Attrezzature e forniture per il trasporto e lo stoccaggio di cadaveri
33941000	Scaffali per lo stoccaggio di cadaveri
33942000	Dispositivi di trasporto per cadaveri
33943000	Elevatori per cadaveri
33944000	Frigoriferi o congelatori per obitori
33945000	Celle frigorifere per obitori
33946000	Carrelli per autopsia
33947000	Vassoi per autopsia
33948000	Dispositivi di sollevamento o di trasferimento per cadaveri
33949000	Contenitori per il trasporto di salme
33950000	Attrezzature e forniture per medicina legale
33951000	Materiali per impronte digitali o impronte post-mortem
33952000	Maschere antiputrefazione
33953000	Kit o forniture per rilevamento di sangue post-mortem
33954000	Kit per raccolta di prove biologiche
33960000	Attrezzature e forniture per imbalsamazione
33961000	Iniettori di cavità per imbalsamazione
33962000	Tubi per drenaggio delle vene per imbalsamazione
33963000	Fluidi o trattamenti chimici per imbalsamazione
33964000	Tubi per iniezioni per imbalsamazione
33965000	Lavandini o accessori per imbalsamazione
33966000	Kit per imbalsamazione
33967000	Aghi per iniezioni per imbalsamazione
33968000	Copriocchi
33970000	Attrezzature e forniture per obitori
33971000	Equipaggiamenti per obitori
33972000	Pacchetti per obitori
33973000	Sacche per obitori
33974000	Aspiratori per obitori
33975000	Composti solidificanti per obitori
34000000	Attrezzature di trasporto e prodotti ausiliari per il trasporto
34100000	Veicoli a motore
34110000	Autovetture per trasporto passeggeri
34111000	Giardinette e berline
34111100	Giardinette
34111200	Berline
34113000	Automobili a quattro ruote motrici
34113100	Jeep
34113200	Veicoli per terreni vari
34113300	Fuoristrada
34114000	Autovetture speciali
34114100	Autoveicoli di soccorso
34114110	Veicoli di soccorso
34114120	Veicoli per interventi paramedici
34114121	Ambulanze
34114122	Veicoli per trasporto pazienti
34114200	Autoveicoli della polizia
34114210	Furgoni cellulari
34114300	Veicoli per servizi sociali
34114400	Minibus
34115000	Altre autovetture passeggeri
34115200	Veicoli a motore per il trasporto di meno di dieci persone
34115300	Autoveicoli usati
34120000	Autoveicoli per il trasporto di dieci o più persone
34121000	Autobus e pullman
34121100	Autobus pubblici
34121200	Autobus articolati
34121300	Autobus a due piani
34121400	Autobus a piano ribassato
34121500	Pullman
34130000	Veicoli a motore per trasporto merci
34131000	Camioncino a pianale basso (pick-up)
34132000	Motoslitte
34133000	Autoarticolati
34133100	Autobotti
34133110	Autocisterne per trasporto carburanti
34134000	Autocarri a piattaforma e a cassone ribaltabile
34134100	Autocarri a piattaforma
34134200	Autocarri a cassone ribaltabile
34136000	Furgoni
34136100	Furgoncini
34136200	Camioncini
34137000	Veicoli usati per trasporto merci
34138000	Trattori stradali
34139000	Telai
34139100	Telai cabinati
34139200	Telai carrozzati
34139300	Telai completi
34140000	Autoveicoli di grande potenza
34142000	Autogru e camion ribaltabili
34142100	Autoveicoli con piattaforma ad elevazione
34142200	Caricatori articolati
34142300	Camion ribaltabili
34143000	Veicoli per la manutenzione invernale
34144000	Autoveicoli per usi speciali
34144100	Unità mobili di perforazione
34144200	Veicoli per servizi di emergenza
34144210	Veicoli di lotta antincendio
34144211	Autoscale
34144212	Autopompe
34144213	Veicoli antincendio
34144220	Carri attrezzi
34144300	Ponti semoventi
34144400	Veicoli per la manutenzione stradale
34144410	Autospurgo
34144420	Spanditrici di sale
34144430	Autospazzatrici
34144431	Spazzatrici aspiranti
34144440	Veicoli spandipietrisco
34144450	Innaffiatrici
34144500	Autoveicoli per il trasporto di rifiuti e acque residue
34144510	Autoveicoli per il trasporto di rifiuti
34144511	Autoveicoli per la raccolta di rifiuti
34144512	Autoveicoli per la raccolta di rifiuti con compattatore
34144520	Autobotti per acque luride
34144700	Veicoli utilitari
34144710	Pale caricatrici gommate
34144730	Veicoli per il rifornimento di aerei
34144740	Rimorchiatori di aerei
34144750	Portacarichi
34144751	Carrelli a portale
34144760	Biblioteche mobili
34144800	Autocaravan
34144900	Veicoli elettrici
34144910	Autobus elettrici
34150000	Simulatori
34151000	Simulatori di guida
34152000	Simulatori di formazione
34200000	Carrozzerie; rimorchi o semirimorchi
34210000	Carrozzerie
34211000	Carrozzerie di autobus, di ambulanze e di veicoli per trasporto merci
34211100	Carrozzerie di autobus
34211200	Carrozzerie di ambulanze
34211300	Carrozzerie di veicoli per trasporto merci
34220000	Rimorchi, semirimorchi e container mobili
34221000	Container mobili speciali
34221100	Unità mobili per incidenti
34221200	Unità mobili per interventi di emergenza
34221300	Unità mobili per incidenti chimici
34223000	Rimorchi e semirimorchi
34223100	Semirimorchi
34223200	Autocisterne
34223300	Rimorchi
34223310	Rimorchi per uso generale
34223320	Rimorchi per cavalli
34223330	Unità mobili su rimorchio
34223340	Rimorchi cisterna
34223350	Rimorchi con scala girevole
34223360	Rimorchi per rifornimento di carburante
34223370	Rimorchi a cassone ribaltabile
34223400	Rimorchi e semirimorchi tipo caravan
34224000	Parti di rimorchi, semirimorchi ed altri veicoli
34224100	Parti di rimorchi e semirimorchi
34224200	Parti di altri veicoli
34300000	Parti ed accessori di autoveicoli e motori dei veicoli
34310000	Motori di veicoli e pezzi di ricambio per motori di veicoli
34311000	Motori di veicoli
34311100	Motori a combustione interna del tipo usato per autoveicoli e motocicli
34311110	Motori ad accensione a scintilla
34311120	Motori ad accensione a compressione
34312000	Pezzi di ricambio di motori
34312100	Cinghie di ventilatori
34312200	Candele di accensione
34312300	Radiatori per veicoli
34312400	Pistoni
34312500	Guarnizioni di tenuta
34312600	Nastri trasportatori di gomma
34312700	Cinghie di trasmissione di gomma
34320000	Pezzi di ricambio meccanici, esclusi i motori e le parti di motori
34321000	Assali e cambi di velocità
34321100	Assali
34321200	Cambi di velocità
34322000	Freni e parti di freni
34322100	Equipaggiamento di freni
34322200	Freni a disco
34322300	Ferodi
34322400	Pastiglie di freni
34322500	Ceppi di freni
34324000	Ruote, parti e accessori
34324100	Attrezzature per equilibratura ruote
34325000	Marmitte e tubi di scappamento
34325100	Marmitte
34325200	Tubi di scappamento
34326000	Verricelli per veicoli, frizioni ed elementi affini
34326100	Frizioni e elementi affini
34326200	Verricelli per veicoli
34327000	Volanti, colonne e scatole sterzo
34327100	Volanti
34327200	Colonne e scatole sterzo
34328000	Banchi di prova, kit di conversione per veicoli e cinture di sicurezza
34328100	Banchi di prova
34328200	Kit di conversione per veicoli
34328300	Cinture di sicurezza
34330000	Parti di ricambio per veicoli per trasporto merci, furgoni e automobili
34350000	Pneumatici leggeri e pesanti
34351000	Pneumatici leggeri
34351100	Pneumatici per autoveicoli
34352000	Pneumatici per servizi pesanti
34352100	Pneumatici per autocarri
34352200	Pneumatici per autobus
34352300	Pneumatici per mezzi agricoli
34360000	Sedili per aeromobili civili
34370000	Sedili per autovetture
34390000	Accessori per trattori
34400000	Motocicli, biciclette e sidecar
34410000	Motocicli
34411000	Pezzi di ricambio ed accessori per motocicli
34411100	Sidecar
34411110	Pezzi di ricambio ed accessori di sidecar
34411200	Pneumatici per motocicli
34420000	Motoscooter e cicli con motori ausiliari
34421000	Motoscooter
34422000	Cicli con motori ausiliari
34430000	Biciclette
34431000	Biciclette non motorizzate
34432000	Pezzi di ricambio ed accessori per biciclette
34432100	Pneumatici per biciclette
34500000	Navi e imbarcazioni
34510000	Navi
34511100	Motovedette
34512000	Navi e natanti simili per trasporto passeggeri o merci
34512100	Traghetti
34512200	Navi da crociera
34512300	Navi portarinfusa
34512400	Navi da carico
34512500	Navi mercantili
34512600	Navi portacontainer
34512700	Navi RO-RO
34512800	Navi cisterna
34512900	Navi traghetto per veicoli
34512950	Navi frigorifere
34513000	Navi da pesca, imbarcazioni di salvataggio e altre imbarcazioni specializzate
34513100	Pescherecci
34513150	Navi officina
34513200	Rimorchiatori
34513250	Draghe
34513300	Bacini galleggianti d'alto mare
34513350	Natanti di sostegno immersioni
34513400	Pontoni-gru
34513450	Navi di produzione
34513500	Navi per prospezione sismica
34513550	Navi per esplorazione
34513600	Navi per il controllo dell'inquinamento
34513650	Imbarcazioni antincendio
34513700	Imbarcazioni di salvataggio
34513750	Navi faro
34514000	Piattaforme galleggianti o sommergibili di perforazione o sfruttamento
34514100	Battelli trivellatori
34514200	Piattaforme autosollevanti
34514300	Torri di perforazione a piattaforma
34514400	Piattaforme di perforazione galleggiante
34514500	Impianto galleggiante di produzione
34514600	Piattaforme semi-sommergibili
34514700	Piattaforma mobile
34514800	Piattaforma offshore
34514900	Piattaforme di perforazione
34515000	Strutture galleggianti
34515100	Boe di segnalazione
34515200	Zattere autogonfiabili
34516000	Parabordo d'accosto
34520000	Imbarcazioni
34521000	Imbarcazioni specializzate
34521100	Motovedette di pattugliamento
34521200	Motovedette doganali
34521300	Motovedette della polizia
34521400	Lance di salvataggio
34522000	Imbarcazioni da diporto e sportive
34522100	Barche a vela
34522150	Catamarani
34522200	Canotti di salvataggio
34522250	Canotti a vela
34522300	Piccole imbarcazioni
34522350	Canotti in fibra di vetro
34522400	Canotti semirigidi
34522450	Battelli gonfiabili
34522500	Canotti di gomma
34522550	Canoe
34522600	Barche a remi
34522700	Barche a pedali
34600000	Locomotive e materiale rotabile e parti associate ferrotranviarie
34610000	Locomotive ferroviarie e tender
34611000	Locomotive
34612000	Tender per locomotive e funicolari
34612100	Tender per locomotive
34612200	Funicolari
34620000	Materiale ferroviario rotabile
34621000	Veicoli per manutenzione o servizio ferroviario e carri merci ferroviari
34621100	Carri merci
34621200	Veicoli per manutenzione o servizio ferroviario
34622000	Carrozze ferrotranviarie per servizio passeggeri e filobus
34622100	Carrozze tranviarie per passeggeri
34622200	Carrozze ferroviarie per passeggeri
34622300	Filobus
34622400	Vagoni ferroviari
34622500	Bagagliai e vagoni speciali
34630000	Parti di ricambio di locomotive o materiale rotabile ferroviari o ferrotranviari; apparecchiature di controllo-comando ferroviario
34631000	Pezzi di ricambio per locomotive o materiale rotabile
34631100	Ruote monoblocco
34631200	Respingenti e organi d'attacco
34631300	Sedili per materiale rotabile
34631400	Assi e cerchioni ed altre parti di locomotive o materiale rotabile
34632000	Apparecchiature di controllo-comando ferroviario
34632100	Segnalamento meccanico
34632200	Apparecchi elettrici di segnalazione per ferrovie
34632300	Impianti elettrici per ferrovie
34640000	Elementi automobilistici
34700000	Aeromobili e velivoli spaziali
34710000	Elicotteri, aeroplani, velivoli spaziali e altri velivoli a motore
34711000	Elicotteri ed aeroplani
34711100	Aeroplani
34711110	Aeromobili con ali fisse
34711200	Aeromobili senza pilota
34711300	Aeromobili pilotati
34711400	Velivoli per uso speciale
34711500	Elicotteri
34712000	Velivoli spaziali, satelliti e mezzi di lancio di veicoli spaziali
34712100	Velivoli spaziali
34712200	Satelliti
34712300	Mezzi di lancio di veicoli spaziali
34720000	Mongolfiere e dirigibili ed altri velivoli senza motore
34721000	Alianti
34721100	Deltaplani
34722000	Mongolfiere e dirigibili
34722100	Mongolfiere
34722200	Dirigibili
34730000	Parti di ricambio per aeromobili, velivoli spaziali ed elicotteri
34731000	Pezzi di ricambio per aeromobili
34731100	Motori per aeromobili
34731200	Turboreattori
34731300	Turboeliche
34731400	Propulsori a reazione
34731500	Pezzi di ricambio di motori per aeromobili
34731600	Parti di turboreattori o turboeliche
34731700	Pezzi di ricambio per elicotteri
34731800	Pneumatici per aeroplani
34740000	Apparecchiature per velivoli spaziali, apparecchiature al suolo, simulatori e parti affini
34741000	Dispositivi per velivoli
34741100	Dispositivi di lancio di velivoli
34741200	Meccanismi a catapulta
34741300	Dispositivi per l'appontaggio
34741400	Simulatori di volo
34741500	Apparecchiature al suolo di allenamento al volo
34741600	Sacchetti per mal d'aereo
34900000	Varie attrezzature di trasporto e parti di ricambio
34910000	Carretti tirati da cavalli o a mano, altri veicoli a propulsione non meccanica, carrelli per bagagli e varie parti di ricambio
34911000	Carretti tirati da cavalli o a mano ed altri veicoli a propulsione non meccanica
34911100	Carrelli a mano
34912000	Carrelli per bagagli
34912100	Passeggini
34913000	Varie parti di ricambio
34913100	Pneumatici usati
34913200	Pneumatici ricostruiti
34913300	Paraurti
34913400	Orologi per veicoli
34913500	Serrature per autoveicoli
34913510	Lucchetti per biciclette
34913600	Eliche per navi
34913700	Scale di veicoli antincendio
34913800	Ancore
34920000	Attrezzature stradali
34921000	Attrezzature per la manutenzione stradale
34921100	Spazzatrici stradali
34921200	Spazzatrici aeroportuali
34922000	Attrezzature per segnaletica orizzontale
34922100	Segnaletica orizzontale
34922110	Sfere di vetro per segnaletica orizzontale
34923000	Attrezzature per il controllo del traffico stradale
34924000	Cartelli a messaggio variabile
34926000	Attrezzature per il controllo dei parcheggi
34927000	Attrezzature per pedaggi
34927100	Sale per disgelo
34928000	Arredo stradale
34928100	Barriere di protezione
34928110	Spartitraffico
34928120	Componenti delle barriere
34928200	Reti
34928210	Paletti in legno
34928220	Elementi per recinzioni
34928230	Barriere antirumore
34928300	Barriere di sicurezza
34928310	Reti di protezione
34928320	Guardavia
34928330	Dispositivi antivalanga
34928340	Barriere antineve
34928400	Arredo urbano
34928410	Paletti indicatori
34928420	Lampade per segnalazione pericolo
34928430	Coni luminosi
34928440	Pali di fermata d'autobus
34928450	Delimitatori luminosi
34928460	Coni stradali
34928470	Segnaletica
34928471	Materiali per segnaletica
34928472	Pali segnaletici
34928480	Contenitori e cestini per rifiuti e immondizia
34928500	Attrezzatura per illuminazione stradale
34928510	Pali di illuminazione stradale
34928520	Lampioni
34928530	Lampade stradali
34929000	Materiali per strade ad alta velocità
34930000	Attrezzature marittime
34931000	Attrezzature portuali
34931100	Impianti di attracco
34931200	Ponti di accesso alle navi per i passeggeri
34931300	Scale di accesso alle navi per i passeggeri
34931400	Simulatori di ponti di navi
34931500	Attrezzature per il controllo del traffico di imbarcazioni
34932000	Apparati radar
34933000	Apparecchiature di navigazione
34934000	Pale d'elica
34940000	Attrezzature ferroviarie
34941000	Rotaie ed accessori
34941100	Bielle
34941200	Rotaie
34941300	Rotaie per tram
34941500	Teste a croce
34941600	Giunzioni di binari
34941800	Deviatoi
34942000	Apparecchi di segnalazione
34942100	Pali portasegnali
34942200	Cassette di segnalazione
34943000	Sistema di monitoraggio per treni
34944000	Sistema di riscaldamento di deviatoi
34945000	Macchinari per l'allineamento dei binari
34946000	Materiali e forniture per la costruzione di strade ferrate
34946100	Materiali per la costruzione di strade ferrate
34946110	Binari
34946120	Materiali ferroviari
34946121	Stecche e piastre
34946122	Controrotaie
34946200	Forniture per la costruzione di strade ferrate
34946210	Rotaie di presa di corrente
34946220	Aghi, cuori, tiranti per scambi e deviatoi
34946221	Aghi
34946222	Cuori
34946223	Tiranti
34946224	Incroci
34946230	Piastre di serraggio, piastre e barre di scartamento
34946231	Piastre di serraggio
34946232	Piastre e barre di scartamento
34946240	Cuscinetti e cunei
34947000	Traverse e parti di traverse
34947100	Traverse
34947200	Parti di traverse
34950000	Strutture portanti
34951000	Piattaforme d'accesso
34951200	Attrezzature di manipolazione fanghi
34951300	Impianto di essiccazione fanghi
34952000	Dispositivi di sollevamento di piattaforma idraulica
34953000	Rampe di accesso
34953100	Rampe per traghetti
34953300	Passerelle per passeggeri
34954000	Passerelle di servizio
34955000	Bacino galleggiante
34955100	Unità di stoccaggio galleggiante
34960000	Apparecchiature aeroportuali
34961000	Sistemi di movimentazione bagagli
34961100	Impianti di movimentazione bagagli
34962000	Apparecchiature di controllo del trafficio aereo
34962100	Apparecchiature per torri di controllo
34962200	Controllo del traffico aereo
34962210	Simulazioni del controllo del traffico aereo
34962220	Sistemi per il controllo del traffico aereo
34962230	Formazioni per il controllo del traffico aereo
34963000	Sistema di atterraggio strumentale (ILS)
34964000	Doppler VHS (DVOR)
34965000	Apparecchiatura per la misura delle distanze (DME)
34966000	Radiogoniometro e radiofaro non direzionale
34966100	Radiogoniometro (RDF)
34966200	Radiofaro non direzionale (NDB)
34967000	Sistema di comunicazione aeroportuale (COM)
34968000	Sistema di sorveglianza aeroportuale e sistema di illuminazione aeroportuale
34968100	Sistema di sorveglianza aeroportuale (SUR)
34968200	Sistema di illuminazione aeroportuale (PAPI)
34969000	Ponti e scale di accesso agli aeromobili per i passeggeri
34969100	Ponti di accesso agli aeromobili per i passeggeri
34969200	Scale di accesso agli aeromobili per i passeggeri
34970000	Attrezzature di monitoraggio del traffico
34971000	Apparecchi fotografici per il controllo della velocità
34972000	Sistema di misurazione del flusso del traffico
34980000	Biglietti di trasporto
34990000	Attrezzature di controllo, di sicurezza, di segnalazione e di illuminazione
34991000	Fotoelettriche
34992000	Cartelli stradali e cartelli stradali luminosi
34992100	Cartelli stradali luminosi
34992200	Segnaletica stradale
34992300	Cartelli stradali
34993000	Illuminazione stradale
34993100	Illuminazione per gallerie
34994000	Apparecchi di guida e illuminazione navale
34994100	Apparecchi di guida e illuminazione fluviale
34995000	Apparecchi di guida e illuminazione per aeromobili
34996000	Apparecchi di comando, sicurezza e segnalazione stradale
34996100	Semafori
34996200	Apparecchi di comando, sicurezza e segnalazione per navigazione interna
34996300	Apparecchi di comando, sicurezza e segnalazione per parcheggi
34997000	Apparecchi di comando, sicurezza e segnalazione aeroportuale
34997100	Registratori di volo
34997200	Illuminazione per aeroporti
34997210	Luci di segnalazione pista
34998000	Apparecchi di comando, sicurezza e segnalazione portuale
34999000	Generatori di segnali, divisori di segnali di antenna e macchine per galvanoplastica
34999100	Generatori di segnali
34999200	Divisori di segnali di antenna
34999300	Macchine per galvanoplastica
34999400	Modelli in scala
34999410	Modelli di aeromobili in scala
34999420	Modelli di imbarcazioni in scala
35000000	Attrezzature di sicurezza, antincendio, per la polizia e di difesa
35100000	Apparecchiature di emergenza e di sicurezza
35110000	Attrezzature antincendio, di salvataggio e di sicurezza
35111000	Attrezzature di lotta antincendio
35111100	Apparecchi respiratori antincendio
35111200	Attrezzi di lotta antincendio
35111300	Estintori
35111310	Confezioni di schiuma per estintori
35111320	Estintori portatili
35111400	Attrezzature di evacuazione antincendio
35111500	Sistemi di estinzione del fuoco
35111510	Strumenti manuali di estinzione del fuoco
35111520	Schiume o composti simili per l'estizione del fuoco
35112000	Attrezzature di salvataggio e di emergenza
35112100	Manichini per le esercitazioni di emergenza
35112200	Docce di emergenza
35112300	Lavaocchi
35113000	Attrezzature per la sicurezza
35113100	Attrezzature per la sicurezza del sito
35113110	Sistemi di protezione per reattori nucleari
35113200	Attrezzature di protezione contro agenti nucleari, biologici, chimici e radiologici
35113210	Attrezzature per la sicurezza nucleare
35113300	Impianti di sicurezza
35113400	Indumenti protettivi e di sicurezza
35113410	Indumenti di protezione contro agenti chimici o biologici
35113420	Indumenti di protezione contro gli effetti nucleari e radiologici
35113430	Giacche di sicurezza
35113440	Giacche riflettenti
35113450	Giacche o mantelle di protezione
35113460	Calze o maglieria di protezione
35113470	Camicie o pantaloni di protezione
35113480	Polsiere di protezione
35113490	Grembiuli di protezione
35120000	Sistemi e dispositivi di sorveglianza e di sicurezza
35121000	Apparecchiature di sicurezza
35121100	Cicalini
35121200	Rilevatori di denaro contraffatto
35121300	Accessori di sicurezza
35121400	Contenitori di sicurezza
35121500	Sigilli
35121600	Marchi
35121700	Sistemi di allarme
35121800	Specchi convessi di sicurezza
35121900	Rilevatori di radar
35123000	Apparecchiature di identificazione sito
35123100	Sistemi a schede magnetiche
35123200	Attrezzature per orari di lavoro flessibili
35123300	Sistemi marcatempo
35123400	Tesserini identificativi
35123500	Sistemi video di identificazione
35124000	Rivelatori di metallo
35125000	Sistemi di sorveglianza
35125100	Sensori
35125110	Sensori biometrici
35125200	Sistemi marcatempo o registratori dell'orario di lavoro
35125300	Camere di sicurezza
35126000	Attrezzature per la lettura dei codici a barre
35200000	Attrezzatura per polizia
35210000	Bersagli per poligoni di tiro
35220000	Attrezzatura antisommossa
35221000	Cannoni ad acqua
35230000	Manette
35240000	Sirene
35250000	Repellenti per cani
35260000	Segnaletica della polizia
35261000	Cartelli di informazione
35261100	Cartelli indicatori a messaggio variabile
35262000	Apparecchi per la regolazione del traffico nelle intersezioni stradali
35300000	Armi, munizioni e relative parti
35310000	Armi varie
35311000	Spade, machete, baionette e lance
35311100	Spade
35311200	Machete
35311300	Baionette
35311400	Lance
35312000	Pistole lanciagas
35320000	Armi da fuoco
35321000	Armi da fuoco leggere
35321100	Pistole
35321200	Fucili
35321300	Mitragliatrici
35322000	Artiglieria
35322100	Armi antiaeree
35322200	Artiglieria a trazione autonoma
35322300	Artiglieria trainata
35322400	Mortai
35322500	Obici
35330000	Munizioni
35331000	Munizioni per armi da fuoco e da guerra
35331100	Pallottole
35331200	Proiettili
35331300	Granate
35331400	Mine terrestri
35331500	Cartucce
35332000	Munizioni per guerra navale
35332100	Siluri
35332200	Mine marine
35333000	Munizioni per guerra aerea
35333100	Bombe
35333200	Razzi
35340000	Parti di armi da fuoco e munizioni
35341000	Parti di armi da fuoco leggere
35341100	Raccordi per tubi in bronzo duro
35342000	Parti di lanciarazzi
35343000	Parti di mortai
35400000	Veicoli militari e parti associate
35410000	Veicoli militari corazzati
35411000	Carri armati
35411100	Carri da battaglia principali
35411200	Carri da battaglia leggeri
35412000	Veicoli corazzati da combattimento
35412100	Veicoli da combattimento per fanteria
35412200	Veicoli corazzati per il trasporto di personale
35412300	Veicoli corazzati per il trasporto di armi
35412400	Veicoli da ricognizione e di pattuglia
35412500	Veicoli di comando e di collegamento
35420000	Parti di veicoli militari
35421000	Parti meccaniche di ricambio per veicoli militari
35421100	Motori e parti di motori per veicoli militari
35422000	Parti di ricambio elettroniche ed elettriche per veicoli militari
35500000	Navi da guerra e parti affini
35510000	Navi da guerra
35511000	Nave da combattimento di superficie
35511100	Portaerei
35511200	Cacciatorpediniere e fregate
35511300	Corvette e imbarcazioni di perlustramento
35511400	Veicoli e imbarcazioni anfibi
35512000	Sottomarini
35512100	Sottomarini strategici a propulsione nucleare
35512200	Sottomarini di attacco a propulsione nucleare
35512300	Sottomarini di attacco a propulsione diesel
35512400	Veicoli subacquei senza equipaggio
35513000	Navi dragamine e navi ausiliarie
35513100	Cacciamine/dragamine
35513200	Imbarcazioni ausiliarie di ricerca
35513300	Imbarcazioni ausiliarie per la raccolta di informazioni
35513400	Navi ausiliarie ospedale/cargo/cisterna/traghetto per veicoli
35520000	Parti di navi da guerra
35521000	Parti di ricambio meccaniche e dello scafo per navi da guerra
35521100	Motori e parti di motore per navi da guerra
35522000	Parti di ricambio elettroniche ed elettriche per navi da guerra
35600000	Aeromobili militari, missili e velivoli spaziali
35610000	Aeromobili militari
35611100	Aeromobili da combattimento
35611200	Cacciabombardieri
35611300	Bombardieri
35611400	Aeromobili militari da trasporto
35611500	Aeromobili da addestramento
35611600	Aeromobili per pattugliamento marittimo
35611700	Aeromobili cisterna
35611800	Aeromobili da ricognizione
35612100	Elicotteri da combattimento
35612200	Elicotteri da combattimento antisottomarino
35612300	Elicotteri di sostegno
35612400	Elicotteri militari da trasporto
35612500	Elicotteri di salvataggio
35613000	Veicoli aerei senza equipaggio
35613100	Veicoli aerei da combattimento senza equipaggio
35620000	Missili
35621000	Missili strategici
35621100	Missili antibalistici strategici
35621200	Missili balistici intercontinentali
35621300	Missili balistici lanciati da sottomarini
35621400	Missili balistici a gittata intermedia
35622000	Missili tattici
35622100	Missili aria-aria
35622200	Missili aria-terra
35622300	Missili antinave
35622400	Missili antisottomarino
35622500	Missili antibalistici tattici
35622600	Missili anticarro guidati
35622700	Missili terra-aria
35623000	Missili Cruise
35623100	Missili Cruise lanciati dall'aria/da terra/dal mare
35630000	Velivoli spaziali militari
35631000	Satelliti militari
35631100	Satelliti per comunicazioni
35631200	Satelliti per osservazione
35631300	Satelliti per navigazione
35640000	Parti per attrezzature militari aerospaziali
35641000	Strutture e parti meccaniche di ricambio per attrezzature militari aerospaziali
35641100	Motori e parti di motori per attrezzature militari aerospaziali
35642000	Parti di ricambio elettroniche ed elettriche per attrezzature militari aerospaziali
35700000	Sistemi elettronici militari
35710000	Sistemi di comando, controllo, comunicazione e informatici
35711000	Sistemi di comando, controllo e comunicazione
35712000	Sistemi tattici di comando, controllo e comunicazione
35720000	Informazione, sorveglianza, acquisizione degli obiettivi e ricognizione
35721000	Sistemi elettronici di informazione
35722000	Radar
35723000	Radar di difesa antiaerea
35730000	Sistemi bellici elettronici e contromisure
35740000	Simulatori di combattimento
35800000	Attrezzature individuali e di supporto
35810000	Attrezzature individuali
35811100	Uniformi per vigili del fuoco
35811200	Uniformi per la polizia
35811300	Uniformi per militari
35812000	Uniformi da combattimento
35812100	Giacche mimetiche
35812200	Tute da combattimento
35812300	Accessori da combattimento
35813000	Elmetti
35813100	Coprielemetto
35814000	Maschere antigas
35815000	Indumenti antiproiettile
35815100	Giubbotti antiproiettile
35820000	Attrezzature di supporto
35821000	Bandiere
35821100	Pennoni
37000000	Strumenti musicali, articoli sportivi, giochi, giocattoli, manufatti artigianali, materiali artistici e accessori
37300000	Strumenti musicali e loro parti
37310000	Strumenti musicali
37311000	Strumenti a tastiera
37311100	Pianoforti
37311200	Fisarmoniche
37311300	Organi musicali
37311400	Celeste
37312000	Ottoni
37312100	Trombe
37312200	Tromboni
37312300	Bassotuba
37312400	Sassofoni
37312500	Fischi
37312600	Corni
37312700	Saxhorn
37312800	Mellofoni
37312900	Corni alti, corni baritoni, flicorni e corni francesi
37312910	Corni alti
37312920	Corni baritoni
37312930	Flicorni
37312940	Corni francesi
37313000	Strumenti musicali a corda
37313100	Arpicordi
37313200	Clavicordi
37313300	Chitarre
37313400	Violini
37313500	Arpe
37313600	Banjo
37313700	Mandolini
37313800	Violoncelli
37313900	Bassi
37314000	Strumenti a fiato
37314100	Clarinetti
37314200	Oboe
37314300	Cornette e flauti musicali
37314310	Cornette musicali
37314320	Flauti musicali
37314400	Ottavini
37314500	Cornamuse
37314600	Armoniche
37314700	Kazoo
37314800	Corni inglesi
37314900	Ocarine
37315000	Strumenti musicali amplificati con impianti elettrici
37315100	Sintetizzatori
37316000	Strumenti a percussione
37316100	Cimbali
37316200	Campane (strumento)
37316300	Tamburelli
37316400	Nacchere
37316500	Batterie (strumento)
37316600	Xilofono
37316700	Vibrafoni
37320000	Parti ed accessori di strumenti musicali
37321000	Accessori di strumenti musicali
37321100	Metronomi
37321200	Zampogne
37321300	Accessori per strumenti a corda
37321400	Corde o plettri per strumenti
37321500	Accessori per strumenti a percussione
37321600	Sacche o valigette o accessori per strumenti musicali
37321700	Supporti per strumenti musicali o portaspartito
37322000	Parti di strumenti musicali
37322100	Bischeri
37322200	Scatole o meccanismi musicali
37322300	Bocchini
37322400	Sordine
37322500	Diapason
37322600	Bacchette per direttori di orchestra
37322700	Dischetti per ottavini
37400000	Articoli ed attrezzature sportive
37410000	Attrezzature per sport all'aperto
37411000	Attrezzature invernali
37411100	Attrezzature per sci e snowboard
37411110	Scarponi da sci
37411120	Sci
37411130	Bastoni da sci
37411140	Attacchi
37411150	Snowboard
37411160	Completi da sci
37411200	Attrezzature da pattinaggio e da hockey
37411210	Dischi per hockey
37411220	Pattini per ghiaccio
37411230	Bastoni da hockey
37411300	Indumenti ed accessori artici
37412000	Attrezzature per sport acquatici
37412100	Sci d'acqua
37412200	Attrezzature per immersioni con bombole e con respiratore a tubo
37412210	Compensatori di galleggiamento
37412220	Bombole per immersioni
37412230	Regolatori per immersioni
37412240	Strumenti o accessori per immersioni
37412241	Apparecchi respiratori per immersione
37412242	Mute subacquee
37412243	Tute antiesposizione
37412250	Maschere, pinne o respiratori
37412260	Mute
37412270	Mute stagne
37412300	Attrezzature e accessori per il surf e il nuoto
37412310	Wakeboard, kneeboard o boogieboard
37412320	Attrezzature per windsurf
37412330	Tavole per windsurf
37412340	Occhialini o pinne per nuoto
37412350	Attrezzature per paracadute ascensionale
37413000	Articoli per la caccia o la pesca
37413100	Attrezzatura da pesca
37413110	Canne da pesca
37413120	Lenze
37413130	Mulinelli
37413140	Esche finte
37413150	Esche da pesca
37413160	Pesi o piombi
37413200	Prodotti per la caccia
37413210	Richiami per animali
37413220	Richiami
37413230	Trappole
37413240	Canne di fucili
37414000	Articoli per campeggio
37414100	Materassini
37414200	Ghiacciaie
37414300	Kit di riparazione per tende
37414600	Stufe da campeggio o per esterni
37414700	Refrigeratori per bevande
37414800	Tute termiche
37415000	Attrezzature per atletica
37416000	Attrezzature per il tempo libero
37420000	Attrezzature per palestre
37421000	Tappeti per ginnastica
37422000	Sbarre o travi per ginnastica
37422100	Sbarre per ginnastica
37422200	Travi per ginnastica
37423000	Funi o anelli per ginnastica o accessori per arrampicata
37423100	Funi per ginnastica
37423200	Anelli per ginnastica
37423300	Accessori per arrampicata per ginnastica
37424000	Attrezzature per volteggi
37425000	Trampolini per ginnastica
37426000	Attrezzature per esercizi di equilibrio
37430000	Attrezzature per pugilato
37431000	Ring per pugilato
37432000	Sacchi
37433000	Guanti per pugilato
37440000	Attrezzature per ginnastica
37441000	Attrezzature per allenamento aerobico
37441100	Tapis roulant
37441200	Step
37441300	Biciclette stazionarie
37441400	Vogatori
37441500	Corde per saltare
37441600	Trampolini per esercizi
37441700	Palloni per esercizi
37441800	Attrezzature per step aerobico
37441900	Biciclette ellittiche
37442000	Attrezzature per allenamento con pesi e allenamento di resistenza
37442100	Manubri
37442200	Bilancieri
37442300	Macchine per allenare la resistenza della parte inferiore e superiore del corpo
37442310	Macchine per allenare la resistenza della parte inferiore del corpo
37442320	Macchine per allenare la resistenza della parte superiore del corpo
37442400	Panche o rastrelliere per pesi
37442500	Pesi per esercizio fisico
37442600	Macchine per pilates
37442700	Strumenti per rafforzare la presa
37442800	Fasce e tubi per allenare la resistenza
37442810	Fasce per allenare la resistenza
37442820	Tubi per allenare la resistenza
37442900	Macchine multifunzione per ginnastica
37450000	Attrezzature per sport all'aria aperta e da campo
37451000	Attrezzature per sport all'aria aperta
37451100	Palle da baseball
37451110	Reti o recinzioni di protezione per baseball
37451120	Basi per baseball
37451130	Mazze da baseball
37451140	Strumenti di ausilio per le battute per baseball
37451150	Guanti per baseball
37451160	Indumenti di protezione per baseball o softball
37451200	Attrezzature per hockey su prato
37451210	Palle per hockey su prato
37451220	Mazze per hockey su prato
37451300	Palloni da football americano
37451310	Slitte di allenamento per bloccaggio per football americano
37451320	Supporti di tiro per football americano
37451330	Manichini di allenamento per placcaggio per football americano
37451340	Attrezzature per flag football
37451400	Palle da lacrosse
37451500	Mazze da lacrosse
37451600	Macchine lanciapalle
37451700	Palloni da calcio
37451710	Attrezzature per marcare campi di calcio
37451720	Attrezzature protettive per calcio
37451730	Strumenti di allenamento per calcio
37451800	Palle da softball
37451810	Mazze da softball
37451820	Guanti da softball
37451900	Palloni per pallamano
37451920	Attrezzature scolastiche per squadre di palla a mano
37452000	Attrezzature per sport al coperto e sport da racchetta
37452100	Attrezzature per badminton
37452110	Volani per badminton
37452120	Racchette per badminton
37452200	Palloni da pallacanestro
37452210	Sistemi completi per pallacanestro
37452300	Attrezzature protettive per hockey su pista
37452400	Palle, impugnature e corde per racquetball
37452410	Palle per racquetball
37452420	Impugnature per racquetball
37452430	Corde per racquetball
37452500	Racchette per racquetball
37452600	Attrezzature per squash
37452610	Palle per squash
37452620	Racchette per squash
37452700	Attrezzature per tennis
37452710	Palle da tennis
37452720	Attrezzature per campi da tennis
37452730	Racchette da tennis
37452740	Ausili per l'allenamento per tennis
37452800	Palloni e pali per tetherball
37452810	Palloni per tetherball
37452820	Pali per tetherball
37452900	Palloni per pallavolo
37452910	Pali per pallavolo per palestra
37452920	Materiale per lo stoccaggio per palloni o reti per pallavolo
37453000	Attrezzature per atletica leggera
37453100	Giavellotti
37453200	Aste per salti
37453300	Dischi
37453400	Pesi per lancio del peso
37453500	Aste per salto con l'asta
37453600	Ostacoli
37453700	Testimoni
37460000	Attrezzature per giochi di tiro e giochi da tavolo
37461000	Giochi da tavolo e attrezzature
37461100	Tavoli e accessori per air hockey
37461200	Calciobalilla
37461210	Giocatori sostitutivi per calciobalilla
37461220	Tavoli per calciobalilla
37461300	Stecche per biliardi
37461400	Shuffleboard
37461500	Tavoli per tennis da tavolo
37461510	Palline per tennis da tavolo
37461520	Racchette per tennis da tavolo
37462000	Attrezzature per giochi di tiro
37462100	Attrezzature per tiro con l'arco
37462110	Parabraccia per tiro con l'arco
37462120	Frecce per tiro con l'arco
37462130	Arresti per tiro con l'arco
37462140	Corde per tiro con l'arco
37462150	Archi per tiro con l'arco
37462160	Guanti per tiro con l'arco
37462170	Portabersagli per tiro con l'arco
37462180	Bersagli per tiro con l'arco
37462200	Freccette
37462210	Bersagli per freccette
37462300	Bersagli per tiro al piattello
37462400	Attrezzature per tiro al piattello
37470000	Attrezzature per golf e bowling
37471000	Attrezzature per golf
37471100	Borse per golf
37471200	Palline da golf
37471300	Mazze da golf
37471400	Tee per golf
37471500	Coprimazze da golf
37471600	Guanti da golf
37471700	Strumenti per riparare le zolle erbose sollevate
37471800	Monocoli da golf
37471900	Dispositivi di allenamento per il putting
37472000	Attrezzature per bowling
37480000	Macchine o apparecchi per il tempo libero
37481000	Macchine per la manutenzione del ghiaccio
37482000	Cartelloni per informazioni sportive
37500000	Giochi e giocattoli, attrazioni da fiera
37510000	Bambole
37511000	Case per bambole
37512000	Parti o accessori per bambole
37513000	Burattini
37513100	Teatri per spettacoli con burattini
37520000	Giocattoli
37521000	Strumenti musicali sotto forma di giocattoli
37522000	Giocattoli su ruote
37523000	Puzzle
37524000	Giochi
37524100	Giochi educativi
37524200	Giochi da tavolo
37524300	Giochi tradizionali
37524400	Giochi di società
37524500	Giochi di strategia
37524600	Giochi di memoria
37524700	Accessori per giochi
37524800	Lotterie
37524810	Biglietti per lotteria
37524900	Kit per giochi
37525000	Palloncini e palle da gioco
37526000	Secchielli
37527000	Treni e veicoli giocattolo
37527100	Treni giocattolo
37527200	Veicoli giocattolo
37528000	Armi giocattolo
37529000	Giocattoi gonfiabili e da cavalcare
37529100	Giocattoli gonfiabili
37529200	Giocattoli da cavalcare
37530000	Articoli per parchi ricreativi, giochi da tavolo e giochi di società
37531000	Carte da gioco
37532000	Videogiochi
37533000	Biliardi
37533100	Palle da biliardo
37533200	Gessi per biliardi
37533300	Punte di stecche per biliardo
37533400	Triangoli per biliardo
37533500	Tavoli da biliardo
37534000	Giochi azionati a moneta o a gettone
37535000	Giostre, altalene, tiri al bersaglio e altri divertimenti di parchi ricreativi
37535100	Altalene
37535200	Attrezzatura per parco giochi
37535210	Altalene a sospensione per parchi ricreativi
37535220	Infrastrutture per arrampicata per parchi ricreativi
37535230	Giostre per parchi ricreativi
37535240	Scivoli per parchi ricreativi
37535250	Altalene a carosello per parchi ricreativi
37535260	Gallerie per parchi ricreativi
37535270	Sabbiere per parchi ricreativi
37535280	Gradinate per parchi ricreativi
37535290	Attrezzature per arrampicata su muro e corda
37535291	Attrezzature per arrampicata su muro
37535292	Attrezzature per arrampicata su corda
37540000	Macchine per giochi d'azzardo
37800000	Articoli per lavori di artigianato e artistici
37810000	Articoli per lavori di artigianato
37820000	Articoli per lavori artistici
37821000	Pennelli per uso artistico
37822000	Penne da disegno
37822100	Matite colorate
37822200	Carboncini
37822300	Gessetti
37822400	Pastelli
37823000	Carta oleata ed altri articoli di carta
37823100	Carta oleata
37823200	Carta da lucido
37823300	Carta glassina
37823400	Carta trasparente o traslucida
37823500	Carta patinata e carta d'artigianato
37823600	Carta da disegno
37823700	Carta per cartografia
37823800	Carta e cartone multistrato
37823900	Carta kraft
38000000	Attrezzature da laboratorio, ottiche e di precisione (escluso vetri)
38100000	Strumenti per la navigazione e la meteorologia
38110000	Strumenti per la navigazione
38111000	Apparecchi di radiogonometria
38111100	Bussole
38111110	Accessori per bussole
38112000	Sestanti
38112100	Sistemi di navigazione e posizionamento globale (GPS o equivalente)
38113000	Sonar
38114000	Ecoscandagli
38115000	Apparecchi radar
38115100	Apparecchiature di sorveglianza radar
38120000	Strumenti meteorologici
38121000	Anemometri
38122000	Barometri
38123000	Registratori delle precipitazioni o dell'evaporazione
38124000	Apparecchi radiosonda
38125000	Pluviometri
38126000	Apparecchi di osservazione di superficie
38126100	Apparecchi di osservazione di superficie delle precipitazioni o dell'evaporazione
38126200	Apparecchi di osservazione di superficie della radiazione solare
38126300	Apparecchi di osservazione di superficie della temperatura o dell'umidità
38126400	Apparecchi di osservazione di superficie del vento
38127000	Stazioni meteorologiche
38128000	Accessori per strumenti meteorologici
38200000	Strumenti geologici e geofisici
38210000	Bussole geologiche
38220000	Apparecchi per la prospezione geologica
38221000	Sistemi di informazione geografica (GIS o equivalente)
38230000	Strumenti geofisici elettromagnetici
38240000	Strumenti geofisici di gravità
38250000	Strumenti geofisici per polarizzazione indotta (IP)
38260000	Strumenti geofisici di magnetometria
38270000	Strumenti geofisici di resistività
38280000	Gravimetri
38290000	Strumenti e apparecchiature per topografia, idrografia, oceanografia e idrologia
38291000	Apparecchi per telemetria
38292000	Strumenti per idrografia
38293000	Apparecchiature sismiche
38294000	Teodoliti
38295000	Apparecchiature topografiche
38296000	Strumenti per misurazioni topografiche
38300000	Strumenti di misurazione
38310000	Bilance di precisione
38311000	Bilance elettroniche e accessori
38311100	Bilance elettroniche analitiche
38311200	Bilance elettroniche tecniche
38311210	Pesi di calibrazione
38320000	Tavoli da disegno
38321000	Macchine da disegno
38322000	Pantografi
38323000	Regoli calcolatori
38330000	Strumenti manuali per la misurazione di lunghezze
38331000	Squadre
38340000	Strumenti per la misurazione di grandezze
38341000	Apparecchi per la misura di radiazioni
38341100	Registratori di fasci elettronici
38341200	Dosimetri di radiazioni
38341300	Strumenti per la misura di grandezze elettriche
38341310	Amperometri
38341320	Voltmetri
38341400	Contatori Geiger
38341500	Apparecchi per il controllo della contaminazione
38341600	Segnalatori di radioattività
38342000	Oscilloscopi
38342100	Oscillografi
38343000	Apparecchi per il rilevamento di errori
38344000	Apparecchi per il controllo dell'inquinamento
38400000	Strumenti per il controllo di caratteristiche fisiche
38410000	Strumenti di misura
38411000	Idrometri
38412000	Termometri
38413000	Pirometri
38414000	Igrometri
38415000	Psicrometri
38416000	Misuratori di pH
38417000	Termocoppie
38418000	Calorimetri
38420000	Strumenti di misura della portata, del livello e della pressione dei liquidi o dei gas
38421000	Strumenti di misura della portata
38421100	Contatori di acqua
38421110	Flussometri
38422000	Strumenti di misura del livello
38423000	Strumenti di misura della pressione
38423100	Misuratori di pressione
38424000	Apparecchi di misurazione e controllo
38425000	Attrezzature per la meccanica dei fluidi
38425100	Manometri
38425200	Viscosimetri
38425300	Indicatori di profondità
38425400	Apparecchi di stima delle strutture
38425500	Apparecchi di stima delle forze
38425600	Picnometri
38425700	Strumenti di misurazione delle tensione superficiale
38425800	Densitometri
38426000	Coulombometri
38427000	Flussimetri
38428000	Reometri
38429000	Rotametri
38430000	Apparecchi per analisi e rivelazione
38431000	Apparecchi di rivelazione
38431100	Rivelatori di gas
38431200	Apparecchi per la rivelazione di fumi
38431300	Rivelatori di guasti
38432000	Apparecchi per analisi
38432100	Apparecchi per l'analisi dei gas
38432200	Cromatografi
38432210	Gascromatografi
38432300	Apparecchi per l'analisi dei fumi
38433000	Spettrometri
38433100	Spettrometri di massa
38433200	Apparecchi per la misura delle emissioni
38433210	Spettrometri ad emissione
38433300	Analizzatori spettrali
38434000	Analizzatori
38434100	Analizzatori di dilatazione
38434200	Apparecchi per la misurazione di suoni
38434210	Sonometri
38434220	Analizzatori della velocità del suono
38434300	Apparecchi per la misurazione di rumori
38434310	Misuratori di decibel
38434400	Analizzatori di vibrazioni
38434500	Apparecchi per analisi biochimiche
38434510	Citometri
38434520	Apparecchi per l'analisi del sangue
38434530	Apparecchi per l'analisi del latte
38434540	Apparecchiature biomediche
38434550	Contatori di cellule del sangue
38434560	Analizzatori chimici
38434570	Analizzatori ematologici
38434580	Analizzatori immunoenzimatici
38435000	Apparecchi per la rivelazione di fluidi
38436000	Agitatori e accessori
38436100	Agitatori meccanici
38436110	Cestini per beute per agitatori
38436120	Pinze per beute per agitatori
38436130	Supporti per imbuti di decantazione
38436140	Piattaforme per pinze per beute per agitatori
38436150	Supporti per capsule di Petri per agitatori
38436160	Supporti per provette per agitatori
38436170	Adattatori di matracci per agitatori
38436200	Evaporatori rotanti
38436210	Schermo protettivo per avaporatori rotanti
38436220	Sensore di temperatura di ebollizione per evaporatori rotanti
38436230	Regolatore di pressione per evaporatori rotanti
38436300	Agitatori per incubazione
38436310	Piastre riscaldanti
38436320	Piastre riscaldanti per matracci
38436400	Agitatori magnetici
38436410	Regolatori termici per agitatori meccanici con piastre riscaldanti
38436500	Miscelatori meccanici
38436510	Rotori per miscelatori meccanici
38436600	Omogeneizzatori a immersione
38436610	Strumenti di dispersione per omogeneizzatori a immersione
38436700	Disintegratori a ultrasuoni
38436710	Sonde per disintegratori a ultrasuoni
38436720	Convertitori per disintegratori a ultrasuoni
38436730	Camere a flusso continuo per disintegratori a ultrasuoni
38436800	Omogeneizzatori a pale rotanti
38437000	Pipette da laboratorio e accessori
38437100	Pipette
38437110	Punte di pipette
38437120	Supporti per pipette
38500000	Apparecchi di prova e controllo
38510000	Microscopi
38511000	Microscopi elettronici
38511100	Microscopi elettronici a scansione
38511200	Microscopi elettronici a trasmissione
38512000	Microscopi ionici e monoculari
38512100	Microscopi ionici
38512200	Microscopi molecolari
38513000	Micoscopi invertiti e metallurgici
38513100	Microscopi invertiti
38513200	Microscopi metallurgici
38514000	Ultramicroscopi e microscopi a sonda di scansione
38514100	Ultramicroscopi
38514200	Microscopi a sonda di scansione
38515000	Microscopi fluorescenti e polarizzanti
38515100	Microscopi polarizzanti
38515200	Microscopi fluorescenti
38516000	Microscopi composti monocolari e/o binoculari
38517000	Microscopi acustici e a proiezione
38517100	Microscopi acustici
38517200	Microscopi a proiezione
38518000	Microscopi a campo ampio, stereoscopici o a dissezione
38518100	Microscopi a campo ampio
38518200	Microscopi stereoscopici o a dissezione
38519000	Composti vari per microscopi
38519100	Illuminatori per microscopi
38519200	Obiettivi per microscopi
38519300	Accessori foto o video per microscopi
38519310	Accessori foto per microscopi
38519320	Accessori video per microscopi
38519400	Piani portaoggetti automatici per microscopi
38519500	Lampadine di sostituzione per microscopi da laboratorio
38519600	Oculari, condensatori, collettori, tubi, piani portaoggetti e custodie per microscopi
38519610	Oculari per microscopi
38519620	Condensatori per microscopi
38519630	Collettori per microscopi
38519640	Tubi per microscopi
38519650	Piani portaoggetti per microscopi
38519660	Custodie per microscopi
38520000	Scanner
38521000	Scanner a pressione
38522000	Scanner cromatografici
38527100	Dosimetri con camera di ionizzazione
38527200	Dosimetri
38527300	Sistemi secondari di dosimetria standard
38527400	Dosimetri per esperimenti
38530000	Diffrattografi
38540000	Macchine e apparecchi di prova e misurazione
38541000	Apparecchi di prova della capacità di saldatura
38542000	Apparecchi di prova servo-idraulici
38543000	Attrezzature per la rivelazione di gas
38544000	Apparecchi rivelatori di droghe
38545000	Kit per l'analisi di gas
38546000	Sistemi rivelatori di esplosivi
38546100	Rivelatori di bombe
38547000	Sistema di dosimetria
38548000	Strumenti per veicoli
38550000	Contatori
38551000	Contatori elettrici
38552000	Contatori elettronici
38553000	Contatori magnetici
38554000	Contatori di elettricità
38560000	Contatori di produzione
38561000	Contagiri
38561100	Indicatori di velocità per veicoli
38561110	Tachimetri
38561120	Tassametri
38562000	Stroboscopi
38570000	Strumenti e apparecchi di regolazione e controllo
38571000	Limitatori di velocità
38580000	Apparecchi radiologici per uso non medico
38581000	Scanner per il controllo dei bagagli
38582000	Apparecchi di controllo a raggi X
38600000	Strumenti ottici
38620000	Materie polarizzanti
38621000	Apparecchi a fibre ottiche
38622000	Specchi
38623000	Filtri ottici
38624000	Ausili ottici
38630000	Strumenti per l'astronomia e ottici
38631000	Binocoli
38632000	Apparecchi a raggi infrarossi per visione notturna
38633000	Strumenti ottici di mira
38634000	Microscopi ottici
38635000	Telescopi
38636000	Strumenti ottici specialistici
38636100	Laser
38636110	Laser industriali
38640000	Dispositivi a cristalli liquidi
38641000	Periscopi
38650000	Apparecchiature fotografiche
38651000	Macchine fotografiche
38651100	Lenti per macchine fotografiche
38651200	Corpi di apparecchi fotografici
38651300	Apparecchi fotografici per la preparazione di cliché o cilindri di stampa
38651400	Apparecchi fotografici a sviluppo istantaneo
38651500	Cineprese
38651600	Macchine fotografiche digitali
38652000	Proiettori cinematografici
38652100	Proiettori
38652110	Proiettori per diapositive
38652120	Videoproiettori
38652200	Reproingranditori
38652300	Riduttori
38653000	Apparecchi per laboratori fotografici
38653100	Flash
38653110	Lampade per flash fotografici
38653111	Cubi flash
38653200	Apparecchi fotografici di ingrandimento
38653300	Apparecchi e strumenti per lo sviluppo di pellicole
38653400	Schermi di proiezione
38654000	Apparecchiature per microfilm e microschede
38654100	Apparecchiature per microfilm
38654110	Lettori di microfilm
38654200	Apparecchiature per microschede
38654210	Lettori di microschede
38654300	Apparecchiature per microformati
38654310	Lettori di microformati
38700000	Registratori di presenza e simili; parchimetri
38710000	Registratori di presenza
38720000	Orodatori
38730000	Parchimetri
38731000	Contatori a gettoni
38740000	Temporizzatori
38750000	Interruttori a tempo
38800000	Attrezzature di controllo dei processi industriali e attrezzature di controllo a distanza
38810000	Apparecchiature per il controllo dei processi industriali
38820000	Attrezzatura per controllo a distanza
38821000	Apparecchi per radiocontrollo
38822000	Sirene telecomandate
38900000	Strumenti vari di valutazione o prova
38910000	Attrezzature di monitoraggio e verifica dell'igiene
38911000	Kit manuali di prova con tampone
38912000	Kit automatici di prova con tampone
38920000	Attrezzature per semi e mangimi
38921000	Analizzatori di grani
38922000	Contatori di semi
38923000	Analizzatori di mangimi
38930000	Strumenti di misurazione dell'umidità
38931000	Apparecchi di controllo della temperatura e dell'umidità
38932000	Misuratori dell'umidità
38940000	Strumenti di valutazione nucleare
38941000	Contatori alfa
38942000	Contatori alfa beta
38943000	Contatori beta
38944000	Contatori beta gamma
38945000	Contatori gamma
38946000	Chilovoltmetri
38947000	Microanalizzatori di raggi X
38950000	Reazione a catena della polimerase
38951000	Reazione a catena della polimerase in tempo reale
38960000	Dispositivo di blocco dell'avviamento di motoveicoli in caso di alcolemia elevata
38970000	Ricerca, sperimentazione e simulatori tecnico-scientifici
39000000	Mobili (incluso mobili da ufficio), arredamento, apparecchi elettrodomestici (escluso illuminazione) e prodotti per pulizie
39100000	Mobili
39110000	Sedili, sedie e prodotti affini, parti associate
39111000	Sedili
39111100	Sedili girevoli
39111200	Sedili per teatri
39111300	Seggiolini eiettabili
39112000	Sedie
39112100	Sedie da tavola
39113000	Sedie e sedili vari
39113100	Poltrone
39113200	Divani
39113300	Panchine
39113400	Sedie a sdraio
39113500	Sgabelli
39113600	Banchi
39113700	Poggiapiedi
39114000	Parti di sedili
39114100	Imbottitura
39120000	Tavoli, armadi, scrivanie e scaffali biblioteca
39121000	Scrivanie e tavoli
39121100	Scrivanie
39121200	Tavoli
39122000	Armadi e scaffali biblioteca
39122100	Armadi
39122200	Scaffali biblioteca
39130000	Mobili per uffici
39131000	Ripiani per ufficio
39131100	Ripiani per archiviazione
39132000	Sistemi di archiviazione
39132100	Armadi per atti
39132200	Schedari
39132300	Archivi verticali
39132400	Sistemi a carosello
39132500	Carrelli per uffici
39133000	Vetrine
39134000	Arredo informatico
39134100	Tavoli informatici
39135000	Tavoli di smistamento
39135100	Compartimenti di smistamento
39136000	Appendiabiti
39137000	Addolcitori dell'acqua
39140000	Mobili per la casa
39141000	Mobili da cucina
39141100	Armadi e scaffali
39141200	Piani di lavoro
39141300	Armadietti
39141400	Cucine componibili
39141500	Cappe aspiranti
39142000	Mobili da giardino
39143000	Mobili per camere da letto, sale da pranzo e soggiorni
39143100	Mobili per camere da letto
39143110	Letti, effetti letterecci e tessuti speciali per arredamento
39143111	Reti da letto
39143112	Materassi
39143113	Tessuti speciali per arredamento
39143114	Coperte elettriche
39143115	Lenzuola di gomma
39143116	Lettini
39143120	Mobili per camere da letto, esclusi i letti e relativi accessori
39143121	Guardaroba
39143122	Cassettiere
39143123	Comodini
39143200	Mobili per sala da pranzo
39143210	Tavoli da pranzo
39143300	Mobili per soggiorni
39143310	Tavolini
39144000	Mobili per il bagno
39145000	Accessori per cantine
39150000	Arredi ed attrezzature varie
39151000	Mobili vari
39151100	Scaffalature
39151200	Banchi da lavoro
39151300	Mobili modulari
39152000	Scaffalature mobili
39153000	Arredi per sala conferenza
39153100	Leggii
39154000	Attrezzature per esposizioni
39154100	Stand per esposizioni
39155000	Arredi per biblioteca
39155100	Attrezzatura per biblioteca
39156000	Arredo per sale d'attesa e di ricevimento
39157000	Parti di mobili
39160000	Arredo scolastico
39161000	Arredo per scuole d'infanzia
39162000	Attrezzatura scolastica
39162100	Attrezzatura per l'insegnamento
39162110	Forniture per l'insegnamento
39162200	Ausili e apparecchi per l'insegnamento
39170000	Mobili per negozi
39171000	Espositori
39172000	Banconi
39172100	Banchi di vendita
39173000	Unità di stoccaggio
39174000	Insegne di negozi
39180000	Mobili per laboratorio
39181000	Banchi da lavoro per laboratorio
39190000	Carta da parati ed altri rivestimenti
39191000	Rivestimenti murali su base di carta o cartone
39191100	Carta da parati
39192000	Rivestimenti murali tessili
39193000	Rivestimenti per pavimenti su base di carta o cartone
39200000	Arredamento
39220000	Attrezzature per cucina, articoli domestici e per la casa e forniture per ristorazione
39221000	Attrezzature per cucina
39221100	Articoli per cucina
39221110	Vasellame
39221120	Tazze e bicchieri
39221121	Tazze
39221122	Coppette
39221123	Bicchieri
39221130	Contenitori per alimenti
39221140	Taniche per acqua
39221150	Recipienti isolanti
39221160	Vassoi
39221170	Scolapiatti a rastrelliera
39221180	Utensili di cucina
39221190	Scolapiatti
39221200	Articoli da tavola
39221210	Piatti
39221220	Piatti da portata
39221230	Piattini
39221240	Scodelle
39221250	Caraffe
39221260	Gamelle
39222000	Articoli per catering
39222100	Articoli monouso per catering
39222110	Posateria e piatti monouso
39222120	Tazze monouso
39222200	Vassoi per alimenti
39223000	Cucchiai e forchette
39223100	Cucchiai
39223200	Forchette
39224000	Scope e spazzole e altri articoli di vario tipo
39224100	Scope
39224200	Spazzole
39224210	Pennelli da pittore
39224300	Scope e spazzole e altri articoli per pulizie domestiche
39224310	Scovoli
39224320	Spugne
39224330	Secchi
39224340	Bidoni
39224350	Palette per immondizia
39225000	Accendini, articoli di materiale infiammabile, articoli pirotecnici, fiammiferi e combustibili liquidi o gas combustibili liquefatti
39225100	Accendini
39225200	Leghe piroforiche
39225300	Fiammiferi
39225400	Combustibili liquefatti per accendini
39225500	Articoli pirotecnici
39225600	Candele
39225700	Bottiglie, barattoli e fiale
39225710	Bottiglie
39225720	Barattoli
39225730	Fiale
39226000	Damigiane, casse di bottiglie, fiaschi e bobine
39226100	Casse di bottiglie
39226200	Damigiane e fiaschi
39226210	Damigiane
39226220	Fiaschi
39226300	Rocchetti o bobine
39227000	Aghi per cucire o ferri da maglia e ditali
39227100	Aghi per cucire o ferri da maglia
39227110	Aghi per cucire
39227120	Ferri da maglia
39227200	Ditali
39230000	Prodotti per usi speciali
39234000	Casse per terricciato
39235000	Gettoni
39236000	Cabine di verniciatura
39237000	Paletti segnaletici per neve
39240000	Coltelleria e posateria
39241000	Coltelli e forbici
39241100	Coltelli
39241110	Coltelli da tavola
39241120	Coltelli da cucina
39241130	Taglierini
39241200	Forbici
39254000	Orologeria
39254100	Orologi
39254110	Sveglie
39254120	Orologi da muro
39254130	Vetro per orologi
39260000	Vaschette per scrivania e attrezzature per scrivania
39261000	Vaschette per scrivania
39263000	Attrezzatura per scrivania
39263100	Set per scrivania
39264000	Articoli per la legatura di fogli volanti o classificatori
39265000	Ganci e occhielli
39270000	Articoli religiosi
39290000	Arredamento vario
39291000	Articoli per lavanderia
39292000	Lavagne o tabelloni scolastici con superfici o strumenti per scrivere o disegnare
39292100	Lavagne
39292110	Cancellini per lavagne
39292200	Lavagne di ardesia per scrivere
39292300	Strumenti per disegnare
39292400	Strumenti per scrivere
39292500	Regoli
39293000	Prodotti artificiali
39293100	Frutta artificiale
39293200	Fiori artificiali
39293300	Erba artificiale
39293400	Prato artificiale
39293500	Bigiotteria
39294000	Apparecchi ed attrezzature per scopi dimostrativi
39294100	Prodotti per informazione e promozione
39295000	Ombrelli e parasole; bastoni da passeggio e bastoni-sedile
39295100	Parasole
39295200	Ombrelli
39295300	Bastoni sedile
39295400	Bastoni da passeggio
39295500	Parti, guarnizioni e accessori di ombrelli, parasole, bastoni da passeggio e articoli simili
39296000	Articoli funerari
39296100	Bare
39297000	Forniture per caserme
39298000	Statuette, oggetti ornamentali, cornici per fotografie o immagini, specchi
39298100	Cornici per fotografie
39298200	Cornici per immagini
39298300	Vasi da fiori
39298400	Statuette
39298500	Ornamenti
39298600	Globi
39298700	Trofei
39298800	Acquari
39298900	Articoli vari di decorazione
39298910	Alberi di Natale
39299000	Articoli di vetro
39299100	Ampolle di vetro
39299200	Vetro di sicurezza
39299300	Specchi di vetro
39300000	Attrezzature varie
39310000	Attrezzature per catering
39311000	Attrezzature per servizio di refezione
39312000	Attrezzature per preparazione pasti
39312100	Affettatrici per carni
39312200	Attrezzature per mense
39313000	Attrezzature alberghiere
39314000	Attrezzatura per cucina industriale
39315000	Attrezzature per ristorazione
39330000	Attrezzature di disinfezione
39340000	Attrezzature per rete di distribuzione gas
39341000	Attrezzature per gas sotto pressione
39350000	Attrezzature per lavori fognari
39360000	Attrezzature di sigillatura
39370000	Impianti idrici
39500000	Articoli tessili
39510000	Articoli tessili casalinghi
39511000	Coperte e plaid
39511100	Coperte
39511200	Plaid
39512000	Biancheria da letto
39512100	Lenzuola
39512200	Copripiumini
39512300	Coprimaterassi
39512400	Piumini da letto
39512500	Federe
39512600	Federe di guanciali cilindrici
39513000	Biancheria da tavola
39513100	Tovaglie
39513200	Tovaglioli
39514000	Biancheria da toletta e da cucina
39514100	Asciugamani
39514200	Strofinacci
39514300	Bandinelle
39514400	Distributori automatici di asciugamani
39514500	Guanti da toletta
39515000	Tende, tendine, tendaggi e drappeggi
39515100	Tendine
39515110	Tende parafumo
39515200	Tendaggi
39515300	Drappeggi
39515400	Tende a rullo
39515410	Avvolgibili interni
39515420	Avvolgibili tessili
39515430	Veneziane
39515440	Avvolgibili verticali
39516000	Articoli di arredamento
39516100	Stoffe d'arredamento
39516110	Cuscini
39516120	Guanciali
39518000	Biancheria da ospedale
39518100	Biancheria per sala operatoria
39518200	Teli per sala operatoria
39520000	Articoli tessili confezionati
39522000	Tele cerate, vele per barche, tavole a vela o carri a vela, teloni, tende da sole, tende e articoli per campeggio
39522100	Tele cerate, teloni e tende da sole
39522110	Tele cerate
39522120	Teloni
39522130	Tende da sole
39522200	Coperture di mimetizzazione
39522400	Vele
39522500	Articoli da campeggio tessili
39522510	Materassini gonfiabili
39522520	Lettini da campo
39522530	Tende
39522540	Sacchi a pelo
39522541	Sacchi a pelo imbottiti di piuma o piumino
39523000	Paracaduti
39523100	Paracaduti dirigibili
39523200	Paracaduti a rotore
39525000	Articoli vari in tessuto manufatti
39525100	Strofinacci per spolverare
39525200	Elementi filtranti in tessuto
39525300	Giubbotti salvagente
39525400	Coperte antifiamma
39525500	Zanzariere
39525600	Strofinacci per piatti
39525700	Cinture di salvataggio
39525800	Strofinacci per pulire
39525810	Strofinacci per lucidatura
39530000	Tappeti, zerbini e tappetini
39531000	Tappeti
39531100	Rivestimenti di suoli annodati
39531200	Rivestimenti di suoli tessuti
39531300	Rivestimenti di suoli a fiocchi
39531310	Riquadri di moquette
39531400	Rivestimenti di suoli tessili
39532000	Zerbini
39533000	Tappetini
39534000	Rivestimenti di suoli industriali tessili
39540000	Corde, funi, spago e reti varie
39541000	Corde, funi, spago e reti
39541100	Spago, corde e funi
39541110	Funi
39541120	Corde
39541130	Filo per legare
39541140	Spago
39541200	Reti tessili
39541210	Reti a maglie annodate
39541220	Brache
39542000	Stracci
39550000	Articoli non tessuti
39560000	Prodotti tessili vari
39561000	Tulle, pizzi, nastri e galloni, passamaneria e ricami
39561100	Nastri e galloni, passamaneria
39561110	Nastri
39561120	Nastro di tela
39561130	Etichette e distintivi tessili
39561131	Etichette tessili
39561132	Distintivi tessili
39561133	Mostrine
39561140	Passamaneria ornamentale
39561141	Trecce
39561142	Spalline
39561200	Tessuto a maglie
39562000	Feltro
39563000	Ovatta per imbottiture, filati, tessuti e articoli per uso tecnico
39563100	Ovatta per imbottiture
39563200	Filo metallizzato
39563300	Tessuti di filo di metallo
39563400	Tessuti impregnati, rivestiti o ricoperti
39563500	Articoli tessili per usi tecnici
39563510	Tubi in fibre tessili
39563520	Nastri trasportatori in fibre tessili
39563530	Condotti di ventilazione
39563600	Prodotti tessili trapuntati
39700000	Apparecchi domestici
39710000	Elettrodomestici
39711000	Elettrodomestici per uso alimentare
39711100	Frigoriferi e congelatori
39711110	Frigoriferi con congelatore
39711120	Congelatori
39711121	Congelatori a cassone
39711122	Congelatori per uso domestico
39711123	Congelatori verticali
39711124	Congelatori industriali
39711130	Frigoriferi
39711200	Apparecchi per la trasformazione degli alimenti
39711210	Frullatori per alimenti
39711211	Sbattitori per alimenti
39711300	Apparecchi elettrotermici
39711310	Macchine elettriche per caffè
39711320	Macchine elettriche per tè
39711330	Tostapane elettrici
39711340	Scaldapiatti
39711350	Ferri per cialde
39711360	Forni
39711361	Forni elettrici
39711362	Forni a microonde
39711400	Girarrosto, piani di cottura, piastre e fornelli elettrici
39711410	Girarrosto
39711420	Piani di cottura
39711430	Piastre di cottura
39711440	Fornelli elettrici
39711500	Apriscatole
39712000	Elettrodomestici per l'igiene personale
39712100	Tosatrici
39712200	Apparecchi per parrucchiere
39712210	Asciugacapelli
39712300	Apparecchi per asciugare le mani
39713000	Elettrodomestici per la pulizia, ferri da stiro
39713100	Lavastoviglie
39713200	Lavatrici e asciugatrici
39713210	Lavatrici-asciugatrici
39713211	Dispositivo di asciugatura e stiratura
39713300	Compattatori per rifiuti
39713400	Macchine per la manutenzione dei pavimenti
39713410	Macchine per la pulizia dei pavimenti
39713420	Lucidatrici per pavimenti
39713430	Aspirapolvere
39713431	Accessori per aspirapolvere
39713500	Ferri da stiro elettrici
39713510	Ferri da stiro a vapore
39714000	Cappe di ventilazione o riciclaggio
39714100	Aeratori
39714110	Ventilatori a estrazione
39715000	Scaldacqua e riscaldamento centrale; attrezzature per impianti idraulici
39715100	Scaldacqua elettrici, istantanei o ad accumulazione, e scaldatori ad immersione
39715200	Attrezzature per riscaldamento
39715210	Impianto di riscaldamento centrale
39715220	Resistenze elettriche riscaldanti
39715230	Apparecchi di riscaldamento pavimenti
39715240	Apparecchi elettrici per riscaldamento locali
39715300	Attrezzature per impianti idraulici
39716000	Parti di elettrodomestici
39717000	Ventilatori e apparecchi per il condizionamento dell'aria
39717100	Ventilatori
39717200	Apparecchi per il condizionamento dell'aria
39720000	Apparecchi non elettrici per uso domestico
39721000	Apparecchi domestici per cucinare o riscaldare
39721100	Apparecchi domestici per cucinare
39721200	Frigoriferi a gas
39721300	Generatori o distributori non elettrici di aria calda
39721310	Riscaldatori di aria
39721320	Essiccatori di aria
39721321	Essiccatori ad aria compressa
39721400	Scaldacqua non elettrici istantanei o ad accumulazione
39721410	Apparecchi a gas
39721411	Riscaldatori a gas
39722000	Parti di stufe, cucine, scaldapiatti e apparecchi per uso domestico
39722100	Parti di stufe
39722200	Parti di cucine
39722300	Parti di scaldapiatti
39800000	Prodotti per pulire e lucidare
39810000	Preparati odoriferi e cere
39811000	Profumi e deodoranti per ambienti
39811100	Prodotti per profumare l'aria
39811110	Distributori di prodotti per profumare l'aria
39811200	Prodotti per disinfettare l'aria
39811300	Deodorizzatori
39812000	Lucidi e creme
39812100	Cere per pavimenti
39812200	Lucidi per scarpe
39812300	Cere per lucidatura
39812400	Composti assorbenti per spazzare
39812500	Sigillanti
39813000	Paste e polveri abrasive
39820000	Agenti organici tensioattivi
39821000	Detergenti a base di ammoniaca
39822000	Detergenti contenenti sostanze caustiche
39830000	Prodotti per la pulizia
39831000	Detersivi e detergenti
39831100	Disperdenti
39831200	Detergenti
39831210	Detersivi per lavastoviglie
39831220	Agenti sgrassanti
39831230	Digestori di grassi
39831240	Preparati per la pulizia
39831250	Soluzioni per risciacquo
39831300	Detergenti per pavimenti
39831400	Detergenti per schermi
39831500	Detergenti per veicoli
39831600	Detergenti per sanitari
39831700	Distributori automatici di sapone
39832000	Detergenti per i piatti
39832100	Polveri detergenti per i piatti
39833000	Prodotti contro la polvere
39834000	Soluzioni per la pulizia dei gioielli
41000000	Acqua captata e depurata
41100000	Acqua naturale
41110000	Acqua potabile
41120000	Acqua non potabile
42000000	Macchinari industriali
42100000	Macchinari per la produzione e l'uso di energia meccanica
42110000	Turbine e motori
42111000	Motori
42111100	Motori fuoribordo per propulsione navale
42112000	Impianti a turbina
42112100	Turbine a vapore
42112200	Turbine idrauliche
42112210	Ruote idrauliche
42112300	Turbine a gas
42112400	Apparecchiature per turbine
42112410	Strumenti per turbine
42113000	Parti di turbine
42113100	Parti di turbine a vapore d'acqua
42113110	Basamenti di appoggio
42113120	Alloggiamenti
42113130	Sistemi di raffreddamento con condensatori
42113150	Sistemi di lubrificazione
42113160	Separatori di umidità
42113161	Deumidificatori
42113170	Apparecchiature rotanti
42113171	Rotori
42113172	Pale
42113190	Dispositivi rotanti
42113200	Parti di turbine idrauliche
42113300	Parti di turbine a gas
42113310	Sistemi di presa d'aria
42113320	Modulo di iniezione a gas
42113390	Sistemi a gas combustibile
42113400	Parti di ruote idrauliche
42120000	Pompe e compressori
42121000	Macchine o motori idraulici o pneumatici
42121100	Cilindri idraulici o pneumatici
42121200	Macchine idrauliche
42121300	Macchine pneumatiche
42121400	Motori idraulici
42121500	Motori pneumatici
42122000	Pompe
42122100	Pompe per liquidi
42122110	Pompe antincendio
42122120	Dispositivi di rifornimento per elicotteri
42122130	Pompe ad acqua
42122160	Pompe di raffreddamento
42122161	Pompe di raffreddamento ad acqua
42122170	Pompe di lubrificazione
42122180	Pompe per combustibili
42122190	Pompe per calcestruzzo
42122200	Pompe volumetriche alternative per liquidi
42122210	Centraline idrauliche
42122220	Pompe per fognature
42122230	Pompe di dosaggio
42122300	Compressori di sovralimentazione per liquidi
42122400	Pompe centrifughe ed elevatori di liquidi
42122410	Pompe per uso medico
42122411	Pompe alimentari
42122419	Pompe a perfusione
42122420	Elevatori di liquidi
42122430	Pompe centrifughe
42122440	Pompe rotative
42122450	Pompe a vuoto
42122460	Pompe per aria
42122480	Pompe a girante
42122500	Pompe da laboratorio e accessori
42122510	Pompe peristaltiche
42123000	Compressori
42123100	Compressori di gas
42123200	Compressori rotanti
42123300	Compressori per apparecchi frigoriferi
42123400	Compressori pneumatici
42123410	Compressori d'aria carrellati
42123500	Turbocompressori
42123600	Compressori volumetrici alternativi
42123610	Centralina aria compressa
42123700	Compressori centrifughi
42123800	Compressori per aeromobili civili
42124000	Parti di pompe, compressori, macchine e motori
42124100	Parti di macchine o motori
42124130	Parti di macchine pneumatiche
42124150	Parti di macchine o motori idraulici
42124170	Parti di motori a reazione
42124200	Parti di pompe o di elevatori di liquidi
42124210	Parti di pompe per combustibili, pompe a mano e pompe per calcestruzzo
42124211	Parti di pompe per combustibili
42124212	Parti di pompe a mano
42124213	Parti di pompe per calcestruzzo
42124220	Parti di pompe volumetriche alternative
42124221	Parti di centraline idrauliche
42124222	Parti di pompe di dosaggio
42124230	Parti di pompe volumetriche rotative
42124290	Parti di pompe centrifughe
42124300	Parti di pompe per aria o a vuoto, di compressori di aria o gas
42124310	Parti di pompe per aria
42124320	Parti di pompe a vuoto
42124330	Parti di compressori pneumatici
42124340	Parti di compressori di gas
42130000	Rubinetti, valvole e articoli simili
42131000	Rubinetti e valvole
42131100	Valvole definite secondo la loro funzione
42131110	Valvole per termosifoni di riscaldamento centrale
42131120	Valvole a corsoio
42131130	Regolatori di temperatura
42131140	Valvole riduttrici di pressione, valvole di regolazione, di ritegno e di sicurezza
42131141	Valvole riduttrici di pressione
42131142	Valvole di regolazione
42131143	Valvole di regolazione delle piene
42131144	Valvole di regolazione di processo
42131145	Valvole di ritegno
42131146	Valvole di non ritorno
42131147	Valvole di sicurezza
42131148	Valvole di arresto
42131150	Valvole per colonne montanti
42131160	Idranti
42131170	Valvole di scarico per bombole a gas
42131200	Valvole definite in base alla loro struttura
42131210	Valvole a coltello
42131220	Valvole di condotte forzate
42131230	Valvole a saracinesca
42131240	Valvole a otturatore
42131250	Valvole ad ago
42131260	Valvole a sfera
42131270	Valvole a maschio
42131280	Valvole a farfalla
42131290	Valvole a diaframma
42131291	Cassetti di distribuzione
42131292	Valvole a cerniera
42131300	Alberi di natale e altri insiemi di valvole
42131310	Alberi di natale per piattaforme petrolifere
42131320	Collettori d'arresto
42131390	Insiemi di valvole
42131400	Rubinetti e valvole per sanitari
42132000	Parti di rubinetti e valvole
42132100	Attuatori di valvole
42132110	Attuatori elettrici di valvole
42132120	Attuatori idraulici di valvole
42132130	Attuatori pneumatici di valvole
42132200	Parti di rubinetti
42132300	Parti di valvole
42140000	Ingranaggi e organi di trasmissione
42141000	Ingranaggi cilindrici e organi di trasmissione
42141100	Alberi di trasmissione, a camme e a gomito
42141110	Alberi di trasmissione
42141120	Alberi a camme
42141130	Alberi a gomito
42141200	Supporti per cuscinetti
42141300	Cambi e ingranaggi
42141400	Volani e pulegge
42141410	Verricelli
42141500	Innesti
42141600	Paranchi
42141700	Giunti di accoppiamento
42141800	Giunti universali
42142000	Parti di ingranaggi e organi di trasmissione
42142100	Parti di dispositivi ad ingranaggi
42142200	Parti di organi di trasmissione
42150000	Reattori nucleari e loro parti
42151000	Reattori nucleari
42152000	Parti di reattori nucleari
42152100	Sistemi di raffreddamento dei reattori
42152200	Parti di contenitori di reattori nucleari
42160000	Impianti a caldaia
42161000	Caldaie per acqua calda
42162000	Caldaie a vapore
42163000	Generatori di vapore
42164000	Apparecchi ausiliari per caldaie
42165000	Condensatori di vapore
42200000	Macchine per il trattamento di alimenti, bevande e tabacco e relative parti
42210000	Macchine per la lavorazione di prodotti alimentari, bevande e tabacco
42211000	Macchinari da latteria
42211100	Scrematrici centrifughe
42212000	Macchinari per la lavorazione di cereali o legumi secchi
42213000	Macchinari per la produzione di bevande alcoliche o a base di frutta
42214000	Forni di cottura, essiccatori per prodotti agricoli ed apparecchi di cottura o riscaldamento
42214100	Forni di cottura
42214110	Graticole
42214200	Essiccatoi per prodotti agricoli
42215000	Macchinari per la preparazione o la produzione industriale di alimenti o bevande
42215100	Macchine per tagliare gli alimenti
42215110	Macchine per affettare il pane
42215120	Affettatrici per salumi
42215200	Macchinari per la lavorazione di prodotti alimentari
42215300	Macchine per la fabbricazione di paste alimentari
42216000	Macchinari per la lavorazione del tabacco
42220000	Parti di macchine per la lavorazione di prodotti alimentari, bevande e tabacco
42221000	Parti di macchinari per la lavorazione di prodotti alimentari
42221100	Parti di macchinari da latteria
42221110	Parti di macchine mungitrici
42222000	Parti di macchinari per la produzione di bevande
42223000	Parti di macchinari per la lavorazione del tabacco
42300000	Fornaci, inceneritori e forni industriali o da laboratorio
42310000	Bruciatori per forni
42320000	Inceneritori di rifiuti
42330000	Forni fusori
42340000	Forni non domestici
42341000	Forni commerciali
42350000	Forni crematori
42390000	Parti di bruciatori, fornaci e forni
42400000	Apparecchiature di sollevamento e movimentazione e loro parti
42410000	Apparecchiature di sollevamento e movimentazione
42411000	Paranchi e argani
42412000	Macchine di estrazione, verricelli specialmente concepiti per uso in sotterraneo, argani
42412100	Macchine di estrazione e verricelli per uso in sotterraneo
42412110	Macchine di estrazione
42412120	Verricelli per uso in sotterraneo
42412200	Argani
42413000	Martinetti e dispositivi per il sollevamento di veicoli
42413100	Sistemi di sollevamento a martinetto fissi
42413200	Martinetti idraulici
42413300	Martinetti pneumatici
42413400	Martinetti meccanici
42413500	Dispositivi per il sollevamento di veicoli
42414000	Gru, gru a portale mobili, gru semoventi
42414100	Gru
42414110	Gru portuali
42414120	Gru da banchina
42414130	Gru accatastatrici
42414140	Gru da container
42414150	Gru a torre
42414200	Carriponte
42414210	Gru mobile
42414220	Ponte sollevabile scorrevole
42414300	Gru a braccio su portale
42414310	Gru a portale mobili
42414320	Gru a braccio su cavalletto
42414400	Gru montate su autoveicoli
42414410	Gru per autocarri
42414500	Gru a ponte
42415000	Carrelli a forca, carelli operatori, carrelli-trattori usati nelle stazioni ferroviarie
42415100	Carrelli elevatori
42415110	Carrelli a forca
42415200	Carrelli operatori
42415210	Carrelli operatori muniti di attrezzature di movimentazione
42415300	Carrelli-trattori usati nelle stazioni ferroviarie
42415310	Veicoli indipendenti su rotaia
42415320	Attrezzature per veicoli di emergenza
42416000	Ascensori, elevatori a skip, impianti di sollevamento, scale e marciapiedi mobili
42416100	Ascensori
42416110	Dispositivi di sollevamento per vasche da bagno
42416120	Piccoli montacarichi
42416130	Ascensori meccanici
42416200	Elevatori a skip
42416210	Dispositivi di sollevamento per cassonetti
42416300	Impianti di sollevamento
42416400	Scale mobili
42416500	Marciapiedi mobili
42417000	Elevatori e trasportatori
42417100	Elevatori o trasportatori pneumatici
42417200	Trasportatori
42417210	Elevatori o trasportatori ad azione continua, del tipo a secchielli
42417220	Elevatori o trasportatori ad azione continua, del tipo a nastro
42417230	Trasportatori blindati per uso in sotterraneo
42417300	Attrezzature per trasportatori
42417310	Nastri trasportatori
42418000	Macchinari di sollevamento, movimentazione, carico e scarico
42418100	Spingivagoni da miniera e trasbordatori di locomotive o vagoni
42418200	Attrezzature per monorotaia e sciovie
42418210	Attrezzature per monorotaia sopraelevata
42418220	Seggiovie
42418290	Attrezzature per sciovie
42418300	Dispositivo di rimozione della torcia
42418400	Macchine di stoccaggio e recupero rotanti
42418500	Attrezzature meccaniche di movimentazione
42418900	Macchine di carico o movimentazione
42418910	Attrezzature di carico
42418920	Attrezzature di scarico
42418930	Caricatori laterali
42418940	Attrezzature di movimentazione container
42419000	Parti di attrezzature di carico e movimentazione
42419100	Parti di gru
42419200	Parti di carrelli di movimentazione
42419500	Parti di ascensori, elevatori a skip o scale mobili
42419510	Parti di ascensori
42419520	Parti di elevatori a skip
42419530	Parti di scale mobili
42419540	Parti di marciapiedi mobili
42419800	Parti di trasportatori
42419810	Parti di trasportatori a nastro
42419890	Parti di trasportatori a secchielli
42419900	Parti di macchine di estrazione e di altri apparecchi di sollevamento e movimentazione
42420000	Benne, pale, morse e grinfe per gru o escavatori
42500000	Apparecchiature di raffreddamento e ventilazione
42510000	Scambiatori di calore, apparecchiature refrigeranti, condizionatori e dispositivi di filtraggio
42511000	Scambiatori di calore e congegni per la liquefazione dell'aria o di altri gas
42511100	Scambiatori di calore
42511110	Pompe di calore
42511200	Congegni per la liquefazione dell'aria o di altri gas
42512000	Impianti di condizionamento dell'aria
42512100	Condizionatori d'aria da finestra
42512200	Condizionatori d'aria murali
42512300	Unità di riscaldamento, ventilazione e condizionamento d'aria
42512400	Condizionatori d'aria per autoveicoli
42512500	Parti di condizionatori d'aria
42512510	Valvole di tiraggio
42512520	Bocchette di ventilazione
42513000	Apparecchi di refrigerazione e congelazione
42513100	Apparecchi congelatori
42513200	Apparecchi refrigeratori
42513210	Vetrine refrigerate
42513220	Banconi refrigerati
42513290	Apparecchi refrigeratori per il commercio
42514000	Macchine e apparecchi di filtraggio o purificazione di gas
42514200	Depuratori elettrostatici di aria e gas
42514300	Apparecchi di filtraggio
42514310	Filtri per aria
42514320	Filtri per gas
42515000	Caldaie per teleriscaldamento
42520000	Apparecchiature di ventilazione
42521000	Apparecchiature di estrazione fumi
42522000	Ventilatori non domestici
42522100	Parti di ventilatori
42530000	Parti di apparecchi di refrigerazione e congelazione e di pompe di calore
42531000	Parti di apparecchi di refrigerazione
42532000	Parti di apparecchi di congelazione
42533000	Parti di pompe di calore
42600000	Macchine utensili
42610000	Macchine utensili operanti con laser e centri di lavorazione
42611000	Macchine utensili per lavorazioni specifiche
42612000	Centro di lavorazione
42612100	Centro di lavorazione ad albero orizzontale
42612200	Centro di lavorazione ad albero verticale
42620000	Torni, alesatrici e fresatrici
42621000	Torni
42621100	Tornio CNC
42622000	Macchine filettatrici o maschiatrici
42623000	Fresatrici
42630000	Macchine utensili per la lavorazione dei metalli
42631000	Macchine per la rifinitura di metalli
42632000	Macchine a comando numerico per la lavorazione dei metalli
42633000	Macchine per piegare, curvare, raddrizzare o spianare
42634000	Macchine per fucinatura
42635000	Macchine per stampaggio
42636000	Presse
42636100	Presse idrauliche
42637000	Macchine utensili foratrici, alesatrici o fresatrici per metalli
42637100	Macchine utensili foratrici per metalli
42637200	Macchine utensili alesatrici per metalli
42637300	Macchine utensili fresatrici per metalli
42638000	Centro di lavorazione per metalli
42640000	Macchine utensili per la lavorazione di materiali duri, esclusi i metalli
42641000	Macchine utensili per la lavorazione di pietre, ceramica, calcestruzzo o vetro
42641100	Macchine utensili per la lavorazione delle pietre
42641200	Macchine utensili per la lavorazione della ceramica
42641300	Macchine utensili per la lavorazione del calcestruzzo
42641400	Macchine utensili per la lavorazione del vetro
42642000	Macchine utensili per la lavorazione del legno, dell'osso, del sughero, dell'ebanite o della plastica dura
42642100	Macchine utensili per la lavorazione del legno
42642200	Macchine utensili per la lavorazione dell'osso
42642300	Macchine utensili per la lavorazione del sughero
42642400	Macchine utensili per la lavorazione dell'ebanite
42642500	Macchine utensili per la lavorazione della plastica dura
42650000	Utensili a mano, pneumatici o a motore
42651000	Utensili a mano pneumatici
42652000	Utensili a mano elettromeccanici
42660000	Utensili per brasatura e saldatura, macchine ed apparecchiature per tempera superficiale e spruzzatura a caldo
42661000	Apparecchiature per saldatura e brasatura
42661100	Apparecchiature per brasatura dolce
42661200	Apparecchiature per brasatura forte
42662000	Apparecchiature per saldatura
42662100	Apparecchiature per saldataura elettrica
42662200	Apparecchiature per saldataura non elettrica
42663000	Macchine per tempera superficiale
42664000	Apparecchiature per fusione
42664100	Apparecchiature per la fusione della plastica
42665000	Macchinari per la spruzzatura dei metalli
42670000	Parti e accessori di macchine utensili
42671000	Supporti per utensili
42671100	Supporti per strumenti per laboratorio
42671110	Supporti per provette per bagni
42672000	Portapezzi per macchine utensili
42673000	Dispositivi divisori per macchine utensili
42674000	Parti e accessori per macchine utensili destinate alla lavorazione dei metalli
42675000	Parti e accessori per macchine utensili destinate alla lavorazione di materie dure
42675100	Parti di segatrici a catena
42676000	Parti di utensili a mano
42677000	Parti di utensili pneumatici
42700000	Macchinari per l'industria tessile, dell'abbigliamento e della concia
42710000	Macchinari per prodotti tessili
42711000	Macchine per la lavorazione di fibre tessili artificiali
42712000	Macchine per la filatura
42713000	Telai per tessitura
42714000	Telai per maglieria
42715000	Macchine da cucire
42716000	Lavatrici per lavanderia, macchine per lavaggio a secco ed asciugatrici
42716100	Impianti per il lavaggio della biancheria
42716110	Apparecchiature per il lavaggio della biancheria
42716120	Lavatrici
42716130	Lavatrici a secco
42716200	Asciugatrici
42717000	Apparecchi per stirare e piegare la biancheria
42717100	Apparecchi per piegare la biancheria
42718000	Macchine per le finiture tessili
42718100	Macchine per la stiratura
42718200	Presse per la stiratura
42720000	Parti di macchinari per l'industria tessile e dell'abbigliamento
42800000	Macchinari per la fabbricazione della carta e del cartone
42810000	Parti di macchinari per la fabbricazione di carta e cartone
42900000	Macchinari vari per usi generali e specifici
42910000	Apparecchi di distillazione, filtraggio o rettificazione
42912000	Macchinari e apparecchi di filtraggio o purificazione di liquidi
42912100	Macchine e apparecchi di filtraggio di liquidi
42912110	Apparecchi di filtraggio di fanghi di perforazione
42912120	Macchinari a idrociclone
42912130	Apparecchi di filtraggio o depurazione di bevande
42912300	Macchinari e apparecchi di filtraggio o depurazione dell'acqua
42912310	Apparecchi di filtraggio dell'acqua
42912320	Apparecchi di disaerazione
42912330	Apparecchi di depurazione dell'acqua
42912340	Apparecchi di desalinizzazione
42912350	Apparecchiature per impianti di filtraggio
42913000	Filtri dell'olio, dell'aria e della benzina
42913300	Filtri dell'olio
42913400	Filtri della benzina
42913500	Filtri dell'aria
42914000	Impianti di riciclaggio
42920000	Macchinari per la pulizia delle bottiglie, l'imballaggio e la pesatura e macchinari a spruzzo
42921000	Macchinari per la pulizia, il riempimento, l'inscatolamento o l'imballaggio di bottiglie o altri contenitori
42921100	Macchinari per la pulizia o l'asciugatura di bottiglie o altri contenitori
42921200	Macchinari per il riempimento e la chiusura di bottiglie, lattine e altri contenitori
42921300	Macchinari per l'inscatolamento o l'imballaggio
42921310	Apparecchi per cerchiare gli imballaggi
42921320	Macchine da imballaggio
42921330	Macchine confezionatrici
42923000	Macchinari per la pesatura e bilance
42923100	Macchinari per la pesatura
42923110	Bilance
42923200	Basculle
42923210	Bilance per negozi
42923220	Bilance per la pesatura in continuo di beni
42923230	Bilance pesatrici e riempitrici
42924200	Macchine a getto di vapore o sabbia
42924300	Apparecchiature a spruzzo
42924310	Pistole a spruzzo
42924700	Congegni meccanici a getto, dispersione o spruzzo
42924710	Apparecchi per la dispersione di gas
42924720	Apparecchi di decontaminazione
42924730	Apparecchi per la pulizia ad acqua pressurizzata
42924740	Apparecchi di pulizia ad alta pressione
42924790	Apparecchi di deodorazione
42930000	Centrifughe, apparecchi di calandratura e distributori automatici
42931000	Centrifughe
42931100	Centrifughe per laboratori e accessori
42931110	Centrifughe da pavimento
42931120	Centrifughe da banco
42931130	Riduttori per centrifughe
42931140	Attrezzature di rotazione per centrifughe
42932000	Apparecchi di calandratura
42932100	Macchine laminatrici
42933000	Distributori automatici
42933100	Distributori automatici di prodotti per l'igiene
42933200	Distributori automatici di francobolli
42933300	Distributori automatici di prodotti
42940000	Macchinari per il trattamento termico di sostanze
42941000	Macchinari per il trattamento termico di gas
42942000	Forni e accessori
42942200	Forni a vuoto
42943000	Bagni termostatici e accessori
42943100	Bobine di refrigerazione
42943200	Bagni agli ultrasuoni
42943210	Termostati a immersione
42943300	Refrigeratori a immersione
42943400	Circolatori di raffreddamento e di raffreddamento/riscaldamento
42943500	Refrigeratori a ricircolazione
42943600	Circolatori ad alta termperatura
42943700	Circolatori per riscaldamento
42943710	Coperture di bagni
42950000	Parti di macchinari di impiego generale
42952000	Parti di centrifughe
42953000	Parti di apparecchi di calandratura
42954000	Parti di macchine laminatrici
42955000	Parti di macchinari di filtraggio
42956000	Parti di macchinari di depurazione
42957000	Parti di macchine a spruzzo
42958000	Pesi per macchine per la pesatura
42959000	Lavastoviglie industriali
42960000	Sistemi di comando e controllo, attrezzature per stampa, grafica, automazione uffici e trattamento dell'informazione
42961000	Sistemi di comando e controllo
42961100	Sistemi di controllo di accesso
42961200	Sistemi Scada o equivalente
42961300	Sistemi di localizzazione veicoli
42961400	Sistemi di spedizione
42962000	Attrezzatura per stampa e grafica
42962100	Sistemi di stampa su pellicola
42962200	Presse da stampa
42962300	Stazioni di lavoro grafiche
42962400	Duplicatori ettografici
42962500	Macchine per incidere
42963000	Pressa per coniare
42964000	Apparecchiature di automazione uffici
42965000	Apparecchiature di trattamento dell'informazione
42965100	Sistemi di gestione magazzini
42965110	Sistemi di deposito
42967000	Unità di comando
42967100	Unità di comando a distanza digitale
42968000	Apparecchi distributori
42968100	Distributori di bevande
42968200	Distributori di prodotti per l'igiene
42968300	Sistemi portarotoli per carta igienica
42970000	Parti di lavastoviglie e di macchine per pulire, riempire, inscatolare e imballare
42971000	Parti di lavastoviglie
42972000	Parti di macchine per la pulizia
42973000	Parti di macchine per il riempimento
42974000	Parti di macchine per l'inscatolamento
42975000	Parti di macchine per l'imballaggio
42980000	Generatori di gas
42981000	Generatori di ozono
42990000	Macchinari vari per impieghi speciali
42991000	Macchinari per la produzione di carta, per la stampa e la legatura e loro parti
42991100	Macchine per la legatura di libri
42991110	Macchinari per la cucitura di libri
42991200	Macchinari per la stampa
42991210	Macchinari per la stampa offset
42991220	Macchinari per la composizione
42991230	Macchine per la stampa di biglietti
42991300	Sistema di fotocomposizione
42991400	Essiccatoi per legno, pasta da carta, carta o cartone
42991500	Parti di macchinari per la stampa e la legatura di libri
42992000	Articoli elettrici per uso speciale
42992100	Gabbia di Faraday
42992200	Camera anecoica
42992300	Materiale assorbente elettromagnetico
42993000	Macchinari per l'industria chimica
42993100	Cloratori
42993200	Impianti di dosaggio
42994000	Macchinari per la lavorazione della gomma o della plastica
42994100	Macchine per la fabbricazione di finestre e telai di plastica
42994200	Macchine per la lavorazione della plastica
42994220	Accessori per laminazione
42994230	Laminatoi
42995000	Macchine varie per pulizia
42995100	Impianto di lavaggio a tunnel
42995200	Macchine per la pulizia delle spiagge
42996000	Macchine per il trattamento delle acque residue
42996100	Trituratori
42996110	Maceratori per il trattamento di acque residue
42996200	Presse per fanghi
42996300	Raschiatori
42996400	Miscelatori
42996500	Filtri per acque reflue
42996600	Attrezzature per ossigenazione
42996700	Precipitatori
42996800	Letti di sedimentazione
42996900	Impianto di trattamento fanghi
42997000	Apparecchiature per condutture
42997100	Macchine per il controllo della superficie interna delle condutture
42997200	Macchine per la pulizia della superficie interna delle condutture
42997300	Robot industriali
42998000	Sistema di raccolta pallet
42998100	Sistema di recupero pallet
42999000	Aspirapolvere e lucidatrici di pavimenti per uso non domestico
42999100	Aspirapolvere per uso non domestico
42999200	Lucidatrici per pavimenti per uso non domestico
42999300	Parti di aspirapolvere per uso non domestico
42999400	Parti di lucidatrici di pavimenti per uso non domestico
43000000	Macchine per l'industria mineraria, lo scavo di cave, attrezzature da costruzione
43100000	Macchine per l'industria mineraria
43120000	Macchinari per lo scavo di gallerie, tagliatrici-abbattitrici, perforatrici o trivellatrici
43121000	Macchinari per la trivellazione di pozzi
43121100	Strumenti di rotolamento per teste di pozzi
43121200	Dispositivi di accoppiamento per colonna montante
43121300	Apparecchiature di completamento per pozzi
43121400	Apparecchiature di intervento per pozzi
43121500	Apparecchiature per prove di pozzi
43121600	Apparecchiature antieruzione
43122000	Tagliatrici-abbattitrici per carbone o roccia
43123000	Macchine per lo scavo di gallerie
43124000	Macchinari di scavo
43124100	Talpe
43124900	Apparecchiature di perforazione della roccia
43125000	Macchinari per scavo pozzi
43130000	Apparecchiature per trivellazione
43131000	Piattaforme di produzione offshore
43131100	Apparecchiature offshore
43131200	Dispositivo di trivellazione offshore
43132000	Apparecchiature di trivellazione petrolifera
43132100	Macchinari di perforazione
43132200	Torre di perforazione
43132300	Trivelle
43132400	Attrezzature per condotte
43132500	Supporti per liner
43133000	Equipaggiamenti per piattaforme petrolifere
43133100	Slitte
43133200	Moduli montati su slitta
43134000	Macchinari per campi petroliferi
43134100	Pompe sommergibili
43135000	Attrezzature sottomarine
43135100	Sistemi di controllo sottomarino
43136000	Attezzature di fondo
43140000	Supporti per armamento idraulico marciante
43200000	Macchinari per movimento terra ed escavazione e relative parti
43210000	Macchinari per movimento terra
43211000	Bulldozer
43212000	Apripista con lama inclinabile
43220000	Livellatrici e regolatrici
43221000	Livellatrici stradali
43230000	Ruspe
43240000	Macchine costipatrici
43250000	Caricatori frontali
43251000	Caricatori frontali con cucchiaia rovescia
43252000	Caricatori frontali senza cucchiaia rovescia
43260000	Pale meccaniche, escavatori, pale caricatrici e macchinari per l'industria mineraria
43261000	Pale meccaniche
43261100	Pale meccaniche caricatrici
43262000	Macchine escavatrici
43262100	Escavatori meccanici
43300000	Macchinari e attrezzature per costruzione
43310000	Macchinari per ingegneria civile
43311000	Battipali
43312000	Macchine per rivestimenti stradali
43312100	Spianatrici
43312200	Spandipietrisco
43312300	Macchinari per pavimentazioni stradali
43312400	Rulli compressori
43312500	Rulli meccanici
43313000	Spazzaneve e sgombraneve a turbina
43313100	Spazzaneve
43313200	Sgombraneve a turbina
43314000	Estrattori per pali
43315000	Costipatori
43316000	Macchine posacavi
43320000	Attrezzature per costruzione
43321000	Attrezzature di sospensione ponti
43322000	Attrezzature di smantellamento
43323000	Impianti di irrigazione
43324000	Impianti di drenaggio
43324100	Impianti per piscine
43325000	Attrezzature per parchi e campi da gioco
43325100	Attrezzature per la manutenzione dei terreni
43327000	Apparecchiature prefabbricate
43328000	Impianti idraulici
43328100	Attrezzature idrauliche
43329000	Insieme di attrezzature
43400000	Macchinari per la preparazione dei minerali e la modellazione di forme per fonderia
43410000	Macchinari per la preparazione dei minerali
43411000	Macchinari per la cernita e il filtraggio
43412000	Macchine mescolatrici di ghiaia e bitume
43413000	Mescolatori di malta e calcestruzzo
43413100	Mescolatori di cemento
43414000	Macchine per macinazione
43414100	Mulini per la polverizzazione del carbone
43415000	Stampi per fonderia
43420000	Macchinari per la modellazione di forme per fonderia
43500000	Veicoli cingolati
43600000	Parti di macchine per miniere, cave e cantieri
43610000	Parti di macchinari di perforazione
43611000	Parti di macchinari per la trivellazione di pozzi
43611100	Tappi ponte
43611200	Trivelle industriali
43611300	Perni per trivellazione
43611400	Chiavi di manovra
43611500	Tavole rotanti
43611600	Supporti di tubazioni per fanghi
43611700	Attrezzature di raccordo
43612000	Parti di macchinari per pozzi di estrazione
43612100	Supporti per casing
43612200	Attrezzature di supporto per liner
43612300	Tensionatori per riser di produzione
43612400	Teste di pozzo
43612500	Attrezzature di raccordo per riser di produzione
43612600	Sistemi di controllo per teste di pozzo
43612700	Attrezzature per teste di pozzo
43612800	Sistemi di sollevamento di apparecchi di trivellazione
43613000	Parti di tagliatrici-abbattitrici di carbone o roccia
43613100	Parti di tagliatrici-abbattitrici di carbone
43613200	Parti di tagliatrici-abbattitrici di roccia
43614000	Parti di macchine per lo scavo di gallerie
43620000	Parti di macchinari per la preparazione dei minerali
43630000	Parti di macchinari per scavo pozzi
43640000	Parti di macchinari per escavazioni
43700000	Macchinari per la metallurgia e loro parti
43710000	Macchinari per laminazione
43711000	Parti di macchinari per laminazione
43720000	Macchine per colare
43721000	Parti di macchine per colare
43800000	Impianti per officine
43810000	Impianti per la lavorazione del legno
43811000	Smerigliatrici
43812000	Segatrici
43820000	Attrezzature per la fabbricazione delle scarpe
43830000	Utensili a motore
43840000	Attrezzature da fabbro
44000000	Strutture e materiali per costruzione, prodotti ausiliari per costruzione (apparecchiature elettriche escluse)
44100000	Materiali per costruzione e articoli connessi
44110000	Materiali per costruzione
44111000	Materiali da costruzione
44111100	Mattoni
44111200	Cemento
44111210	Cemento di perforazione
44111300	Ceramiche
44111400	Pitture e rivestimenti murali
44111500	Isolanti e accessori per isolamento
44111510	Isolanti
44111511	Isolanti elettrici
44111520	Isolanti termici
44111530	Accessori per isolamento elettrico
44111540	Vetro isolante
44111600	Blocchi
44111700	Piastrelle
44111800	Malta (costruzione)
44111900	Piastrelle da pavimentazione di ceramica
44112000	Strutture varie di costruzioni
44112100	Pensiline
44112110	Elementi di pensiline
44112120	Sezioni di profilo
44112200	Rivestimenti di pavimenti
44112210	Rivestimenti rigidi di pavimenti
44112220	Contropavimenti
44112230	Linoleum
44112240	Parquet
44112300	Tramezzi
44112310	Pareti divisorie
44112400	Tetti
44112410	Ossature per tetti
44112420	Sostegni di tetti
44112430	Capriate di copertura
44112500	Materiale per coperture
44112510	Scandole
44112600	Isolamento acustico
44112700	Travi
44113000	Materiali per costruzione stradale
44113100	Materiali per pavimentazione
44113120	Lastre per pavimentazione
44113130	Pietre per pavimentazione
44113140	Pietrame stradale
44113200	Pietre da lastrico
44113300	Materiali bitumati
44113310	Materiali stradali bitumati
44113320	Pietrisco conglomerato
44113330	Materiali di ricoprimento
44113500	Perle di vetro
44113600	Bitume e asfalto
44113610	Bitume
44113620	Asfalto
44113700	Materiali per la riparazione stradale
44113800	Materiali per rivestimento stradale
44113810	Rivestimento di superficie
44113900	Materiali per la manutenzione stradale
44113910	Materiali per la manutenzione invernale
44114000	Calcestruzzo
44114100	Calcestruzzo premiscelato
44114200	Prodotti di calcestruzzo
44114210	Pilastri di calcestruzzo
44114220	Tubazioni e raccordi di calcestruzzo
44114250	Lastre di calcestruzzo
44115000	Impianti per edifici
44115100	Condotti
44115200	Materiali per idraulica e per riscaldamento
44115210	Materiali per idraulica
44115220	Materiali per riscaldamento
44115310	Avvolgibili
44115400	Lucernari
44115500	Impianti di estinzione a spruzzo
44115600	Elevatori su rampa
44115700	Persiane esterne
44115710	Tetti a sbalzo
44115800	Arredi interni per edifici
44115810	Riloghe e tende
44115811	Riloghe
44115900	Dispositivi di protezione solare
44130000	Condotte fognarie
44131000	Camere per acque di scarico
44132000	Elementi di acquedotti
44133000	Fondi in ferro dolce
44134000	Curve
44140000	Prodotti connessi ai materiali da costruzione
44141000	Condutture
44141100	Condutture elettriche
44142000	Strutture
44143000	Pallet
44144000	Pilastri
44160000	Condutture, tubi, tubazioni, alloggiamenti, tubaggi e articoli connessi
44161000	Oleodotti
44161100	Gasdotti
44161110	Rete per la distribuzione del gas
44161200	Condotte idriche
44161400	Condutture subacquee
44161410	Condutture sottomarine
44161500	Condutture ad alta pressione
44161600	Condutture a bassa pressione
44161700	Turbinette per condutture
44161710	Lanciatori di turbinette per tubazioni
44161720	Ricevitori di turbinette per tubazioni
44161730	Stazioni di turbinette per tubazioni
44162000	Tubazioni
44162100	Accessori di tubazioni
44162200	Tubazioni di distribuzione
44162300	Tubazioni per acque luride
44162400	Pozzetti in argilla vetrificata
44162500	Tubazioni per acqua potabile
44163000	Tubazioni e raccordi
44163100	Tubature
44163110	Tubazioni di drenaggio
44163111	Tubazioni di scarico
44163112	Sistema di drenaggio
44163120	Tubazioni per teleriscaldamento
44163121	Tubazioni per riscaldamento
44163130	Tubazioni per fogne
44163140	Tubazioni per vapore e acqua
44163150	Tubazioni a bassa pressione
44163160	Tubazioni e accessori per la distribuzione
44163200	Raccordi per tubazioni
44163210	Collari serratubo
44163230	Connettori per tubi
44163240	Giunti per tubi
44163241	Giunti isolanti
44164000	Rivestimenti e tubazioni
44164100	Tubazioni di rivestimento
44164200	Tubi
44164300	Articoli tubolari
44164310	Tubi e accessori
44165000	Tubi flessibili, colonne montanti e manicotti
44165100	Tubi flessibili
44165110	Tubi per trivellazione
44165200	Colonne montanti
44165210	Colonne montanti flessibili
44165300	Manicotti
44166000	Tubazioni per oleodotti
44167000	Raccordi vari
44167100	Giunti
44167110	Flange
44167111	Giunti a flangia
44167200	Morsetti e collari di riparazione
44167300	Gomiti, giunti a T e raccordi
44167400	Gomiti
44170000	Piastre, fogli, strisce e lamine connessi a metariali da costruzione
44171000	Piastre (costruzione)
44172000	Fogli (costruzione)
44173000	Strisce
44174000	Lamine
44175000	Pannelli
44176000	Pellicole
44190000	Materiali da costruzione vari
44191000	Materiali da costruzione vari in legno
44191100	Compensato
44191200	Legno lamellato
44191300	Pannelli di trucioli
44191400	Pannelli di fibre
44191500	Legno densificato
44191600	Pannelli per parquet
44192000	Altri materiali da costruzione vari
44192100	Schiuma di PVC
44192200	Chiodi
44200000	Prodotti strutturali
44210000	Strutture e parti di strutture
44211000	Edifici prefabbricati
44211100	Abitazioni modulari
44211110	Cabine
44211200	Cubicoli
44211300	Ospedale da campo
44211400	Cucine da campo
44211500	Serre
44212000	Prodotti strutturali e parti tranne edifici prefabbricati
44212100	Ponte
44212110	Sezioni di ponti
44212120	Strutture di ponti
44212200	Torri, tralicci, derrick e piloni
44212210	Derrick
44212211	Derrick di trivellazione
44212212	Derrick di trivellazione statici
44212220	Piloni, pali e paletti
44212221	Piloni
44212222	Piloni per il trasporto di elettricità
44212223	Supporti di piloni
44212224	Pali per linee elettriche aeree
44212225	Pali
44212226	Pali elettrici
44212227	Paletti
44212230	Torri
44212233	Torri piezometriche
44212240	Travi portanti
44212250	Tralicci (piloni)
44212260	Piloni di antenna radio o televisione
44212261	Piloni di antenna radio
44212262	Piloni di antenna televisione
44212263	Supporti a traliccio
44212300	Strutture e parti
44212310	Impalcature
44212311	Puntoni per archi
44212312	Puntelli per archi
44212313	Sostegni
44212314	Collari per tubazioni
44212315	Equipaggiamento per impalcature
44212316	Supporti ad arco
44212317	Strutture di impalcature
44212318	Supporti di condutture
44212320	Strutture varie
44212321	Pensiline per fermate autobus
44212322	Cabine telefoniche
44212329	Diaframmi di sicurezza
44212380	Parti di strutture
44212381	Rivestimento
44212382	Paratoie
44212383	Serrande
44212390	Chiuse
44212391	Saracinesche
44212400	Palancole
44212410	Palancolate
44212500	Angoli e sezioni
44212510	Angoli
44212520	Sezioni
44220000	Falegnameria per costruzioni
44221000	Finestre, porte e articoli affini
44221100	Finestre
44221110	Infissi di finestre
44221111	Infissi a doppi vetri
44221120	Porte-finestre
44221200	Porte
44221210	Pannelli per porte
44221211	Telai di porte
44221212	Zanzariere per porte
44221213	Soglie di porte
44221220	Porte tagliafuoco
44221230	Porte scorrevoli
44221240	Porte di garage
44221300	Cancelli
44221310	Cancelli di accesso
44221400	Persiane
44221500	Soglie
44230000	Carpenteria per costruzioni
44231000	Pannelli pronti per recinzioni
44232000	Capriate in legno
44233000	Scale
44300000	Cavi, fili metallici e prodotti affini
44310000	Prodotti di fili metallici
44311000	Cavi a trefoli
44312000	Filo per recinzioni
44312300	Filo spinato
44313000	Rete metallica
44313100	Graticolato
44313200	Tela metallica
44315000	Vergelle
44315100	Accessori per saldatura
44315200	Materiali per saldatura
44315300	Materiali per brasatura dolce o forte
44315310	Materiali per brasatura dolce
44315320	Materiali per brasatura forte
44316000	Ferramenta
44316100	Incudini
44316200	Forgia portatile
44316300	Griglie
44316400	Articoli di ferro
44316500	Articoli di fabbro
44316510	Articoli di fabbro ferraio
44317000	Brache in ferro o acciaio
44318000	Conduttori
44320000	Cavi e prodotti affini
44321000	Cavi
44322000	Accessori per cavi
44322100	Condotte per cavi
44322200	Connettori per cavi
44322300	Dotti per cavi
44322400	Elementi di fissaggio per cavi
44330000	Barre, aste, fili e profili per costruzioni
44331000	Barre
44332000	Aste (costruzione)
44333000	Fili
44334000	Profili
44400000	Prodotti fabbricati vari e articoli affini
44410000	Articoli per il bagno e la cucina
44411000	Articoli sanitari
44411100	Rubinetti
44411200	Vasche da bagno
44411300	Lavelli
44411400	Piatti doccia
44411600	Bidè
44411700	Sedili, coperchi, vasi, tazze e cassette di scarico per servizi igienici
44411710	Sedili per servizi igienici
44411720	Coperchi per servizi igienici
44411740	Tazze per servizi igienici
44411750	Cassette di scarico
44411800	Orinali
44420000	Prodotti utilizzati nella costruzione
44421000	Casseforti o cassette di sicurezza e porte blindate o rinforzate
44421300	Casseforti
44421500	Porte blindate o rinforzate
44421600	Depositi di sicurezza
44421700	Scatole e armadietti
44421710	Armadietti per deposito bagagli
44421720	Armadietti con serratura
44421721	Cassette di sicurezza
44421722	Casse di sicurezza
44421780	Scrigni di sicurezza
44421790	Casseforti portatili
44422000	Cassette delle lettere
44423000	Articoli vari
44423100	Campane
44423200	Scale a pioli
44423220	Scale pieghevoli
44423230	Scalei
44423300	Attrezzatura per movimentazione merci
44423330	Piattaforme per movimentazione merci
44423340	Accessori di cavi per mezzi di movimentazione merci
44423400	Segnaletica e articoli affini
44423450	Targhette
44423460	Targhe indirizzo
44423700	Elementi di pozzetti
44423710	Coperchi per idranti sottosuolo
44423720	Casse di delimitazione
44423730	Intelaiatura di chiusini
44423740	Chiusini
44423750	Coperchi per drenaggi
44423760	Coperchi per accessi
44423790	Gradini in ferro per pozzetti
44423800	Matrici metalliche
44423810	Timbri di gomma
44423850	Forme
44423900	Anodi sacrificali
44424000	Scatole per contatori e nastri
44424100	Scatole per contatori
44424200	Nastri adesivi
44424300	Nastro riflettente
44425000	Anelli, sigilli, fasce, aste e materiali di sigillatura
44425100	Anelli elastici
44425110	Anelli di rinforzo autoadesivi
44425200	Rondelle di gomma
44425300	Nastri di gomma
44425400	Materiali di sigillatura
44425500	Aste di plastica
44430000	Protezioni blindate
44431000	Piastre di protezione
44440000	Cuscinetti
44441000	Microsfere
44442000	Cuscinetti a rulli
44450000	Acciaio dolce
44451000	Monete grezze
44452000	Cassette per monete
44460000	Puntelli e travi per miniera
44461000	Puntelli
44461100	Puntelli da miniera
44462000	Travi per miniera
44464000	Cingoli
44470000	Prodotti in ghisa
44480000	Attrezzature varie di protezione antincendio
44481000	Scale a piattaforma
44481100	Scale antincendio
44482000	Dispositivi di protezione antincendio
44482100	Manichette antincendio
44482200	Bocche per idranti
44500000	Utensili, serrature, chiavi, cerniere, chiusure, catene e molle
44510000	Utensili
44511000	Utensili a mano
44511100	Vanghe e badili
44511110	Vanghe
44511120	Badili
44511200	Forche da giardinaggio
44511300	Marre, picconi, zappe, rastrelli e rastrelli da spiaggia
44511310	Marre
44511320	Picconi
44511330	Zappe
44511340	Rastrelli
44511341	Rastrelli da spiaggia
44511400	Asce
44511500	Seghe a mano
44511510	Lame per seghe a mano
44512000	Utensili a mano vari
44512100	Scalpelli
44512200	Tenaglie
44512210	Pinze per crimpatura
44512300	Martelli
44512400	Morsetti per fili
44512500	Chiavi per bulloni
44512600	Utensili per lavori stradali
44512610	Rulli a punte per superfici stradali
44512700	Lime o raspe
44512800	Cacciaviti
44512900	Punte a forare, punte di cacciaviti ed altri accessori
44512910	Punte a forare
44512920	Punte di cacciaviti
44512930	Portautensili
44512940	Cassette per utensili
44513000	Utensili a pedale
44514000	Manici e parti di utensili
44514100	Manici di utensili
44514200	Parti di utensili
44520000	Serrature, chiavi e cerniere
44521000	Lucchetti e serrature vari
44521100	Serrature
44521110	Serrature per porte
44521120	Serrature elettroniche di sicurezza
44521130	Serrature di sicurezza rinforzate
44521140	Serrature per mobili
44521200	Lucchetti e catene
44521210	Lucchetti
44522000	Ganci, parti di serrature e chiavi
44522100	Ganci
44522200	Chiavi
44522300	Parti di lucchetti
44522400	Parti di serrature
44523000	Cerniere, supporti e accessori
44523100	Cerniere
44523200	Supporti
44523300	Accessori
44530000	Elementi di fissaggio
44531000	Elementi di fissaggio filettati
44531100	Viti per legno
44531200	Viti a gancio o anelli a passo di vite
44531300	Viti autofilettanti
44531400	Bulloni
44531500	Insiemi di giunti flangiati
44531510	Bulloni e viti
44531520	Bulloni a testa quadra e tirafondi
44531600	Dadi
44531700	Articoli filettati di ferro o acciaio
44532000	Dispositivi di fissaggio non filettati
44532100	Ribattini
44532200	Rondelle
44532300	Coppiglie
44532400	Stecche in acciaio
44533000	Elementi di fissaggio di rame
44540000	Catene
44541000	Catene articolate
44542000	Parti di catene
44550000	Molle
44600000	Cisterne, serbatoi e contenitori radiatori e caldaie per riscaldamento centrale
44610000	Cisterne, serbatoi, contenitori e recipienti a pressione
44611000	Cisterne
44611100	Bombole ad aria
44611110	Bombole ad aria compressa
44611200	Apparecchi respiratori
44611400	Cisterne di stoccaggio
44611410	Cisterne per petrolio
44611420	Cisterne per fanghi
44611500	Cisterne per acqua
44611600	Serbatoi
44612000	Contenitori di gas liquefatto
44612100	Bombole per gas
44612200	Serbatoi per gas
44613000	Grandi contenitori
44613110	Sili
44613200	Contenitori frigoriferi
44613210	Cisterne d'acqua
44613300	Contenitori standard
44613400	Contenitori di stoccaggio
44613500	Contenitori d'acqua
44613600	Contenitori su ruote
44613700	Cassonetti per rifiuti
44613800	Contenitori per rifiuti
44614000	Botti
44614100	Cassonetti di stoccaggio
44614300	Sistema di magazzinaggio a mezzo container
44614310	Macchinari di accatastamento
44615000	Recipienti a pressione
44615100	Recipienti a pressione in acciaio
44616000	Fusti
44616200	Bidoni per rifiuti
44617000	Scatole
44617100	Cartoni
44617200	Armadi per contatori
44617300	Scatole prefabbricate
44618000	Contenitori leggeri, tappi, chiusure per contenitori, tini e coperchi
44618100	Contenitori leggeri
44618300	Tappi, turaccioli, chiusure per contenitori e coperchi
44618310	Tappi
44618320	Tappi a vite
44618330	Coperchi di contenitori
44618340	Coperchi
44618350	Capsule di plastica
44618400	Scatole per conserve
44618420	Lattine per alimenti
44618500	Vasche
44619000	Altri contenitori
44619100	Casse
44619200	Tamburi per cavi
44619300	Gabbie
44619400	Barili
44619500	Pallet a cassa
44620000	Radiatori e caldaie per il riscaldamento centrale e loro parti
44621000	Radiatori e caldaie
44621100	Radiatori
44621110	Radiatori per il riscaldamento centrale
44621111	Radiatori per il riscaldamento centrale non elettrico
44621112	Parti di radiatori per il riscaldamento centrale
44621200	Caldaie
44621210	Scaldabagno
44621220	Caldaie per il riscaldamento centrale
44621221	Parti di caldaie per il riscaldamento centrale
44622000	Sistemi di recupero del calore
44622100	Apparecchiature di recupero del calore
44800000	Pitture, vernici e mastici
44810000	Pitture
44811000	Vernici stradali
44812000	Colori per pittura artistica
44812100	Lacche e smalti
44812200	Vernici a olio e idropitture
44812210	Vernici a olio
44812220	Idropitture
44812300	Colori ad uso scolastico
44812310	Assortimenti di colori
44812320	Colori per segnaletica
44812400	Articoli per pittori e decoratori
44820000	Vernici
44830000	Mastici, riempitivi, cementi sigillanti e solventi
44831000	Mastici, riempitivi, cemento sigillante
44831100	Mastici
44831200	Riempitivi
44831300	Cemento sigillante
44831400	Boiacca
44832000	Solventi
44832100	Sverniciatori
44832200	Diluenti
44900000	Pietra da costruzione, pietra calcare, gesso e ardesia
44910000	Pietra da costruzione
44911000	Marmo e pietra da costruzione calcare
44911100	Marmo
44911200	Travertino
44912000	Pietre da costruzione varie
44912100	Granito
44912200	Arenaria
44912300	Basalto
44912400	Cordoli
44920000	Calcare, pietra da gesso e creta
44921000	Calcare e pietra da gesso
44921100	Pietra da gesso
44921200	Calce
44921210	Farina di calcare
44921300	Calcare
44922000	Creta e dolomite
44922100	Creta
44922200	Dolomite
44930000	Ardesia
45000000	Lavori di costruzione
45100000	Lavori di preparazione del cantiere edile
45110000	Lavori di demolizione di edifici e lavori di movimento terra
45111000	Lavori di demolizione, di preparazione del sito e sgombero
45111100	Lavori di demolizione
45111200	Lavori di preparazione del sito e sgombero
45111210	Brillamento e rimozione di materiale roccioso
45111211	Brillamento
45111212	Rimozione di materiale roccioso
45111213	Lavori di sgombero
45111214	Lavori di rimozione di macerie
45111220	Lavori di disboscamento
45111230	Lavori di stabilizzazione del terreno
45111240	Lavori di drenaggio terreni
45111250	Lavori di indagine dei terreni
45111260	Preparazione del terreno per l'estrazione mineraria
45111290	Lavori primari per servizi
45111291	Lavori di sviluppo di siti
45111300	Lavori di smantellamento
45111310	Lavori di demolizione per impianti militari
45111320	Lavori di demolizione per impianti di sicurezza
45112000	Lavori di scavo e movimento terra
45112100	Lavori di scavo di fossi
45112200	Rimozione di terra
45112210	Lavori di sterro
45112300	Lavori di riporto e bonifica del terreno
45112310	Lavori di riporto
45112320	Bonifica del terreno
45112330	Lavori di dissodamento di siti
45112340	Lavori di decontaminazione di terreni
45112350	Bonifica di terre incolte
45112360	Lavori di bonifica di terreni
45112400	Lavori di scavo
45112410	Lavori di scavo di fosse
45112420	Lavori di scavo di fondamenta
45112440	Terrazzamento di pendii collinari
45112441	Terrazzamento
45112450	Lavori di scavo di siti archeologici
45112500	Lavori di movimento terra
45112600	Lavori di scavo e riporto
45112700	Lavori di architettura paesaggistica
45112710	Lavori di architettura paesaggistica per aree verdi
45112711	Lavori di architettura paesaggistica per parchi
45112712	Lavori di architettura paesaggistica per giardini
45112713	Lavori di architettura paesaggistica per giardini pensili
45112714	Lavori di architettura paesaggistica per cimiteri
45112720	Lavori di architettura paesaggistica per aree ricreative e sportive
45112721	Lavori di architettura paesaggistica per campi di golf
45112722	Lavori di architettura paesaggistica per centri di equitazione
45112723	Lavori di architettura paesaggistica per campi gioco
45112730	Lavori di architettura paesaggistica per strade e autostrade
45112740	Lavori di architettura paesaggistica per aeroporti
45113000	Preparazione di siti
45120000	Trivellazioni e perforazioni di sondaggio
45121000	Trivellazioni di sondaggio
45122000	Perforazioni di sondaggio
45200000	Lavori per la costruzione completa o parziale e ingegneria civile
45210000	Lavori generali di costruzione di edifici
45211000	Lavori di costruzione di condomini e case unifamiliari
45211100	Lavori di costruzione per case
45211200	Lavori di costruzione di centri assistenziali
45211300	Lavori di costruzione di case
45211310	Lavori di costruzione di bagni
45211320	Lavori di costruzione di portici
45211340	Lavori di costruzione di condomini
45211341	Lavori di costruzione di appartamenti
45211350	Lavori di costruzione di edifici multifunzionali
45211360	Lavori di costruzione di sviluppo urbano
45211370	Lavori di costruzione di saune
45212000	Lavori di costruzione di centri ricreativi, sportivi, culturali, alberghi e ristoranti
45212100	Impianti per il tempo libero
45212110	Lavori di costruzione di centri per il tempo libero
45212120	Lavori di costruzione di parchi tematici
45212130	Lavori di costruzione di parchi di divertimenti
45212140	Impianto ricreativo
45212150	Lavori di costruzione di cinema
45212160	Lavori di costruzione di casinò
45212170	Lavori di costruzione di edifici per attività ricreative
45212171	Lavori di costruzione di centri per attività ricreative
45212172	Lavori di costruzione di centri ricreativi
45212180	Lavori di costruzione di biglietterie
45212190	Lavori parasole
45212200	Lavori di costruzione di impianti sportivi
45212210	Lavori di costruzione di impianti sportivi specializzati
45212211	Lavori di costruzione di piste di pattinaggio
45212212	Lavori di costruzione per piscine
45212213	Lavori di applicazione di segnaletiche sportive
45212220	Lavori di costruzione per impianti sportivi polivalenti
45212221	Lavori di costruzione di strutture per terreni sportivi
45212222	Lavori di costruzione di palestre
45212223	Lavori di costruzione di attrezzature per sport invernali
45212224	Lavori di costruzione di stadi
45212225	Lavori di costruzione di palazzi dello sport
45212230	Installazione di spogliatoi
45212290	Riparazione e manutenzione di impianti sportivi
45212300	Lavori di costruzione di edifici per l'arte e la cultura
45212310	Lavori di costruzione di centri espositivi
45212311	Lavori di costruzione di gallerie d'arte
45212312	Lavori di costruzione di centri per esposizioni
45212313	Lavori di costruzione di musei
45212314	Lavori di costruzione di monumenti storici o commemorativi
45212320	Lavori di costruzione di edifici destinati ad attività artistiche
45212321	Lavori di costruzione di auditori
45212322	Lavori di costruzione di teatri
45212330	Lavori di costruzione di biblioteche
45212331	Lavori di costruzione di biblioteche multimediali
45212340	Lavori di costruzione di sale per conferenze
45212350	Edifici di particolare interesse storico o architettonico
45212351	Lavori di costruzione di monumenti preistorici
45212352	Lavori di costruzione di monumenti industriali
45212353	Lavori di costruzione di palazzi
45212354	Lavori di costruzione di castelli
45212360	Lavori di costruzione di edifici religiosi
45212361	Lavori di costruzione di chiese
45212400	Alberghi e ristoranti
45212410	Lavori di costruzione di strutture alberghiere
45212411	Lavori di costruzione di alberghi
45212412	Lavori di costruzione di ostelli
45212413	Lavori di costruzione di alloggi per soggiorni di breve durata
45212420	Lavori di costruzione di ristoranti ed edifici simili
45212421	Lavori di costruzione di ristoranti
45212422	Lavori di costruzione di mense
45212423	Lavori di costruzione di caffetterie
45212500	Conversioni di cucine o ristoranti
45212600	Lavori di costruzione di padiglioni
45213000	Lavori di costruzione di edifici commerciali, magazzini ed edifici industriali, edifici per i trasporti
45213100	Lavori di costruzione di edifici commerciali
45213110	Lavori di costruzione di edifici per negozi
45213111	Lavori di costruzione di centri commerciali
45213112	Lavori di costruzione di negozi
45213120	Lavori di costruzione di uffici postali
45213130	Lavori di costruzione di banche
45213140	Lavori di costruzione di mercati
45213141	Lavori di costruzione di mercati coperti
45213142	Lavori di costruzione di mercati all'aperto
45213150	Lavori di costruzione di complessi di uffici
45213200	Lavori di costruzione di magazzini e edifici industriali
45213210	Impianti frigoriferi
45213220	Lavori di costruzione per depositi
45213221	Lavori di costruzione di magazzini
45213230	Lavori di costruzione di mattatoi
45213240	Lavori di costruzione di edifici agricoli
45213241	Lavori di costruzione di fienili
45213242	Lavori di costruzione di stalle
45213250	Lavori di costruzione di edifici industriali
45213251	Lavori di costruzione di unità industriali
45213252	Lavori di costruzione di officine
45213260	Lavori di costruzione di depositi di stoccaggio
45213270	Lavori di costruzione di impianti di riciclo
45213280	Lavori di costruzione di strutture di compostaggio
45213300	Edifici connessi ai trasporti
45213310	Lavori di costruzione di edifici per i trasporti su strada
45213311	Lavori di costruzione di stazioni degli autobus
45213312	Lavori di costruzione di edifici per il parcheggio di veicoli
45213313	Lavori di costruzione per edifici per aree di servizio
45213314	Lavori di costruzione di garage per autobus
45213315	Lavori di costruzione di gabbiotti per le fermate dell'autobus
45213316	Lavori di installazione di passerelle
45213320	Lavori di costruzione di edifici per i trasporti ferroviari
45213321	Lavori di costruzione di stazioni ferroviarie
45213322	Lavori di costruzione di edifici per capolinea ferroviario
45213330	Lavori di costruzione di edifici per i trasporti aerei
45213331	Lavori di costruzione di edifici aeroportuali
45213332	Lavori di costruzione di torri di controllo aeroportuali
45213333	Lavori di installazione di banchi per la registrazione negli aeroporti
45213340	Lavori di costruzione di edifici per la navigazione interna
45213341	Lavori di costruzione di edifici per i terminal di traghetti
45213342	Lavori di costruzione di terminal per traghetti RO-RO
45213350	Lavori di costruzione di edifici per mezzi di trasporto vari
45213351	Lavori di costruzione di hangar per la manutenzione
45213352	Lavori di costruzione di depositi di servizio
45213353	Lavori di installazione di ponti di accesso per i passeggeri
45213400	Installazione di stanze per il personale
45214000	Lavori di costruzione di edifici per l'istruzione e la ricerca
45214100	Lavori di costruzione di scuole per l'infanzia
45214200	Lavori di costruzione di edifici scolastici
45214210	Lavori di costruzione di scuole elementari
45214220	Lavori di costruzione di scuole superiori
45214230	Lavori di costruzione di scuole speciali
45214300	Lavori di costruzione di istituti superiori
45214310	Lavori di costruzione di istituti professionali
45214320	Lavori di costruzione di istituti tecnici
45214400	Lavori di costruzione di edifici universitari
45214410	Lavori di costruzione di politecnici
45214420	Lavori di costruzione di aule universitarie
45214430	Lavori di costruzione di laboratori linguistici
45214500	Lavori di costruzione di edifici per l'istruzione post-scolastica
45214600	Lavori di costruzione di edifici di ricerca
45214610	Lavori di costruzione di laboratori
45214620	Lavori di costruzione di dispositivi di ricerca e collaudo
45214630	Impianti scientifici
45214631	Lavori di installazione di locali senza polvere
45214640	Lavori di costruzione di stazioni meteorologiche
45214700	Lavori di costruzione di case dello studente
45214710	Lavori di costruzione di atrii
45214800	Edificio con strutture di formazione
45215000	Lavori di costruzione di edifici per servizi sociali e sanitari, crematori e gabinetti pubblici
45215100	Lavori di costruzione di edifici per servizi sanitari
45215110	Lavori di costruzione di stazioni termali
45215120	Lavori di costruzione di edifici medici speciali
45215130	Lavori di costruzione di cliniche
45215140	Lavori di costruzione di strutture ospedaliere
45215141	Lavori di costruzione di sale operatorie
45215142	Lavori di costruzione di unità per cure intensive
45215143	Lavori di costruzione di sale per screening diagnostico
45215144	Lavori di costruzione di sale per screening
45215145	Lavori di costruzione di sale per fluoroscopia
45215146	Lavori di costruzione di sale per patologia
45215147	Lavori di costruzione di sale per medicina legale
45215148	Lavori di costruzione di sale cateteri
45215200	Lavori di costruzione di edifici per servizi sociali
45215210	Lavori di costruzione di centri di accoglienza
45215212	Lavori di costruzione di case di riposo per anziani
45215213	Lavori di costruzione di case di cura
45215214	Lavori di costruzione di case residenziali
45215215	Lavori di costruzione di convitti
45215220	Lavori di costruzione di strutture sociali, esclusi i centri di accoglienza
45215221	Lavori di costruzione di centri di assistenza diurna
45215222	Lavori di costruzione di centri civici
45215300	Lavori di costruzione di crematori
45215400	Cimitero
45215500	Gabinetti pubblici
45216000	Lavori di costruzione di edifici destinati a servizi di ordine pubblico o di emergenza e di edifici militari
45216100	Lavori di costruzione di edifici destinati a servizi di ordine pubblico o di emergenza
45216110	Lavori di costruzione di edifici destinati a servizi di ordine pubblico
45216111	Lavori di costruzione di commissariati di polizia
45216112	Lavori di costruzione di tribunali
45216113	Lavori di costruzione di carceri
45216114	Edifici destinati al Parlamento e centri di riunione
45216120	Lavori di costruzione di edifici destinati a servizi di emergenza
45216121	Lavori di costruzione di caserme dei pompieri
45216122	Lavori di costruzione di centrali per ambulanze
45216123	Lavori di costruzione di edifici per soccorso alpino
45216124	Lavori di costruzione di stazioni di salvataggio in mare
45216125	Lavori di costruzione di edifici per servizi di emergenza
45216126	Lavori di costruzione di edifici per la guardia costiera
45216127	Lavori di costruzione di stazioni per servizi di salvataggio
45216128	Lavori di costruzione di fari
45216129	Ripari
45216200	Lavori di costruzione di edifici ed impianti militari
45216220	Lavori di costruzione di bunker militari
45216230	Lavori di costruzione di ripari militari
45216250	Lavori di costruzione di trincee
45217000	Lavori di costruzione di edifici gonfiabili
45220000	Opere d'arte e strutture
45221000	Lavori di costruzione di ponti e gallerie, pozzi e sottopassaggi
45221100	Lavori di costruzione per ponti
45221110	Lavori di costruzione di ponti
45221111	Lavori di costruzione di ponti stradali
45221112	Lavori di costruzione di ponti ferroviari
45221113	Lavori di costruzione di passerelle
45221114	Lavori di costruzione di ponti in ferro
45221115	Lavori di costruzione di ponti in acciaio
45221117	Lavori di costruzione di pese a ponte
45221118	Lavori di costruzione di ponti per condutture
45221119	Lavori di costruzione per rinnovo di ponti
45221120	Lavori di costruzione di viadotti
45221121	Lavori di costruzione di viadotti stradali
45221122	Lavori di costruzione di viadotti ferroviari
45221200	Lavori di costruzione di gallerie, pozzi e sottopassaggi
45221210	Escavazioni coperte o parzialmente coperte
45221211	Sottovia
45221213	Escavazioni ferroviarie coperte o parzialmente coperte
45221214	Escavazioni stradali coperte o parzialmente coperte
45221220	Tombini
45221230	Pozzetti
45221240	Lavori di costruzione di gallerie
45221241	Lavori di costruzione di gallerie stradali
45221242	Lavori di costruzione di gallerie ferroviarie
45221243	Lavori di costruzione di sottopassi pedonali
45221244	Lavori di costruzione di tunnel per canali
45221245	Lavori di costruzione di gallerie subalvee
45221246	Lavori di costruzione di gallerie sottomarine
45221247	Scavo di galleria
45221248	Lavori di costruzione di rivestimenti di gallerie
45221250	Lavori in sotterraneo, esclusi gallerie, pozzi e sottopassaggi
45222000	Lavori di costruzione di opere d'arte, esclusi ponti, gallerie, pozzi e sottopassaggi
45222100	Lavori di costruzione di impianti di trattamento dei rifiuti
45222110	Lavori di costruzione di discariche per rifiuti
45222200	Lavori di ingegneria per impianti militari
45222300	Lavori di ingegneria per impianti di sicurezza
45223000	Lavori di costruzione di strutture edili
45223100	Assemblaggio di strutture metalliche
45223110	Installazione di strutture metalliche
45223200	Lavori strutturali
45223210	Lavori di costruzione di strutture metalliche
45223220	Lavori di rustico
45223300	Lavori di costruzione di parcheggi
45223310	Lavori di costruzione di parcheggi sotterranei
45223320	Lavori di costruzione di parcheggi di interscambio
45223400	Lavori di costruzione di stazioni radar
45223500	Strutture in cemento armato
45223600	Lavori di costruzione di canili
45223700	Lavori di costruzione di aree di servizio
45223710	Lavori di costruzione di aree di servizio autostradali
45223720	Lavori di costruzione di stazioni di rifornimento
45223800	Assemblaggio ed installazione di strutture prefabbricate
45223810	Costruzioni prefabbricate
45223820	Elementi e componenti prefabbricati
45223821	Unità prefabbricate
45223822	Componenti prefabbricati
45230000	Lavori di costruzione di condutture, linee di comunicazione e linee elettriche, autostrade, strade, campi di aviazione e ferrovie; lavori di livellamento
45231000	Lavori di costruzione di condutture, linee di comunicazione e linee elettriche
45231100	Lavori generali di costruzione di condutture
45231110	Lavori di posa di tubature
45231111	Smontaggio e sostituzione di condutture
45231112	Installazione di un sistema di condutture
45231113	Sostituzione di condutture
45231200	Lavori di costruzione di oleodotti e di gasdotti
45231210	Lavori di costruzione di oleodotti
45231220	Lavori di costruzione di gasdotti
45231221	Lavori di costruzione di condotte di distribuzione del gas
45231222	Gasometro
45231223	Lavori sussidiari di distribuzione del gas
45231300	Lavori di costruzione di condotte idriche e fognarie
45231400	Lavori generali di costruzione di linee elettriche
45231500	Condotte d'aria compressa
45231510	Circuito pneumatico di consegna postale
45231600	Lavori di costruzione di linee di comunicazione
45232000	Lavori di costruzione e sussidiari per posa tubazioni e cavi
45232100	Lavori sussidiari per condotte idriche
45232120	Impianto di irrigazione
45232121	Lavori di costruzione di condutture per irrigazione
45232130	Lavori di costruzione di tubature per la conduzione di acqua piovana
45232140	Lavori di costruzione di condotte per teleriscaldamento
45232141	Centrale termica
45232142	Lavori di costruzione di impianti di trasferimento di calore
45232150	Impianti associati a reti di distribuzione idrica
45232151	Lavori di costruzione di rinnovamento di condotte idriche
45232152	Lavori di costruzione di stazioni di pompaggio
45232153	Lavori di costruzione di torri piezometriche
45232154	Lavori di costruzione di torri cisterna per acqua potabile
45232200	Lavori ausiliari per linee elettriche
45232210	Costruzione di linee aeree
45232220	Lavori di costruzione di sottostazioni
45232221	Sottostazione di trasformazione
45232300	Lavori di costruzione di linee telefoniche e linee di comunicazione e lavori ausiliari
45232310	Lavori di costruzione di linee telefoniche
45232311	Linee telefoniche di soccorso stradale
45232320	Linee di trasmissione di telecomunicazioni
45232330	Installazione di antenne
45232331	Lavori sussidiari per telediffusione
45232332	Lavori sussidiari per telecomunicazioni
45232340	Lavori di costruzione di stazioni di base per la telefonia mobile
45232400	Lavori di costruzione di condotte fognarie
45232410	Lavori su reti fognarie
45232411	Lavori di costruzione di condotte per acque reflue
45232420	Lavori di costruzione di impianti di depurazione delle acque residue
45232421	Impianto di trattamento delle acque fognarie
45232422	Lavori di trattamento di fanghi
45232423	Lavori di costruzione di impianti di pompaggio delle acque di scarico
45232424	Lavori di costruzione degli sbocchi di acque di rifiuto
45232430	Lavori in impianti per il trattamento dell'acqua
45232431	Impianto di pompaggio di acque reflue
45232440	Lavori di costruzione per tubazioni di scarico
45232450	Lavori di costruzione di scarichi
45232451	Lavori di drenaggio e di superficie
45232452	Lavori di drenaggio
45232453	Lavori di costruzione di scoli
45232454	Lavori di costruzione di bacini dell'acqua piovana
45232460	Lavori sanitari
45232470	Impianto di trasferimento di rifiuti
45233000	Lavori di costruzione, di fondazione e di superficie per autostrade e strade
45233100	Lavori di costruzione di strade e autostrade
45233110	Lavori di costruzione di autostrade
45233120	Lavori di costruzione di strade
45233121	Lavori di costruzione di strade principali
45233122	Lavori di costruzione di circonvallazioni
45233123	Lavori di costruzione di strade secondarie
45233124	Lavori di costruzione di strade di grande comunicazione
45233125	Lavori di costruzione di nodi stradali
45233126	Lavori di costruzione di nodi stradali a livelli sfalsati
45233127	Lavori di costruzione di nodi stradali a T
45233128	Lavori di costruzione di rotatorie
45233129	Lavori di costruzione di strade trasversali
45233130	Lavori di costruzione di strade nazionali
45233131	Lavori di costruzione di strade sopraelevate
45233139	Lavori di manutenzione di strade nazionali
45233140	Lavori stradali
45233141	Lavori di manutenzione stradale
45233142	Lavori di riparazione stradale
45233144	Lavori di costruzione di cavalcavia
45233150	Lavori di regolazione del traffico
45233160	Sentieri e altre strade imbrecciate
45233161	Lavori di costruzione di marciapiedi
45233162	Lavori di costruzione di piste ciclabili
45233200	Lavori di superficie vari
45233210	Lavori di superficie per autostrade
45233220	Lavori di superficie per strade
45233221	Lavori di verniciatura della segnaletica orizzontale
45233222	Lavori di lastricatura e asfaltatura
45233223	Lavori di rifacimento di manto stradale
45233224	Lavori di costruzione di strade a doppia carreggiata
45233225	Lavori di costruzione a carreggiata unica
45233226	Lavori di costruzione di strade di accesso
45233227	Lavori di costruzione di strade di raccordo
45233228	Lavori di costruzione di rivestimenti di superficie
45233229	Manutenzione banchine laterali
45233250	Lavori di rivestimento, strade escluse
45233251	Lavori di rifacimento di manto
45233252	Lavori di superficie per vie
45233253	Lavori di superficie per strade pedonali
45233260	Lavori di costruzione di vie pedonali
45233261	Lavori di costruzione di cavalcavia pedonali
45233262	Lavori di costruzione di isole pedonali
45233270	Verniciatura di superfici di parcheggio
45233280	Costruzione di barriere di protezione
45233290	Installazione di cartelli stradali
45233291	Installazione di delimitatori di corsia
45233292	Installazione di dispositivi di sicurezza
45233293	Installazione di arredo stradale
45233294	Installazione di segnali stradali
45233300	Lavori di fondazione per autostrade, strade, vie e passaggi pedonali
45233310	Lavori di fondazione per autostrade
45233320	Lavori di fondazione per strade
45233330	Lavori di fondazione per vie
45233340	Lavori di fondazione per passaggi pedonali
45234000	Lavori di costruzione ferroviari e sistemi di trasporto a fune
45234100	Lavori di costruzione ferroviari
45234110	Ferrovie interurbane
45234111	Lavori di costruzione di ferrovie leggere
45234112	Lavori di costruzione di depositi ferroviari
45234113	Smantellamento di binari
45234114	Lavori di costruzione di terrapieni ferroviari
45234115	Lavori di segnaletica ferroviaria
45234116	Lavori di posa di binari
45234120	Lavori ferroviari urbani
45234121	Lavori tranviari
45234122	Lavori per metropolitana
45234123	Metropolitana parzialmente sotterranea
45234124	Metropolitana per trasporto passeggeri
45234125	Stazione della metropolitana
45234126	Costruzione di una linea tranviaria
45234127	Lavori di costruzione di depositi tranviari
45234128	Lavori di costruzione di piattaforme tranviarie
45234129	Lavori di costruzione di ferrovie urbane
45234130	Lavori di costruzione di massicciate
45234140	Lavori di costruzione di passaggi a livello
45234160	Lavori di costruzione di catenarie
45234170	Lavori di costruzione di sottostazioni di alimentazione per locomotive
45234180	Lavori di costruzione di officine ferroviarie
45234181	Lavori di costruzione di officine per il sezionamento dei binari
45234200	Sistemi di trasporto a fune
45234210	Sistemi di trasporto a fune con cabine
45234220	Lavori di costruzione di sciovie
45234230	Lavori di costruzione di seggiovie
45234240	Sistema ferroviario funicolare
45234250	Lavori di costruzione di teleferiche
45235000	Lavori di costruzione per aerodromi, piste e superfici di manovra di campi d'aviazione
45235100	Costruzione di aeroporti
45235110	Costruzione di aerodromi
45235111	Lavori di costruzione di pavimentazione per campi di aviazione
45235200	Costruzione di piste di aviazione
45235210	Rifacimento manto di piste di aviazione
45235300	Lavori di costruzione di superfici di manovra per aerei
45235310	Lavori di costruzione di piste di rullaggio
45235311	Lavori di costruzione di pavimentazioni di piste di rullaggio
45235320	Lavori di costruzione di aree di stazionamento per aerei
45236000	Lavori di superficie
45236100	Lavori di superficie per impianti sportivi vari
45236110	Lavori di superficie per campi sportivi
45236111	Lavori di superficie per campi da golf
45236112	Lavori di superficie per campi da tennis
45236113	Lavori di superficie per piste di competizione
45236114	Lavori di superficie per piste atletiche
45236119	Lavori di riparazione di campi sportivi
45236200	Lavori di superficie per impianti ricreativi
45236210	Lavori di superficie per aree da gioco
45236220	Lavori di superficie per giardini zoologici
45236230	Lavori di superficie per giardini
45236250	Lavori di superficie per parchi
45236290	Lavori di riparazione di zone ricreative
45236300	Lavori di superficie per cimiteri
45237000	Lavori di costruzione di palcoscenici
45240000	Lavori di costruzione per opere idrauliche
45241000	Lavori di costruzione di porti
45241100	Lavori di costruzione di banchine
45241200	Lavori di costruzione sul luogo di terminali offshore
45241300	Lavori di costruzione di moli
45241400	Lavori di costruzione di darsene
45241500	Lavori di costruzione di pontili
45241600	Installazione di dispositivi di illuminazione portuale
45242000	Lavori di costruzioni di impianti di svago a riva
45242100	Lavori di costruzione di impianti per sport acquatici
45242110	Lavori di costruzione per rampa di messa a mare
45242200	Lavori di costruzione di porti da diporto
45242210	Lavori di costruzione di porti per panfili
45243000	Lavori di protezione costiera
45243100	Lavori di protezione delle scogliere
45243110	Lavori di consolidamento delle scogliere
45243200	Lavori di costruzione di frangiflutti
45243300	Lavori di costruzione di frangionde
45243400	Lavori di consolidamento di spiagge
45243500	Lavori di costruzione di difese marittime
45243510	Lavori di costruzione di argini e terrapieni
45243600	Lavori di costruzione di muri di sponda
45244000	Lavori di costruzione marina
45244100	Impianti marini
45244200	Banchine
45245000	Lavori di dragaggio e pompaggio per gli impianti di trattamento delle acque
45246000	Lavori di regolazione di corsi d'acqua e di controllo delle piene
45246100	Costruzione di argini fluviali
45246200	Lavori di protezione delle sponde
45246400	Lavori di difesa dalle piene
45246410	Manutenzione di impianti di difesa dalle piene
45246500	Lavori di costruzione di passeggiate
45246510	Lavori di costruzione di passerelle di legno
45247000	Lavori di costruzione per dighe, canali, reti di irrigazione e acquedotti
45247100	Lavori di costruzione per vie di navigazione
45247110	Lavori di costruzione per canali
45247111	Lavori di costruzione di canali di irrigazione
45247112	Lavori di costruzione di canali di drenaggio
45247120	Vie d'acqua, canali esclusi
45247130	Lavori di costruzione di acquedotti
45247200	Lavori di costruzione per dighe e strutture simili fisse
45247210	Lavori di costruzione di dighe
45247211	Lavori di costruzione di muri di argini
45247212	Lavori di rinforzo dighe
45247220	Lavori di costruzione di briglie di trattenuta
45247230	Lavori di costruzione di dighe di ritenuta
45247240	Lavori di costruzione di sbarramenti statici
45247270	Lavori di costruzione di serbatoi
45248000	Lavori di costruzione di impianti idromeccanici
45248100	Lavori di costruzione di chiuse su canale
45248200	Lavori di costruzione di bacini di carenaggio
45248300	Lavori di costruzione di bacini galleggianti
45248400	Lavori di costruzione di pontili di approdo
45248500	Lavori di costruzione di sbarramenti mobili
45250000	Lavori di costruzione per centrali elettriche, attività estrattive e manifatturiere, l'industria del gas e del petrolio
45251000	Lavori di costruzione di centrali elettriche e impianti di riscaldamento
45251100	Lavori di costruzione di centrali elettriche
45251110	Lavori di costruzione di centrali atomiche
45251111	Lavori di costruzione di reattori nucleari
45251120	Lavori di costruzione di centrali idroelettriche
45251140	Lavori di costruzione di centrali termoelettriche
45251141	Lavori di costruzione di centrali geotermiche
45251142	Lavori di costruzione di centrali elettriche alimentate a legna
45251143	Lavori di costruzione di impianti per la produzione di aria compressa
45251150	Lavori di costruzione di torri di raffreddamento
45251160	Impianti eolici
45251200	Lavori di costruzione di centrali termiche
45251220	Lavori di costruzione di impianti di cogenerazione
45251230	Lavori di costruzione di impianti generatori di vapore
45251240	Lavori di costruzione di impianti di produzione di elettricità alimentati con gas di scarico
45251250	Lavori di costruzione di impianti di teleriscaldamento urbano
45252000	Lavori di costruzione di impianti di trattamento delle acque fognarie, impianti di depurazione e impianti di incenerimento di rifiuti
45252100	Lavori di costruzione di impianti di depurazione delle acque di scarico
45252110	Lavori di costruzione di impianti mobili
45252120	Lavori di costruzione di impianti di trattamento delle acque
45252121	Impianti di sedimentazione
45252122	Digestori di fognature
45252123	Sgrigliatori
45252124	Lavori di dragaggio e di pompaggio
45252125	Lavori di scarico di pietrame
45252126	Lavori di costruzione di impianti per il trattamento dell'acqua potabile
45252127	Lavori di costruzione di impianti per il trattamento delle acque luride
45252130	Apparecchiature per impianti fognari
45252140	Lavori di costruzione di impianti di disidratazione dei fanghi
45252150	Lavori di costruzione di impianti di movimentazione del carbone
45252200	Apparecchiature per impianti di depurazione
45252210	Lavori di costruzione di impianti di depurazione dell'acqua
45252300	Lavori di costruzione di impianti di incenerimento di rifiuti
45253000	Lavori di costruzione per impianti chimici
45253100	Lavori di costruzione di impianti di demineralizzazione
45253200	Lavori di costruzione di impianti di desolforazione
45253300	Lavori di costruzione di impianti di distillazione o rettificazione
45253310	Lavori di costruzione di impianti di distillazione dell'acqua
45253320	Lavori di costruzione di impianti di distillazione di alcol
45253400	Lavori di costruzione per impianti petrolchimici
45253500	Lavori di costruzione per impianti farmaceutici
45253600	Lavori di costruzione di impianti di deionizzazione
45253700	Lavori di costruzione di impianti di digestione
45253800	Lavori di costruzione di impianti di compostaggio
45254000	Lavori di costruzione per attività estrattive e manifatturiere
45254100	Lavori di costruzione per attività estrattive
45254110	Lavori di costruzione di bocche di pozzo
45254200	Lavori di costruzione per impianti manifatturieri
45255000	Lavori di costruzione per l'industria del petrolio e del gas
45255100	Lavori di costruzione di piattaforme di produzione
45255110	Lavori di costruzione di pozzi
45255120	Lavori di costruzione di impianti per piattaforme
45255121	Lavori di costruzione di impianti di superficie
45255200	Lavori di costruzione di raffinerie di petrolio
45255210	Lavori di costruzione di terminal petroliferi
45255300	Lavori di costruzione di terminal del gas
45255400	Lavori di fabbricazione
45255410	Lavori di fabbricazione offshore
45255420	Lavori di fabbricazione onshore
45255430	Demolizione di piattaforme
45255500	Lavori di trivellazione e di esplorazione
45255600	Tubi a spirale per pozzi
45255700	Lavori di costruzione di impianti di gassificazione del carbone
45255800	Lavori di costruzione di impianti di produzione del gas
45259000	Riparazione e manutenzione di impianti
45259100	Riparazione e manutenzione di impianti per il trattamento acque reflue
45259200	Riparazione e manutenzione di impianti di depurazione
45259300	Riparazione e manutenzione di centrali termiche
45259900	Potenziamento di impianti
45260000	Lavori di copertura ed altri lavori speciali di costruzione
45261000	Costruzione e lavori connessi di ossature e coperture
45261100	Costruzione di ossature per tetti
45261200	Lavori di copertura e tinteggiatura di tetti
45261210	Lavori di copertura di tetti
45261211	Copertura di tetti con tegole
45261212	Copertura di tetti con ardesia
45261213	Copertura di tetti metallici
45261214	Lavori di copertura di tetti con fogli incatramati
45261215	Lavori di copertura di tetti con pannelli solari
45261220	Lavori di tinteggiatura e rivestimento di tetti
45261221	Lavori di tinteggiatura di tetti
45261222	Copertura di tetti in cemento
45261300	Lavori di lattoneria e posa di grondaie
45261310	Lavori di lattoneria
45261320	Posa di grondaie
45261400	Lavori di rivestimento
45261410	Lavori di isolamento tetti
45261420	Lavori di impermeabilizzazione
45261900	Lavori di riparazione e manutenzione di tetti
45261910	Riparazione di tetti
45261920	Lavori di manutenzione di tetti
45262000	Lavori speciali di costruzione, esclusi i lavori di copertura
45262100	Lavori di ponteggio
45262110	Lavori di smantellamento ponteggi
45262120	Lavori di montaggio di ponteggi
45262200	Lavori di fondazione e trivellamento di pozzi d'acqua
45262210	Lavori di fondazione
45262211	Lavori di infissione di pali
45262212	Lavori di consolidamento di scavi
45262213	Pareti colate in trincea
45262220	Trivellamento di pozzi d'acqua
45262300	Strutture in calcestruzzo
45262310	Lavori in cemento armato
45262311	Lavori di ossatura in calcestruzzo
45262320	Lavori di costruzione solette
45262321	Lavori di pavimentazione
45262330	Lavori di riparazione in calcestruzzo
45262340	Lavori di iniezione di cemento
45262350	Lavori in calcestruzzo non rinforzato
45262360	Lavori di cementazione
45262370	Lavori di rivestimento in cemento
45262400	Lavori di erezione di strutture in acciaio
45262410	Lavori di erezione di strutture in acciaio per edifici
45262420	Lavori di erezione di strutture in acciaio per altri fabbricati
45262421	Lavori per l'ormeggio a mare
45262422	Lavori di trivellazione sottomarina
45262423	Lavori di costruzione di pontoni
45262424	Lavori di costruzione di moduli a mare
45262425	Lavori di incamiciatura
45262426	Lavori di costruzione di palafitte
45262500	Lavori edili e di muratura
45262510	Lavori di muratura in pietra
45262511	Lavori di intaglio su pietra
45262512	Lavori di muratura in pietra da taglio
45262520	Lavori di muratura
45262521	Lavori di muratura a vista
45262522	Lavori edili
45262600	Lavori specializzati di costruzione vari
45262610	Ciminiere industriali
45262620	Muri di ritenuta
45262630	Costruzione di forni
45262640	Lavori di miglioramento ambientale
45262650	Lavori di rivestimento esterno
45262660	Lavori di rimozione dell'amianto
45262670	Lavorazione del metallo
45262680	Saldatura
45262690	Ristrutturazione di edifici in rovina
45262700	Lavori di modifica di edifici
45262710	Lavori di manutenzione di affreschi
45262800	Lavori di ampliamento di edifici
45262900	Lavori di balconi e terrazze
45300000	Lavori di installazione di impianti in edifici
45310000	Lavori di installazione di cablaggi
45311000	Lavori di cablaggio e di connessione elettrici
45311100	Lavori di cablaggio elettrico
45311200	Lavori di connessione elettrici
45312000	Lavori di installazione di sistemi di allarme e di antenne
45312100	Lavori di installazione di sistemi d'allarme antincendio
45312200	Lavori di installazione di sistemi d'allarme antifurto
45312300	Lavori di installazione di antenne
45312310	Lavori di protezione da fulmini
45312311	Lavori di installazione di parafulmini
45312320	Lavori di installazione di antenne televisive
45312330	Lavori di installazione di antenne riceventi per radio
45313000	Lavori di installazione di ascensori e scale mobili
45313100	Lavori di installazione di ascensori
45313200	Lavori di installazione di scale mobili
45313210	Lavori di installazione di marciapiedi mobili
45314000	Installazione di dispositivi di telecomunicazione
45314100	Installazione di centralini telefonici
45314120	Installazione di standard telefonici
45314200	Installazione di linee telefoniche
45314300	Installazione di infrastrutture per cavi
45314310	Posa di cavi
45314320	Installazione di cavi per reti computerizzate
45315000	Lavori di installazione di impianti di riscaldamento e di altri impianti elettrici per edifici
45315100	Lavori di installazione di ingegneria elettrica
45315200	Lavori su turbine
45315300	Impianti di alimentazione di corrente
45315400	Impianti ad alta tensione
45315500	Impianti a media tensione
45315600	Impianti a bassa tensione
45315700	Lavori di installazione di stazioni di sezionamento
45316000	Lavori di installazione di sistemi di illuminazione e di segnalazione
45316100	Installazione di dispositivi di illuminazione esterna
45316110	Installazione di impianti di illuminazione stradale
45316200	Installazione di dispositivi di segnalazione
45316210	Installazione di mezzi di controllo del traffico
45316211	Installazione di cartelli stradali luminosi
45316212	Installazione di semafori stradali
45316213	Installazione di dispositivi di guida del traffico
45316220	Installazione di dispositivi di segnalazione aeroportuale
45316230	Installazione di segnaletica per porti
45317000	Altri lavori di installazione elettrica
45317100	Lavori di installazione elettrica di impianti di pompaggio
45317200	Lavori di installazione elettrica di trasformatori
45317300	Lavori di installazione elettrica di apparecchi di distribuzione di elettricità
45317400	Lavori di installazione elettrica di dispositivi di filtraggio
45320000	Lavori di isolamento
45321000	Lavori di isolamento termico
45323000	Lavori di isolamento acustico
45324000	Opere in cartongesso
45330000	Lavori di idraulica
45331000	Lavori di installazione di impianti di riscaldamento, ventilazione e climatizzazione
45331100	Lavori di installazione di impianti di riscaldamento centrale
45331110	Lavori di installazione di caldaie
45331200	Lavori di installazione di impianti di ventilazione e climatizzazione
45331210	Lavori di installazione di impianti di ventilazione
45331211	Lavori di installazione di impianti di ventilazione in strutture esterne
45331220	Lavori di installazione di impianti di climatizzazione
45331221	Lavori di installazione di impianti parziali di climatizzazione
45331230	Lavori di installazione di attrezzature di raffreddamento
45331231	Lavori di installazione di impianti di refrigerazione
45332000	Lavori di installazione di impianti idraulici e di evacuazione delle acque residue
45332200	Lavori idraulici
45332300	Lavori di posa di drenaggi
45332400	Lavori di installazione di apparecchiature idrosanitarie
45333000	Lavori di installazione di raccorderia gas
45333100	Lavori di installazione di impianti per la regolazione del gas
45333200	Lavori di installazione di contatori per il gas
45340000	Lavori di installazione di recinzioni, ringhiere e dispositivi di sicurezza
45341000	Installazione di ringhiere
45342000	Installazione di recinzioni
45343000	Lavori di installazione di dispositivi antincendio
45343100	Lavori di ignifugazione
45343200	Lavori di installazione di impianti di estinzione
45343210	Lavori di installazione di impianti di estinzione del fuoco ad anidride carbonica
45343220	Lavori di installazione di estintori
45343230	Lavori di installazione di impianti di estinzione a spruzzo
45350000	Impianti meccanici
45351000	Lavori di installazione di ingegneria meccanica
45400000	Lavori di completamento degli edifici
45410000	Lavori di intonacatura
45420000	Lavori di installazione di opere da falegname
45421000	Lavori di falegnameria
45421100	Installazione di porte, finestre e componenti connesse
45421110	Installazione di telai per porte e finestre
45421111	Installazione di telai per porte
45421112	Installazione di telai per finestre
45421120	Installazione di soglie
45421130	Installazione di porte e finestre
45421131	Installazione di porte
45421132	Installazione di finestre
45421140	Lavori di installazione di carpenteria metallica, porte e finestre escluse
45421141	Installazione di tramezzi
45421142	Installazione di imposte
45421143	Lavori di installazione di persiane
45421144	Lavori di installazione di tende
45421145	Lavori di installazione di stoini avvolgibili
45421146	Installazione di controsoffitti
45421147	Installazione di griglie
45421148	Installazione di cancelli
45421150	Lavori di installazione di carpenteria non metallica
45421151	Installazione di cucine componibili
45421152	Installazione di pareti divisorie
45421153	Installazione di mobili ad incastro
45421160	Lavori di ferramenta
45422000	Carpenteria e falegnameria
45422100	Lavori in legno
45430000	Lavori di rivestimento di pavimenti e muri
45431000	Lavori di rivestimento con piastrelle
45431100	Lavori di rivestimento con piastrelle di pavimenti
45431200	Lavori di rivestimento con piastrelle di muri
45432000	Posa e rivestimento di pavimenti, muri e tappezzeria
45432100	Lavori di rivestimento di pavimenti
45432110	Posa di pavimenti
45432111	Posa di rivestimenti flessibili per pavimenti
45432112	Posa di pavimentazione
45432113	Pavimentazioni a parchetto
45432114	Posa di rivestimenti per pavimento in legno
45432120	Lavori di installazione di contropavimenti
45432121	Pavimenti per sale informatiche
45432130	Lavori di rivestimento suoli
45432200	Lavori di rivestimento di muri e tappezzeria
45432210	Lavori di rivestimento murale
45432220	Lavori di tappezzeria
45440000	Lavori di tinteggiatura e posa in opera di vetrate
45441000	Posa in opera di vetrate
45442000	Lavori di applicazione di rivestimenti protettivi
45442100	Lavori di tinteggiatura
45442110	Lavori di tinteggiatura per edifici
45442120	Lavori di tinteggiatura e di rivestimento protettivo di strutture
45442121	Lavori di tinteggiatura di strutture
45442180	Lavori di ritinteggiatura
45442190	Lavori di decapaggio
45442200	Lavori di applicazione di rivestimenti anticorrosivi
45442210	Lavori di galvanizzazione
45442300	Lavori di protezione delle superfici
45443000	Lavori di facciata
45450000	Altri lavori di completamento di edifici
45451000	Lavori di decorazione
45451100	Posa in opera di elementi ornamentali
45451200	Lavori di rivestimento a pannelli
45451300	Giardini interni
45452000	Lavori di pulitura esterna di edifici
45452100	Pulitura esterna di edifici mediante sabbiatura
45453000	Lavori di riparazione e ripristino
45453100	Lavori di riparazione
45454000	Lavori di ristrutturazione
45454100	Lavori di restauro
45500000	Noleggio di macchinari e attrezzature per lavori edili e di genio civile con operatore
45510000	Noleggio di gru con operatore
45520000	Noleggio di macchine per movimento terra con operatore
48000000	Pacchetti software e sistemi di informazione
48100000	Pacchetti software specifici per l'industria
48110000	Pacchetti software per punti vendita
48120000	Pacchetti software per il traffico aereo
48121000	Pacchetti software per il controllo del traffico aereo
48130000	Pacchetti software per supporto a terra e prove per l'aviazione
48131000	Pacchetti software per supporto a terra per l'aviazione
48132000	Pacchetti software per prove per l'aviazione
48140000	Pacchetti software per il controllo del traffico ferroviario
48150000	Pacchetti software di controllo industriale
48151000	Sistema di controllo informatico
48160000	Pacchetti software per biblioteche
48161000	Sistema di gestione di biblioteca
48170000	Pacchetti software di conformità
48180000	Pacchetti software medici
48190000	Pacchetti software educativi
48200000	Pacchetti software per reti, Internet e intranet
48210000	Pacchetti software per reti
48211000	Pacchetti software per l'interconnettività di piattaforme
48212000	Pacchetti software per server di contenitori di dischi ottici
48213000	Pacchetti software per migliorare i sistemi operativi
48214000	Pacchetti software per sistema operativo in rete
48215000	Pacchetti software di sviluppatori di reti
48216000	Pacchetti software emulatore di terminale per connettività di rete
48217000	Pacchetti software per processi transazionali
48217100	Pacchetti software per processi transazionali su mainframe
48217200	Pacchetti software per processi transazionali su minicomputer
48217300	Pacchetti software per processi transazionali su microcomputer
48218000	Pacchetti software per la gestione di licenze
48219000	Pacchetti software vari per reti
48219100	Pacchetti software gateway
48219200	Pacchetti software per server CD
48219300	Pacchetti software di amministrazione
48219400	Pacchetti software per server di transazione
48219500	Pacchetti software per switch o router
48219600	Pacchetti software per multiplexer
48219700	Pacchetti software per servere di comunicazione
48219800	Pacchetti software per apparati bridge
48220000	Pacchetti software per Internet e intranet
48221000	Pacchetti software per la navigazione su Internet
48222000	Pacchetti software per server web
48223000	Pacchetti software per la posta elettronica
48224000	Pacchetti software per l'elaborazione di pagine web
48300000	Pacchetti software per creazione di documenti, disegno, trattamento delle immagini, pianificazione e produttività
48310000	Pacchetti software per la creazione di documenti
48311000	Pacchetti software per la gestione di documenti
48311100	Sistema di gestione documenti
48312000	Pacchetti software per la pubblicazione elettronica
48313000	Pacchetti software per sistemi di lettura ottica (OCR)
48313100	Sistema di lettura ottica
48314000	Pacchetti software per il riconoscimento vocale
48315000	Pacchetti software di desktop publishing
48316000	Pacchetti software per presentazioni
48317000	Pacchetti software per l'elaborazione di testi
48318000	Pacchetti software per scanner
48319000	Correttori ortografici
48320000	Pacchetti software per disegno e trattamento di immagini
48321000	Pacchetti software per disegno assistito dal calcolatore (CAD)
48321100	Sistemi di disegno assistito dal calcolatore (CAD)
48322000	Pacchetti software per grafica
48323000	Pacchetti software per produzione assistita dal calcolatore (CAM)
48324000	Pacchetti software per diagrammi
48325000	Pacchetti software per l'elaborazione di moduli
48326000	Pacchetti software di cartografia
48326100	Sistema di cartografia digitale
48327000	Pacchetti software di disegno e pittura
48328000	Pacchetti software di elaborazione di immagini
48329000	Sistema di registrazione di immagini
48330000	Pacchetti software di pianificazione e produttività
48331000	Pacchetti software di gestione di progetti
48332000	Pacchetti software di pianificazione
48333000	Pacchetti software di gestione dei contatti
48400000	Pacchetti software per transazioni commerciali e personali
48410000	Pacchetti software di gestione degli investimenti e la preparazione di dichiarazioni fiscali
48411000	Pacchetti software di gestione degli investimenti
48412000	Pacchetti software di preparazione di dichiarazioni fiscali
48420000	Pacchetti software e suite di pacchetti software per la gestione di installazioni
48421000	Pacchetti software per la gestione di installazioni
48422000	Suite di pacchetti software
48430000	Pacchetti software di gestione degli inventari
48440000	Pacchetti software di analisi finanziaria e contabilità
48441000	Pacchetti software di analisi finanziaria
48442000	Pacchetti finanziari per sistemi finanziari
48443000	Pacchetti finanziari di contabilità
48444000	Sistema contabile
48444100	Sistema di fatturazione
48445000	Pacchetti software di gestione delle relazioni con la clientela
48450000	Pacchetti software di contabilizzazione del tempo o per le risorse umane
48451000	Pacchetti software di pianificazione delle risorse delle imprese
48460000	Pacchetti software analitici, scientifici, matematici o previsionali
48461000	Pacchetti software analitici o scientifici
48462000	Pacchetti software matematici o previsionali
48463000	Pacchetti software statistici
48470000	Pacchetti software per aste
48480000	Pacchetti software di vendita, marketing e informazioni imprenditoriali
48481000	Pacchetti software di vendita o marketing
48482000	Pacchetti software per informazioni imprenditoriali
48490000	Pacchetti software per appalti
48500000	Pacchetti software di comunicazione e multimedia
48510000	Pacchetti software di comunicazione
48511000	Pacchetti software di comunicazione desktop
48512000	Pacchetti software di risposta vocale interattiva
48513000	Pacchetti software per modem
48514000	Pacchetti software di accesso remoto
48515000	Pacchetti software di videoconferenza
48516000	Pacchetti software di scambio
48517000	Pacchetti software IT
48518000	Pacchetti software di emulazione
48519000	Pacchetti software di gestione della memoria
48520000	Pacchetti software multimedia
48521000	Pacchetti software di trattamento della musica o del suono
48522000	Pacchetti software per tastiere virtuali
48600000	Pacchetti software operativi e base dati
48610000	Sistemi di base dati
48611000	Pacchetti software per base dati
48612000	Sistema di gestione di base dati
48613000	Gestione elettronica dati
48614000	Sistema di acquisizione dati
48620000	Sistemi operativi
48621000	Pacchetti software di sistemi operativi per unità centrale
48622000	Pacchetti software di sistemi operativi per minicomputer
48623000	Pacchetti software di sistemi operativi per microcomputer
48624000	Pacchetti software di sistemi operativi per personal computer (PC)
48625000	Sistemi operativi per sistemi aperti
48626000	Pacchetti software per servizi cluster
48627000	Pacchetti software per sistemi operativi in tempo reale
48628000	Architettura Micro Channel
48700000	Utilities per pacchetti software
48710000	Pacchetti software di backup o recupero
48720000	Pacchetti software per codice a barre
48730000	Pacchetti software di sicurezza
48731000	Pacchetti software di sicurezza dei file
48732000	Pacchetti software di sicurezza dei dati
48740000	Pacchetti software di traduzione di lingue straniere
48750000	Pacchetti software di caricamento di supporti di stoccaggio
48760000	Pacchetti software di protezione dai virus
48761000	Pacchetti software antivirus
48770000	Pacchetti software generali, per compressione dei dati e stampa
48771000	Paccheti software generali
48772000	Utilities di compressione
48773000	Pacchetti software per stampa
48773100	Pacchetti software per code di stampa
48780000	Pacchetti software di gestione di sistemi, stoccaggio e contenuti
48781000	Pacchetti software di gestione di sistemi
48782000	Pacchetti software di gestione dello stoccaggio
48783000	Pacchetti software di gestione dei contenuti
48790000	Pacchetti software di controllo delle versioni
48800000	Sistemi e server di informazione
48810000	Sistemi di informazione
48811000	Sistema di posta elettronica
48812000	Sistemi di informazione finanziaria
48813000	Sistema di informazione passeggeri
48813100	Tabelloni elettronici
48813200	Sistema informativo per passeggeri in tempo reale
48814000	Sistemi di informazione medica
48814100	Sistema di informazione infermieristico
48814200	Sistema di gestione degenti
48814300	Sistema di gestione sale operatorie
48814400	Sistema di informazione clinica
48814500	Sistema gestione pazienti
48820000	Server
48821000	Server di rete
48822000	Server per elaboratori
48823000	File server
48824000	Server per stampanti
48825000	Server web
48900000	Pacchetti software e sistemi informatici vari
48910000	Pacchetti software per giochi informatici, titoli per famiglie e screensaver
48911000	Pacchetti software per giochi informatici
48912000	Titoli per famiglie
48913000	Screensaver
48920000	Pacchetti software di office automation
48921000	Sistema di automazione
48930000	Pacchetti informatici di formazione e intrattenimento
48931000	Pacchetti informatici di formazione
48932000	Pacchetti informatici di intrattenimento
48940000	Pacchetti software per modelli e calendari
48941000	Pacchetti software per modelli
48942000	Pacchetti software per calendari
48950000	Sistemi di localizzazione di navi e di diffusione sonora
48951000	Sistema di localizzazione di navi
48952000	Sistema di diffusione sonora
48960000	Pacchetti software per driver e sistemi
48961000	Driver per Ethernet
48962000	Driver per schede grafiche
48970000	Pacchetti software per stampe
48971000	Pacchetti software per indirizzari
48972000	Pacchetti software per etichette
48980000	Linguaggi e strumenti di programmazione
48981000	Pacchetti software di compilazione
48982000	Pacchetti software di gestione delle configurazioni
48983000	Pacchetti software di sviluppo
48984000	Strumenti di interfaccia grafica utente (GUI)
48985000	Linguaggi di programmazione
48986000	Pacchetti software di verifica dei programmi
48987000	Pacchetti software per operazioni di debug
48990000	Pacchetti software per fogli di calcolo e potenziamento
48991000	Pacchetti software per fogli di calcolo
50000000	Servizi di riparazione e manutenzione
50100000	Servizi di riparazione, manutenzione e affini di veicoli e attrezzature connesse
50110000	Servizi di riparazione e manutenzione di veicoli a motore e attrezzature affini
50111000	Gestione del parco macchine, servizi di riparazione e di manutenzione
50111100	Servizi di gestione del parco macchine
50111110	Servizi di assistenza al parco macchine
50112000	Servizi di riparazione e manutenzione di automobili
50112100	Servizi di riparazione di automobili
50112110	Servizi di riparazione di carrozzerie per veicoli
50112111	Servizi di riparazione carrozzerie
50112120	Servizi di sostituzione di parabrezza
50112200	Servizi di manutenzione di automobili
50112300	Autolavaggio e servizi affini
50113000	Servizi di riparazione e manutenzione di autobus
50113100	Servizi di riparazione di autobus
50113200	Servizi di manutenzione di autobus
50114000	Servizi di riparazione e manutenzione di camion
50114100	Servizi di riparazione di camion
50114200	Servizi di manutenzione di camion
50115000	Servizi di riparazione e manutenzione di motocicli
50115100	Servizi di riparazione di motocicli
50115200	Servizi di manutenzione di motocicli
50116000	Servizi di manutenzione e riparazione di parti specifiche di veicoli
50116100	Servizi di riparazione del sistema elettrico
50116200	Servizi di riparazione e manutenzione di freni e loro parti per veicoli
50116300	Servizi di riparazione e manutenzione di cambi per veicoli
50116400	Servizi di riparazione e manutenzione di trasmissioni di veicoli
50116500	Servizi di riparazione di pneumatici, compreso il montaggio e l'equilibratura
50116510	Servizi di rigenerazione pneumatici
50116600	Servizi di riparazione e di manutenzione di motori di avviamento
50117000	Servizi di conversione e sistemazione di veicoli
50117100	Servizi di conversione di veicoli
50117200	Servizi di conversione di ambulanze
50117300	Servizi di sistemazione di veicoli
50118000	Servizi di soccorso stradale
50118100	Servizi di soccorso e rimozione di veicoli
50118110	Servizi di rimorchio veicoli
50118200	Servizi di soccorso e rimozione di veicoli commerciali
50118300	Servizi di soccorso e rimozione di autobus
50118400	Servizi di soccorso e rimozione di veicoli a motore
50118500	Servizi di soccorso e rimozione di motocicli
50190000	Servizi di demolizione di veicoli
50200000	Riparazione, manutenzione e servizi affini connessi a trasporti aerei, ferroviari, strade e servizi marittimi
50210000	Riparazione, manutenzione e servizi affini connessi ai trasporti aerei e altre attrezzature
50211000	Servizi di riparazione e manutenzione di aeromobili
50211100	Servizi di manutenzione di aeromobili
50211200	Servizi di riparazione di aeromobili
50211210	Servizi di riparazione e manutenzione di motori d'aviazione
50211211	Servizi di manutenzione di motori d'aviazione
50211212	Servizi di riparazione di motori d'aviazione
50211300	Servizi di ripristino di aeromobili
50211310	Servizi di ripristino di motori di aeromobili
50212000	Servizi di riparazione e manutenzione di elicotteri
50220000	Riparazione, manutenzione e servizi affini connessi alle ferrovie ed altre attrezzature
50221000	Servizi di riparazione e manutenzione di locomotive
50221100	Servizi di riparazione e manutenzione di cambi di locomotive
50221200	Servizi di riparazione e manutenzione di trasmissioni di locomotive
50221300	Servizi di riparazione e manutenzione di assi montati di locomotive
50221400	Servizi di riparazione e manutenzione di freni e parti di freni di locomotive
50222000	Servizi di manutenzione di materiale rotabile
50222100	Servizi di riparazione e manutenzione di ammortizzatori
50223000	Servizi di ripristino di locomotive
50224000	Servizi di ripristino di materiale rotabile
50224100	Servizi di ripristino di sedili di materiale rotabile
50224200	Servizi di ripristino di vagoni passeggeri
50225000	Servizi di manutenzione rotaie
50229000	Demolizione di materiale rotabile
50230000	Riparazione, manutenzione e servizi affini connessi alle strade ed altre attrezzature
50232000	Manutenzione di impianti di illuminazione pubblica e semafori
50232100	Servizi di manutenzione di impianti di illuminazione stradale
50232110	Messa in opera di impianti di illuminazione pubblica
50232200	Servizi di manutenzione di impianti di segnalazione
50240000	Riparazione, manutenzione e servizi affini relativi alle navi ed altre attrezzature
50241000	Servizi di riparazione e manutenzione di navi
50241100	Servizi di riparazione di navi
50241200	Servizi di riparazione di traghetti
50242000	Servizi di conversione di navi
50243000	Demolizione di navi
50244000	Servizi di ripristino di navi o barche
50245000	Servizi di ammodernamento di navi
50246000	Servizi di manutenzione di attrezzature portuali
50246100	Servizi di cantieristica
50246200	Servizi di manutenzione di boe
50246300	Servizi di riparazione e manutenzione di strutture galleggianti
50246400	Servizi di riparazione e manutenzione di piattaforme galleggianti
50300000	Servizi di riparazione, manutenzione e servizi affini connessi a personal computer, attrezzature d'ufficio, apparecchiature per telecomunicazione e impianti audiovisivi
50310000	Manutenzione e riparazione di macchine per ufficio
50311000	Manutenzione e riparazione di macchine contabili da ufficio
50311400	Manutenzione e riparazione di calcolatori e macchine per contabilità
50312000	Manutenzione e riparazione di attrezzatura informatica
50312100	Manutenzione e riparazione di calcolatori centrali
50312110	Manutenzione di calcolatori centrali
50312120	Riparazione di calcolatori centrali
50312200	Manutenzione e riparazione di minicomputer
50312210	Manutenzione di minicomputer
50312220	Riparazione di minicomputer
50312300	Manutenzione e riparazione di attrezzature di reti per trasmissione dati
50312310	Manutenzione di attrezzature di reti per trasmissione dati
50312320	Riparazione di attrezzature di reti per la trasmissione dati
50312400	Manutenzione e riparazione di microcomputer
50312410	Manutenzione di microcomputer
50312420	Riparazione di microcomputer
50312600	Manutenzione e riparazione di attrezzature per tecnologia dell'informazione
50312610	Manutenzione di attrezzature per tecnologia dell'informazione
50312620	Riparazione di attrezzature per tecnologia dell'informazione
50313000	Manutenzione e riparazione di macchine reprografiche
50313100	Servizi di riparazione di fotocopiatrici
50313200	Servizi di manutenzione di fotocopiatrici
50314000	Servizi di riparazione e manutenzione di apparecchi telefax
50315000	Servizi di riparazione e manutenzione di segreterie telefoniche
50316000	Manutenzione e riparazione di distributori automatici di biglietti
50317000	Manutenzione e riparazione di macchinari per l'obliterazione di biglietti
50320000	Servizi di riparazione e manutenzione di computer personali
50321000	Servizi di riparazione di computer personali
50322000	Servizi di manutenzione di computer personali
50323000	Manutenzione e riparazione di unità periferiche
50323100	Manutenzione di unità periferiche
50323200	Riparazione di unità periferiche
50324000	Servizi di assistenza per computer personali
50324100	Servizi di manutenzione di sistemi
50324200	Servizi di manutenzione preventiva
50330000	Servizi di manutenzione di attrezzature per telecomunicazioni
50331000	Servizi di riparazione e manutenzione di linee per telecomunicazioni
50332000	Servizi di manutenzione di infrastrutture per telecomunicazioni
50333000	Servizi di manutenzione di attrezzature per radiocomunicazioni
50333100	Servizi di riparazione e manutenzione di radiotrasmittenti
50333200	Riparazione e manutenzione di apparecchi per radiotelefonia
50334000	Servizi di riparazione e manutenzione di attrezzature telefoniche e telegrafiche
50334100	Servizi di riparazione e manutenzione di attrezzature telefoniche
50334110	Manutenzione di reti telefoniche
50334120	Ammodernamento di attrezzature per commutazione telefonica
50334130	Servizi di riparazione e manutenzione di apparecchi per commutazione telefonica
50334140	Servizi di riparazione e manutenzione di apparecchi telefonici
50334200	Servizi di riparazione e manutenzione di attrezzature telegrafiche
50334300	Servizi di riparazione e manutenzione di attrezzature telex
50334400	Manutenzione di sistemi di comunicazione
50340000	Servizi di riparazione e manutenzione di attrezzature audiovisive ed ottiche
50341000	Servizi di riparazione e manutenzione di attrezzature televisive
50341100	Servizi di riparazione e manutenzione di attrezzature teletext
50341200	Servizi di riparazione e manutenzione di trasmettitori televisivi
50342000	Servizi di riparazione e manutenzione di attrezzature audio
50343000	Servizi di riparazione e manutenzione di attrezzature video
50344000	Servizi di riparazione e manutenzione di attrezzature ottiche
50344100	Servizi di riparazione e manutenzione di attrezzature fotografiche
50344200	Servizi di riparazione e manutenzione di attrezzature cinematografiche
50400000	Servizi di riparazione e manutenzione di attrezzature mediche e di precisione
50410000	Servizi di riparazione e manutenzione di apparecchiature di misurazione, collaudo e prova
50411000	Servizi di riparazione e manutenzione di apparecchiature di misurazione
50411100	Servizi di riparazione e manutenzione di contatori d'acqua
50411200	Servizi di riparazione e manutenzione di contatori di gas
50411300	Servizi di riparazione e manutenzione di contatori elettrici
50411400	Servizi di riparazione e manutenzione di tachimetri
50411500	Servizi di riparazione e manutenzione di attrezzature industriali per la misurazione del tempo
50412000	Servizi di riparazione e manutenzione di apparecchiature di collaudo
50413000	Servizi di riparazione e manutenzione di apparecchiature di prova
50413100	Servizi di riparazione e manutenzione di attrezzature di rilevamento di gas
50413200	Servizi di riparazione e manutenzione di impianti antincendio
50420000	Servizi di riparazione e manutenzione di attrezzature medico-chirurgiche
50421000	Servizi di riparazione e manutenzione di attrezzature mediche
50421100	Servizi di riparazione e manutenzione di sedie a rotelle
50421200	Servizi di riparazione e manutenzione di apparecchi per raggi X
50422000	Servizi di riparazione e manutenzione di attrezzature chirurgiche
50430000	Servizi di riparazione e manutenzione di attrezzature di precisione
50431000	Servizi di riparazione e manutenzione di orologi da polso
50432000	Servizi di riparazione e manutenzione di orologi
50433000	Servizi di calibratura
50500000	Servizi di riparazione e manutenzione di pompe, valvole, rubinetti, contenitori metallici e macchinari
50510000	Servizi di riparazione e manutenzione di pompe, valvole, rubinetti e contenitori metallici
50511000	Servizi di riparazione e manutenzione di pompe
50511100	Servizi di riparazione e manutenzione di pompe per liquidi
50511200	Servizi di riparazione e manutenzione di pompe per gas
50512000	Servizi di riparazione e manutenzione di valvole
50513000	Servizi di riparazione e manutenzione di rubinetti
50514000	Servizi di riparazione e manutenzione di contenitori metallici
50514100	Servizi di riparazione e manutenzione di cisterne
50514200	Servizi di riparazione e manutenzione di serbatoi
50514300	Servizi di riparazione guaine
50530000	Servizi di riparazione e manutenzione di macchinari
50531000	Servizi di riparazione e manutenzione di macchinari non elettrici
50531100	Servizi di riparazione e manutenzione di caldaie
50531200	Servizi di manutenzione di apparecchiature a gas
50531300	Servizi di riparazione e manutenzione di compressori
50531400	Servizi di riparazione e manutenzione di gru
50531500	Servizi di riparazione e manutenzione di derrick
50531510	Servizi di smantellamento di derrick
50532000	Servizi di riparazione e manutenzione di macchinari elettrici, apparecchiature e attrezzature connesse
50532100	Servizi di riparazione e manutenzione di motori elettrici
50532200	Servizi di riparazione e manutenzione di trasformatori
50532300	Servizi di riparazione e manutenzione di generatori
50532400	Servizi di riparazione e manutenzione di attrezzature di distribuzione elettrica
50600000	Servizi di riparazione e manutenzione di materiali di sicurezza e difesa
50610000	Servizi di riparazione e manutenzione di attrezzature di sicurezza
50620000	Servizi di riparazione e manutenzione di armi da fuoco e munizioni
50630000	Servizi di riparazione e manutenzione di veicoli militari
50640000	Servizi di riparazione e manutenzione di navi da guerra
50650000	Servizi di riparazione e manutenzione di velivoli militari, missili e velivoli spaziali
50660000	Servizi di riparazione a manutenzione di sistemi elettronici militari
50700000	Servizi di riparazione e manutenzione di impianti di edifici
50710000	Servizi di riparazione e manutenzione di impianti elettrici e meccanici di edifici
50711000	Servizi di riparazione e manutenzione di impianti elettrici di edifici
50712000	Servizi di riparazione e manutenzione di impianti meccanici di edifici
50720000	Servizi di riparazione e manutenzione di riscaldamenti centrali
50721000	Messa in opera di impianti di riscaldamento
50730000	Servizi di riparazione e manutenzione di gruppi di raffreddamento
50740000	Servizi di riparazione e manutenzione di scale mobili
50750000	Servizi di manutenzione di ascensori
50760000	Riparazione e manutenzione di gabinetti pubblici
50800000	Servizi di riparazione e manutenzione vari
50810000	Servizi di riparazione di articoli di gioielleria
50820000	Servizi di riparazione di articoli in cuoio
50821000	Servizi di riparazione di stivali
50822000	Servizi di riparazione di scarpe
50830000	Servizi di riparazione di indumenti e tessuti
50840000	Servizi di riparazione di armi e sistemi d'arma
50841000	Servizi di riparazione e manutenzione di armi
50842000	Servizi di riparazione e manutenzione di sistemi d'arma
50850000	Servizi di riparazione e manutenzione di mobili
50860000	Servizi di riparazione e manutenzione di strumenti musicali
50870000	Servizi di riparazione e manutenzione di parchi giochi
50880000	Servizi di riparazione e manutenzione di attrezzature alberghiere e di ristorazione
50881000	Servizi di riparazione e manutenzione di attrezzature alberghiere
50882000	Servizi di riparazione e manutenzione di attrezzature di ristorazione
50883000	Servizi di riparazione e manutenzione di attrezzature per catering
50884000	Servizi di riparazione e manutenzione di attrezzature da campeggio
51000000	Servizi di installazione (escluso software)
51100000	Servizi di installazione di attrezzature elettriche e meccaniche
51110000	Servizi di installazione di attrezzature elettriche
51111000	Servizi di installazione di motori elettrici, generatori e trasformatori
51111100	Servizi di installazione di motori elettrici
51111200	Servizi di installazione di generatori
51111300	Servizi di installazione di trasformatori
51112000	Servizi di installazione di attrezzature di distribuzione e controllo di elettricità
51112100	Servizi di installazione di attrezzature di distribuzione di elettricità
51112200	Servizi di installazione di attrezzature di controllo di elettricità
51120000	Servizi di installazione di attrezzature meccaniche
51121000	Servizi di installazione di attrezzature da ginnastica
51122000	Servizi di installazione di pennoni
51130000	Servizi di installazione di generatori a vapore, turbine, compressori e bruciatori
51131000	Servizi di installazione di generatori a vapore
51133000	Servizi di installazione di turbine
51133100	Servizi di installazione di turbine a gas
51134000	Servizi di installazione di compressori
51135000	Servizi di installazione di forni
51135100	Servizi di installazione di bruciatori
51135110	Servizi di installazione di inceneritori di rifiuti
51140000	Servizi di installazione di motori
51141000	Servizi di installazione di motori a benzina
51142000	Servizi di installazione di motori diesel
51143000	Servizi di installazione di motori ferroviari
51144000	Servizi di installazione di motori per veicoli
51145000	Servizi di installazione di motori marini
51146000	Servizi di installazione di motori per aeromobili
51200000	Servizi di installazione di attrezzature di misurazione, controllo, collaudo e navigazione
51210000	Servizi di installazione di attrezzature di misurazione
51211000	Servizi di installazione di apparecchiature per la misurazione del tempo
51212000	Servizi di installazione di attrezzature di registrazione delle presenze
51213000	Servizi di installazione di attrezzature di controllo orario
51214000	Servizi di installazione di parchimetri
51215000	Servizi di installazione di attrezzature meteorologiche
51216000	Servizi di installazione di attrezzature geologiche
51220000	Servizi di installazione di attrezzature di prova
51221000	Servizi di installazione di dispositivi automatici per la registrazione in aeroporto
51230000	Servizi di installazione di attrezzature di controllo
51240000	Servizi di installazione di attrezzature di navigazione
51300000	Servizi di installazione di apparecchiature di comunicazione
51310000	Servizi di installazione di apparecchiature radio, televisive, audio e video
51311000	Servizi di installazione di apparecchiature radio
51312000	Servizi di installazione di apparecchiature televisive
51313000	Servizi di installazione di apparecchiature audio
51314000	Servizi di installazione di apparecchiature video
51320000	Servizi di installazione di trasmittenti radiotelevisive
51321000	Servizi di installazione di trasmettitori radio
51322000	Servizi di installazione di trasmettitori televisivi
51330000	Servizi di installazione di apparecchiature di radiotelefonia
51340000	Servizi di installazione di attrezzature per linea telefonica
51350000	Servizi di installazione di attrezzature per linea telegrafica
51400000	Servizi di installazione di attrezzature medico-chirurgiche
51410000	Servizi di installazione di attrezzature mediche
51411000	Servizi di installazione di attrezzature per imaging
51412000	Servizi di installazione di attrezzature dentistiche o di sottospecialità
51413000	Servizi di installazione di attrezzature per radioterapia
51414000	Servizi di installazione di attrezzature per meccanoterapia
51415000	Servizi di installazione di attrezzature per elettroterapia
51416000	Servizi di installazione di attrezzature per terapia fisica
51420000	Servizi di installazione di attrezzature chirurgiche
51430000	Servizi di installazione di attrezzature per laboratorio
51500000	Servizi di installazione di macchinari e attrezzature
51510000	Servizi di installazione di macchinari e attrezzature di impiego generale
51511000	Servizi di installazione di dispositivi di sollevamento e movimentazione, esclusi ascensori e scale mobili
51511100	Servizi di installazione di dispositivi di sollevamento
51511110	Servizi di installazione di gru
51511200	Servizi di installazione di dispositivi di movimentazione
51511300	Servizi di installazione di navicelle e ponteggi semoventi
51511400	Servizi di installazione di impianti di movimentazione
51514000	Servizi di installazione di vari macchinari di impiego generale
51514100	Servizi di installazione di macchinari e apparecchi di filtraggio o purificazione di liquidi
51514110	Servizi di installazione di macchinari e apparecchi di filtraggio o depurazione dell'acqua
51520000	Servizi di installazione di macchinari agricoli e forestali
51521000	Servizi di installazione di macchinari agricoli
51522000	Servizi di installazione di macchinari forestali
51530000	Servizi di installazione di macchine utensili
51540000	Servizi di installazione di macchinari e attrezzature per uso speciale
51541000	Servizi di installazione di macchinari per l'industria mineraria, estrattiva, edile e metallurgica
51541100	Servizi di installazione di macchinari per l'industria mineraria
51541200	Servizi di installazione di macchinari per l'industria estrattiva
51541300	Servizi di installazione di macchinari per la costruzione
51541400	Servizi di installazione di macchinari per l'industria metallurgica
51542000	Servizi di installazione di macchinari per la lavorazione dei prodotti alimentari, delle bevande e del tabacco
51542100	Servizi di installazione di macchinari per la lavorazione dei prodotti alimentari
51542200	Servizi di installazione di macchinari per la lavorazione delle bevande
51542300	Servizi di installazione di macchinari per la lavorazione del tabacco
51543000	Servizi di installazione di macchinari per la produzione di tessuti, indumenti e cuoio
51543100	Servizi di installazione di macchinari per la produzione di tessuti
51543200	Servizi di installazione di macchinari per la produzione di indumenti
51543300	Servizi di installazione di macchinari per la produzione di cuoio
51543400	Servizi di installazione di lavatrici per lavanderia, macchine per lavaggio a secco ed asciugatrici
51544000	Servizi di installazione di macchinari per la produzione di carta e cartone
51544100	Servizi di installazione di macchinari per la produzione di carta
51544200	Servizi di installazione di macchinari per la produzione di cartone
51545000	Servizi di installazione di cassette per la posta
51550000	Servizi di installazione di sistemi d'arma
51600000	Servizi di installazione di computer e apparecchiature per ufficio
51610000	Servizi di installazione di computer e apparecchiature per il trattamento delle informazioni
51611000	Servizi di installazione di computer
51611100	Servizi di installazione di attrezzature informatiche
51611110	Servizi di installazione di cartelloni o monitor per l'indicazione in tempo reale delle partenze e degli arrivi negli aeroporti
51611120	Servizi di installazione di cartelloni o monitor per l'indicazione in tempo reale delle partenze e degli arrivi nelle stazioni ferroviarie
51612000	Servizi di installazione di apparecchiature per il trattamento di informazioni
51620000	Servizi di installazione di apparecchiature per ufficio
51700000	Servizi di installazione di attrezzature antincendio
51800000	Servizi di installazione di contenitori in metallo
51810000	Servizi di installazione di cisterne
51820000	Servizi di installazione di serbatoi
51900000	Servizi di installazione di sistemi di guida e controllo
55000000	Servizi alberghieri, di ristorazione e di vendita al dettaglio
55100000	Servizi alberghieri
55110000	Servizi di sistemazione alberghiera
55120000	Servizi alberghieri per riunioni e conferenze
55130000	Altri servizi alberghieri
55200000	Campeggi ed altre sistemazioni non alberghiere
55210000	Servizi di alloggio in ostelli della gioventù
55220000	Servizi di alloggio in campeggi
55221000	Servizi di alloggio in aree per roulotte
55240000	Servizi di centri di vacanza e case di villeggiatura
55241000	Servizi di centri di vacanza
55242000	Servizi di case di villeggiatura
55243000	Servizi di colonie per bambini
55250000	Servizi di affitto di alloggi per soggiorni di breve durata
55260000	Servizi di vagone letto
55270000	Servizi prestati da pensioni
55300000	Servizi di ristorazione e di distribuzione pasti
55310000	Servizi di ristorazione con cameriere
55311000	Servizi di ristorazione con cameriere in ristoranti per clientela ristretta
55312000	Servizi di ristorazione con cameriere per clientela non ristretta
55320000	Servizi di distribuzione pasti
55321000	Servizi di preparazione pasti
55322000	Servizi di cottura pasti
55330000	Servizi di caffetteria
55400000	Servizi di mescita di bevande
55410000	Servizi di gestione bar
55500000	Servizi di mensa e servizi di catering
55510000	Servizi di mensa
55511000	Servizi di mensa ed altri servizi di caffetteria per clientela ristretta
55512000	Servizi di gestione mensa
55520000	Servizi di catering
55521000	Servizi di ristorazione a domicilio
55521100	Servizi di fornitura pasti a domicilio
55521200	Servizio di fornitura pasti
55522000	Servizi di catering per imprese di trasporto
55523000	Servizi di catering per altre imprese o altre istituzioni
55523100	Servizi di mensa scolastica
55524000	Servizi di ristorazione scolastica
55900000	Servizi di vendita al dettaglio
60000000	Servizi di trasporto (escluso il trasporto di rifiuti)
60100000	Servizi di trasporto terrestre
60112000	Servizi di trasporto pubblico terrestre
60120000	Servizi di taxi
60130000	Servizi speciali di trasporto passeggeri su strada
60140000	Servizi di trasporto non regolare di passeggeri
60150000	Trasporto passeggeri mediante veicoli a trazione animale
60160000	Trasporti postali su strada
60161000	Servizi di trasporto colli
60170000	Noleggio di veicoli per trasporto passeggeri con autista
60171000	Noleggio di autovetture con autista
60172000	Noleggio di autobus e pullman con autista
60180000	Noleggio di veicoli per trasporto merci con autista
60181000	Noleggio di camion con autista
60182000	Noleggio di veicoli industriali con autista
60183000	Noleggio di furgoni con autista
60200000	Servizi di trasporto ferroviario
60210000	Servizi di trasporto pubblico per ferrovia
60220000	Trasporto ferroviario di posta
60300000	Servizi di trasporto mediante condutture
60400000	Servizi di trasporto aereo
60410000	Servizi di linea di trasporto aereo
60411000	Servizi di linea di trasporto di posta aerea
60420000	Servizi di trasporto aereo non regolare
60421000	Servizi di trasporto aereo non regolare di posta
60423000	Servizi di charter aereo
60424000	Noleggio di mezzi di trasporto aerei con equipaggio
60424100	Noleggio di aeromobili con equipaggio
60424110	Noleggio di aeromobili ad ala fissa con equipaggio
60424120	Noleggio di elicotteri con equipaggio
60440000	Servizi aerei e affini
60441000	Servizi di irrorazione aerea
60442000	Servizi aerei di lotta antincendio
60443000	Servizi di salvataggio aereo
60443100	Servizi di salvataggio aereo in mare
60444000	Servizi di gestione aeromobili
60444100	Servizi di pilotaggio
60445000	Servizi aerei operativi
60500000	Servizi di trasporto spaziale
60510000	Servizi di lancio di satelliti
60520000	Servizi sperimentali di lancio di carico utile
60600000	Trasporti e servizi affini per via d'acqua
60610000	Servizi di trasporto su traghetti
60620000	Trasporto per via d'acqua di posta
60630000	Servizi di imbarcazioni per la posa di cavi
60640000	Trasporti marittimi
60650000	Noleggio di mezzi di trasporto per via d'acqua con equipaggio
60651000	Noleggio di imbarcazioni con equipaggio
60651100	Noleggio di imbarcazioni con equipaggio per la navigazione marittima
60651200	Locazione di imbarcazioni per la navigazione su vie d'acqua interne con equipaggio
60651300	Servizi di imbarcazioni antinquinamento
60651400	Servizi di navi per carichi pesanti
60651500	Servizi di battelli ausiliari
60651600	Servizi di imbarcazioni per rifornimento a mare
60653000	Noleggio di barche con equipaggio
63000000	Servizi di supporto e ausiliari nel campo dei trasporti; servizi di agenzie di viaggio
63100000	Servizi di movimentazione, magazzinaggio e servizi affini
63110000	Servizi di movimentazione e magazzinaggio
63111000	Servizi di movimentazione container
63112000	Servizi di movimentazione bagagli
63112100	Servizi di movimentazione bagagli di passeggeri
63112110	Servizi di raccolta bagagli
63120000	Servizi di magazzinaggio e deposito merci
63121000	Servizi di stoccaggio e recupero
63121100	Servizi di magazzinaggio
63121110	Servizi di deposito di gas
63122000	Servizi di magazzino
63500000	Servizi di agenzie di viaggio, operatori turistici e servizi di assistenza turistica
63510000	Servizi di agenzie di viaggi e servizi affini
63511000	Organizzazione di viaggi tutto compreso
63512000	Vendita di biglietti di viaggio e di servizi di viaggio tutto compreso
63513000	Servizi di informazione turistica
63514000	Servizi di guide turistiche
63515000	Servizi relativi all'organizzazione di viaggi
63516000	Servizi di gestione viaggi
63520000	Servizi di agenzie di trasporto
63521000	Servizi di agenzie di trasporto merci
63522000	Servizi di agenti marittimi
63523000	Servizi di agenzie portuali e di agenzie di spedizione
63524000	Servizi di preparazione di documenti di trasporto
63700000	Servizi di supporto al trasporto terrestre, per via d'acqua e aereo
63710000	Servizi di supporto al trasporto terrestre
63711000	Servizi di supporto al trasporto ferroviario
63711100	Servizi di monitoraggio dei treni
63711200	Servizi di officine mobili
63712000	Servizi di supporto al trasporto stradale
63712100	Servizi di stazioni autobus
63712200	Servizi di gestione autostradale
63712210	Servizi di pedaggio autostradale
63712300	Servizi di gestione ponti e gallerie
63712310	Servizi di gestione ponti
63712311	Servizi di pedaggio per ponti
63712320	Servizi di gestione gallerie
63712321	Servizi di pedaggio per gallerie
63712400	Servizi di stazionamento
63712500	Servizi di pese a ponte
63712600	Servizi di veicoli di rifornimento
63712700	Servizi di controllo del traffico
63712710	Servizi di monitoraggio del traffico
63720000	Servizi di supporto ai trasporti per via d'acqua
63721000	Servizi di gestione di porti e idrovie e servizi affini
63721100	Servizi di rifornimento
63721200	Servizi di gestione di porti
63721300	Servizi di gestione di vie d'acqua
63721400	Servizi di rifornimento di navi
63721500	Servizi di gestione di terminal per passeggeri
63722000	Servizi di pilotaggio di navi
63723000	Servizi di attracco
63724000	Servizi di navigazione
63724100	Servizi di posizionamento in mare
63724110	Servizi di posizionamento di navi faro
63724200	Servizi di navi faro
63724300	Servizi di posizionamento boe
63724310	Servizi di marcaggio con boe
63724400	Servizi di fari
63725000	Servizi di salvataggio e rimessa a galla di imbarcazioni
63725100	Servizi di salvataggio di imbarcazioni
63725200	Servizi di imbarcazioni ausiliarie
63725300	Servizi di rimessa a galla di navi
63726000	Servizi vari di supporto al trasporto per via d'acqua
63726100	Servizi di immatricolazione di imbarcazioni
63726200	Servizi rompighiaccio
63726300	Servizi di messa in cantiere
63726400	Servizi di affitto di navi
63726500	Servizi di disarmo di imbarcazioni
63726600	Servizi di gestione navi
63726610	Servizi di varo di navi
63726620	Servizi di veicoli controllati a distanza (ROV)
63726700	Servizi di pescherecci
63726800	Servizi di imbarcazioni di ricerca
63726900	Servizi di ancoraggio
63727000	Servizi di rimorchio e spinta di navi
63727100	Servizi di rimorchio navi
63727200	Servizi di spinta navi
63730000	Servizi di supporto vari ai trasporti aerei
63731000	Servizi operativi aeroportuali
63731100	Servizi di coordinamento delle bande orarie negli aeroporti
63732000	Servizi di controllo del traffico aereo
63733000	Servizi di rifornimento aereo
63734000	Servizi di hangar
64000000	Servizi di poste e telecomunicazioni
64100000	Servizi di poste e corriere
64110000	Servizi postali
64111000	Servizi postali per giornali e riviste
64112000	Servizi postali per la corrispondenza
64113000	Servizi postali per pacchi
64114000	Servizi di sportello presso uffici postali
64115000	Servizi di affitto di cassette postali
64116000	Servizi di fermo posta
64120000	Servizi di corriere
64121000	Servizi di distribuzione postale per corriere
64121100	Servizi di consegna postale
64121200	Servizi di consegna colli
64122000	Servizi di messaggeria interna
64200000	Servizi di telecomunicazione
64210000	Servizi telefonici e di trasmissione dati
64211000	Servizi telefonici pubblici
64211100	Servizi telefonici locali
64211200	Servizi telefonici a lunga distanza
64212000	Servizi di telefonia mobili
64212100	Servizi del servizio di brevi messaggi di testo (SMS)
64212200	Servizi del servizio di messaggeria potenziata (EMS)
64212300	Servizi del servizio di messaggi multimedia (MMS)
64212400	Servizi di protocollo di applicazione senza fili (Wireless Application Protocol, WAP)
64212500	Servizi radio GPRS
64212600	Servizi EDGE (Enhanced Data rates for GSM Evolution)
64212700	Servizi di sistema universale di telefonia mobile (UMTS)
64212800	Servizi di fornitura di telefoni a pagamento
64212900	Servizi di fornitura di schede telefoniche prepagate
64213000	Servizi di reti telefoniche commerciali ripartite
64214000	Servizi di reti telefoniche dedicate
64214100	Servizi di noleggio di circuiti via satellite
64214200	Servizi di commutazione telefonica
64214400	Servizi di noleggio di linee telefoniche terrestri
64215000	Servizi telefonici IP
64216000	Servizi di messaggeria e di informazione elettronica
64216100	Servizi di messaggeria elettronica
64216110	Servizi di scambio di dati elettronici
64216120	Servizi di posta elettronica
64216130	Servizi telex
64216140	Servizi telegrafici
64216200	Servizi di informazione elettronica
64216210	Servizi di informazione con valore aggiunto
64216300	Servizi teletext
64220000	Servizi di telecomunicazione, esclusi i servizi telefonici e i servizi di trasmissione dati
64221000	Servizi di interconnessione
64222000	Telelavoro
64223000	Servizi di radioavviso
64224000	Servizi di teleconferenza
64225000	Servizi di telecomunicazione aria-terra
64226000	Servizi telematici
64227000	Servizi integrati di telecomunicazione
64228000	Servizi di trasmissione di programmi televisivi e radiofonici
64228100	Servizi di trasmissione di programmi televisivi
64228200	Servizi di trasmissione di programmi radiofonici
65000000	Servizi pubblici
65100000	Erogazione di acqua e servizi connessi
65110000	Erogazione di acqua
65111000	Erogazione di acqua potabile
65120000	Gestione di un impianto di purificazione dell'acqua
65121000	Servizi di demineralizzazione dell'acqua
65122000	Servizi di desalinizzazione dell'acqua
65123000	Servizi di addolcimento dell'acqua
65130000	Gestione dell'erogazione di acqua
65200000	Erogazione di gas e servizi connessi
65210000	Erogazione di gas
65300000	Erogazione di energia elettrica e servizi connessi
65310000	Erogazione di energia elettrica
65320000	Gestione di impianti elettrici
65400000	Altre fonti di approvvigionamento e distribuzione di energia
65410000	Gestione di una centrale elettrica
65500000	Servizi di lettura contatori
66000000	Servizi finanziari e assicurativi
66100000	Servizi bancari e di investimento
66110000	Servizi bancari
66111000	Servizi delle banche centrali
66112000	Servizi di deposito
66113000	Servizi di concessione di credito
66113100	Servizi di concessione di microcredito
66114000	Servizi di leasing finanziario
66115000	Servizi di trasferimento internazionale di pagamenti
66120000	Servizi bancari di investimento e servizi affini
66121000	Servizi collegati a fusioni e acquisizioni
66122000	Servizi di finanziamento delle imprese e servizi di capitali di rischio
66130000	Servizi di intermediazione e servizi collegati a valori mobiliari e merci
66131000	Servizi di intermediazione valori
66131100	Servizi di investimento pensionistico
66132000	Servizi di intermediazione merci
66133000	Servizi di esecuzione e compensazione
66140000	Servizi di gestione del portafoglio
66141000	Servizi di gestione dei fondi pensione
66150000	Servizi di gestione di mercati finanziari
66151000	Servizi operativi del mercato finanziario
66151100	Servizi di vendita al dettaglio sul mercato elettronico
66152000	Servizi di controllo del mercato finanziario
66160000	Servizi di amministrazione fiduciaria e di custodia
66161000	Servizi di amministrazione fiduciaria
66162000	Servizi di custodia
66170000	Servizi di consulenza finanziaria, di gestione delle transazioni finanziarie e di compensazione
66171000	Servizi di consulenza finanziaria
66172000	Servizi di gestione delle transazioni finanziarie e servizi di compensazione
66180000	Servizi di cambio valute
66190000	Servizi di intermediazione prestiti
66500000	Servizi assicurativi e pensionistici
66510000	Servizi assicurativi
66511000	Servizi di assicurazione sulla vita
66512000	Servizi di assicurazione contro infortuni e malattie
66512100	Servizi di assicurazione contro gli infortuni
66512200	Servizi di assicurazione malattia
66512210	Servizi di assicurazione volontaria contro le malattie
66512220	Servizi di assicurazione medica
66513000	Servizi di assicurazione legale e contro tutti i rischi
66513100	Servizi di assicurazione protezione legale
66513200	Servizi di assicurazione contro tutti i rischi della costruzione
66514000	Servizi di assicurazione sulle merci e relativi al trasporto
66514100	Assicurazione relativa al trasporto
66514110	Servizi di assicurazione di autoveicoli
66514120	Servizi di assicurazione marittima, aerea e di trasporti di altro tipo
66514130	Servizi di assicurazione ferroviaria
66514140	Servizi di assicurazione di aeromobili
66514150	Servizi di assicurazione di imbarcazioni
66514200	Servizi di assicurazione nolo
66515000	Servizi di assicurazione contro danni o perdite
66515100	Servizi di assicurazione contro gli incendi
66515200	Servizi di assicurazione di proprietà
66515300	Servizi di assicurazione contro le intemperie e contro le perdite finanziarie
66515400	Servizi di assicurazione contro le intemperie
66515410	Servizi di assicurazione contro le perdite finanziarie
66515411	Servizi di assicurazione contro perdite pecuniarie
66516000	Servizi di assicurazione di responsabilità civile
66516100	Servizi di assicurazione di responsabilità civile autoveicoli
66516200	Servizi di assicurazione responsabilità civile aeromobili
66516300	Servizi di assicurazione responsabilità civile imbarcazioni
66516400	Servizi di assicurazione di responsabilità civile generale
66516500	Servizi di assicurazione di responsabilità professionale
66517000	Servizi di assicurazione di credito e di cauzione
66517100	Servizi di assicurazione crediti
66517200	Servizi di assicurazione cauzioni
66517300	Servizi di assicurazione di gestione dei rischi
66518000	Servizi di mediatori e agenti di assicurazione
66518100	Servizi di intermediazione assicurativa
66518200	Servizi delle agenzie di assicurazione
66518300	Servizi di regolamento danni
66519000	Servizi di assicurazione di impianti tecnici, servizi di assicurazione ausiliari, servizi di liquidazione sinistri, servizi di liquidazione danni, servizi attuariali e servizi di gestione di salvataggi
66519100	Servizi di assicurazione di piattaforme di petrolio e gas
66519200	Servizi di assicurazione di impianti tecnici
66519300	Servizi di assicurazione ausiliari
66519310	Servizi di consulenza nel campo delle assicurazioni
66519400	Servizi di liquidazione sinistri
66519500	Servizi di liquidazione danni
66519600	Servizi attuariali
66519700	Servizi di gestione di salvataggi
66520000	Servizi pensionistici
66521000	Servizi di pensione individuale
66522000	Servizi di fondi pensione
66523000	Servizi di consulenza sui fondi pensione
66523100	Servizi di amministrazione dei fondi pensione
66600000	Servizi di tesoreria
66700000	Servizi di riassicurazione
66710000	Servizi di riassicurazione sulla vita
66720000	Servizi di riassicurazione malattia e infortuni
70000000	Servizi immobiliari
70100000	Servizi immobiliari per conto proprio
70110000	Servizi di lottizzazione immobiliare
70111000	Lottizzazione di beni immobiliari residenziali
70112000	Lottizzazione di beni immobiliari non residenziali
70120000	Compravendita di beni immobili
70121000	Servizi di compravendita di edifici
70121100	Servizi di vendita di edifici
70121200	Servizi di acquisto di edifici
70122000	Servizi di compravendita di terreni
70122100	Servizi di vendita di terreni
70122110	Servizi di vendita di terreni inedificati
70122200	Servizi di acquisto di terreni
70122210	Servizi di acquisto di terreni inedificati
70123000	Vendita immobiliare
70123100	Vendita di beni immobiliari residenziali
70123200	Vendita di beni non residenziali
70130000	Servizi di locazione di beni immobili propri
70200000	Servizi di affitto o locazione finanziaria di beni immobili propri
70210000	Servizi di affitto o locazione finanziaria di beni immobili residenziali propri
70220000	Servizi di affitto o locazione finanziaria di beni immobili non residenziali propri
70300000	Servizi di mediazione immobiliare vari per conto terzi
70310000	Servizi di affitto o vendita di edifici
70311000	Servizi di affitto o vendita di edifici residenziali
70320000	Servizi di affitto o vendita di terreni
70321000	Servizi di noleggio terreni
70322000	Servizi di affitto o vendita di terreni inedificati
70330000	Servizi di amministrazione di beni immobili per conto terzi
70331000	Servizi di beni immobili residenziali
70331100	Servizi di gestione di istituti
70332000	Servizi di beni immobili non residenziali
70332100	Servizi di amministrazione di terreni
70332200	Servizi di amministrazione di proprietà commerciali
70332300	Servizi connessi a proprietà industriali
70333000	Servizi alloggi
70340000	Servizi connessi a sistemi di multiproprietà
71000000	Servizi architettonici, di costruzione, ingegneria e ispezione
71200000	Servizi architettonici e servizi affini
71210000	Servizi di consulenza architettonica
71220000	Servizi di progettazione architettonica
71221000	Servizi di progettazione di edifici
71222000	Servizi di progettazione di impianti all'aperto
71222100	Servizi di cartografia di aree urbane
71222200	Servizi di cartografia di aree rurali
71223000	Servizi di progettazione di lavori di ampliamento di edifici
71230000	Servizi di organizzazione di concorsi di progettazione architettonica
71240000	Servizi architettonici, di ingegneria e pianificazione
71241000	Studi di fattibilità, servizi di consulenza, analisi
71242000	Preparazione di progetti e progettazioni, stima dei costi
71243000	Piani provvisori (sistemi e integrazione)
71244000	Calcolo dei costi, monitoraggio dei costi
71245000	Piani di approvazione, piani di esecuzione e specifiche
71246000	Determinazione ed elenco delle quantità per la costruzione
71247000	Supervisione di lavori di costruzione
71248000	Supervisione di progetti e documentazione
71250000	Servizi architettonici, di ingegneria e misurazione
71251000	Servizi architettonici e di misurazione
71300000	Servizi di ingegneria
71310000	Servizi di consulenza ingegneristica e di costruzione
71311000	Servizi di consulenza in ingegneria civile
71311100	Servizi di assistenza in ingegneria civile
71311200	Servizi di consulenza in sistemi di trasporto
71311210	Servizi di consulenza stradale
71311220	Servizi di ingegneria stradale
71311230	Servizi di ingegneria ferroviaria
71311240	Servizi di ingegneria aeroportuale
71311300	Servizi di consulenza in infrastrutture
71312000	Servizi di consulenza in ingegneria strutturale
71313000	Servizi di consulenza in ingegneria ambientale
71313100	Servizi di consulenza per il controllo del rumore
71313200	Servizi di consulenza in isolamento sonoro e acustica interna
71313400	Valutazione di impatto ambientale per la costruzione
71313410	Valutazione dei rischi o dei pericoli per la costruzione
71313420	Norme ambientali per la costruzione
71313430	Analisi di indicatori ambientali per la costruzione
71313440	Servizi di valutazione di impatto ambientale (VIA) per la costruzione
71313450	Monitoraggio ambientale per la costruzione
71314000	Servizi energetici e affini
71314100	Servizi elettrici
71314200	Servizi di gestione energia
71314300	Servizi di consulenza in efficienza energetica
71314310	Servizi di fisica termica delle costruzioni
71315000	Impianti tecnici di edifici
71315100	Servizi di consulenza per la costruzione di fabbricati
71315200	Servizi di consulenza per la costruzione
71315210	Servizi di consulenza per impianti tecnici di edifici
71315300	Servizi di planimetria di edifici
71315400	Servizi di collaudo e verifica di edifici
71315410	Ispezioni di sistemi di ventilazione
71316000	Servizi di consulenza per telecomunicazioni
71317000	Servizi di consulenza per la protezione e il controllo di rischi
71317100	Servizi di consulenza per la protezione e il controllo di incendi ed esplosioni
71317200	Servizi sanitari e di sicurezza
71317210	Servizi di consulenza sanitaria e di sicurezza
71318000	Servizi di consulenza e consultazione ingegneristica
71318100	Servizi di tecnica di illuminazione artificiale e naturale
71319000	Servizi di periti
71320000	Servizi di ideazione tecnica
71321000	Servizi di progettazione tecnica per impianti meccanici ed elettrici di edifici
71321100	Servizi di economia delle costruzioni
71321200	Servizi di progettazione di impianti di riscaldamento
71321300	Servizi di consulenza per impianti idraulici
71321400	Servizi di consulenza per impianti di ventilazione
71322000	Servizi di progettazione tecnica per la costruzione di opere di ingegneria civile
71322100	Servizi di estimo per opere di ingegneria civile
71322200	Servizi di progettazione di condutture
71322300	Servizi di progettazione di ponti
71322400	Servizi di progettazione di dighe
71322500	Servizi di progettazione tecnica di infrastrutture del traffico
71323000	Servizi di progettazione tecnica per processi e produzione industriali
71323100	Servizi di progettazione di sistemi elettrici
71323200	Servizi di progettazione tecnica di impianti
71324000	Servizi di estimo
71325000	Servizi di progettazione di fondamenta
71326000	Servizi sussidiari di costruzione di edifici
71327000	Servizi di progettazione di strutture portanti
71328000	Servizi di verifica della progettazione di strutture portanti
71330000	Vari servizi di ingegneria
71331000	Servizi tecnici di trivellazione con fanghi
71332000	Servizi di ingegneria geotecnica
71333000	Servizi di ingegneria meccanica
71334000	Servizi di ingegneria meccanica ed elettrica
71335000	Studi di ingegneria
71336000	Servizi di assistenza in ingegneria
71337000	Servizi di ingegneria contro la corrosione
71340000	Servizi di ingegneria integrati
71350000	Servizi scientifici e tecnici connessi all'ingegneria
71351000	Servizi di prospezione geologica, geofisica e altri servizi di prospezione scientifica
71351100	Servizi di preparazione e analisi di prove di carotaggio
71351200	Servizi di consulenza geologica e geofisica
71351210	Servizi di consulenza geofisica
71351220	Servizi di consulenza geologica
71351300	Servizi di analisi micropaleontologica
71351400	Servizi di interpretazione petrofisica
71351500	Servizi di investigazione del terreno
71351600	Servizi di previsione meteorologica
71351610	Servizi di meteorologia
71351611	Servizi di climatologia
71351612	Servizi di idrometeorologia
71351700	Servizi di prospezione scientifica
71351710	Servizi di prospezione geofisica
71351720	Indagini geofisiche di siti archeologici
71351730	Servizi di prospezione geologica
71351800	Servizi topografici e di prospezione idrica
71351810	Servizi topografici
71351811	Indagini topografiche di siti archeologici
71351820	Servizi di scoperta di falde acquifere
71351900	Servizi geologici, oceanografici e idrologici
71351910	Servizi geologici
71351911	Servizi fotogeologici
71351912	Servizi geologici stratigrafici
71351913	Servizi geologici esplorativi
71351914	Servizi archeologici
71351920	Servizi oceanografici e idrologici
71351921	Servizi oceanografici per zone estuariali
71351922	Servizi oceanografici fisici
71351923	Servizi di analisi batimetrica
71351924	Servizi di esplorazione subacquea
71352000	Servizi di prospezione sotterranea
71352100	Servizi sismici
71352110	Servizi di rilievo sismografico
71352120	Servizi di acquisizione di dati sismici
71352130	Servizi di raccolta di dati sismici
71352140	Servizi di elaborazione sismica
71352300	Servizi di rilievo magnetometrico
71353000	Servizi di agrimensura
71353100	Servizi di prospezione idrografica
71353200	Servizi di rilevazione dimensionale
71354000	Servizi di cartografia
71354100	Servizi di cartografia digitale
71354200	Servizi di fotogrammetria
71354300	Servizi catastali
71354400	Servizi idrografici
71354500	Servizi di rilevazione marina
71355000	Servizi di misurazione
71355100	Servizi fotogrammetrici
71355200	Servizi di mappatura catastale
71356000	Servizi tecnici
71356100	Servizi di controllo tecnico
71356200	Servizi di assistenza tecnica
71356300	Servizi di supporto tecnico
71356400	Servizi di pianificazione tecnica
71400000	Servizi di urbanistica e architettura paesaggistica
71410000	Servizi di urbanistica
71420000	Servizi di architettura paesaggistica
71421000	Servizi di architettura dei giardini
71500000	Servizi connessi alla costruzione
71510000	Servizi di investigazione di sito
71520000	Servizi di controllo di costruzioni
71521000	Servizi di supervisione di siti di costruzione
71530000	Servizi di consulenza per costruzioni
71540000	Servizi di gestione connessi alla costruzione
71541000	Servizi di gestione di progetti di costruzione
71550000	Servizi di lavorazione del ferro
71600000	Servizi di prova tecnica, analisi e consulenza
71610000	Servizi di prova e analisi della composizione e della purezza
71620000	Servizi di analisi
71621000	Servizi di analisi o consulenza tecnica
71630000	Servizi di ispezione e collaudo tecnici
71631000	Servizi di ispezione tecnica
71631100	Servizi di ispezione macchinari
71631200	Servizi di ispezione tecnica per autoveicoli
71631300	Servizi di ispezione tecnica di edifici
71631400	Servizi di ispezione tecnica di opere di ingegneria
71631420	Servizi di ispezione per la sicurezza marittima
71631430	Servizi di ispezione di perdite
71631440	Servizi di ispezione di flusso
71631450	Servizi di ispezione di ponti
71631460	Servizi di ispezione di dighe
71631470	Servizi di ispezione di binari
71631480	Servizi di ispezione di strade
71631490	Servizi di ispezione di piste aeroportuali
71632000	Servizi di collaudo tecnico
71632100	Servizi di collaudo di valvole
71632200	Servizi di collaudo non distruttivo
71700000	Servizi di monitoraggio e controllo
71730000	Servizi di ispezione industriale
71731000	Servizi di controllo della qualità industriale
71800000	Servizi di consulenza per la fornitura di acqua e lo smaltimento dei rifiuti
71900000	Servizi di laboratorio
72000000	Servizi informatici: consulenza, sviluppo di software, Internet e supporto
72100000	Servizi di consulenza per attrezzature informatiche
72110000	Servizi di consulenza per la scelta di attrezzature informatiche
72120000	Servizi di consulenza per il ripristino di attrezzature informatiche
72130000	Servizi di consulenza per configurazione di stazioni informatiche
72140000	Servizi di consulenza per prove di accettazione di attrezzature informatiche
72150000	Servizi di consulenza per verifiche di sistemi informatici e servizi di consulenza per attrezzature informatiche
72200000	Programmazione di software e servizi di consulenza
72210000	Servizi di programmazione di prodotti software in pacchetti
72211000	Servizi di programmazione di software di sistemi e di utente
72212000	Servizi di programmazione di software applicativi
72212100	Servizi di programmazione di software specifici per l'industria
72212110	Servizi di programmazione di software per punti vendita
72212120	Servizi di programmazione di software per il controllo dei voli
72212121	Servizi di programmazione di software per il controllo del traffico aereo
72212130	Servizi di programmazione di software per il supporto a terra e le prove per l'aviazione
72212131	Servizi di programmazione di software per il supporto a terra per l'aviazione
72212132	Servizi di programmazione di software per le prove per l'aviazione
72212140	Servizi di programmazione di software per il controllo del traffico ferroviario
72212150	Servizi di programmazione di software per il controllo industriale
72212160	Servizi di programmazione di software per biblioteche
72212170	Servizi di programmazione di software di conformità
72212180	Servizi di programmazione di software medicale
72212190	Servizi di programmazione di software didattico
72212200	Servizi di programmazione di software per reti, Internet e intranet
72212210	Servizi di programmazione di software per reti
72212211	Servizi di programmazione di software per l'interconnettività di piattaforme
72212212	Servizi di programmazione di software per server di contenitori di dischi ottici
72212213	Servizi di programmazione di software per migliorare i sistemi operativi
72212214	Servizi di programmazione di software per sistemi operativi in rete
72212215	Servizi di programmazione di software per sviluppatori di reti
72212216	Servizi di programmazione di software emulatore di terminali per connettività di rete
72212217	Servizi di programmazione di software di processi transazionali
72212218	Servizi di programmazione di software di gestione delle licenze
72212219	Servizi di programmazione di software per reti varie
72212220	Servizi di programmazione di software per Internet e intranet
72212221	Servizi di programmazione di software per navigare su Internet
72212222	Servizi di programmazione di software per server web
72212223	Servizi di programmazione di software per posta elettronica
72212224	Servizi di programmazione di software per editing di pagine web
72212300	Servizi di programmazione di software per creazioni di documenti, disegni, immagini, programmazione e produttività
72212310	Servizi di programmazione di software per creazione di documenti
72212311	Servizi di programmazione di software per gestione di documenti
72212312	Servizi di programmazione di software per pubblicazioni elettroniche
72212313	Servizi di programmazione di software per lettore ottico di caratteri (OCR)
72212314	Servizi di programmazione di software per riconoscimento vocale
72212315	Servizi di programmazione di software per desktop publishing
72212316	Servizi di programmazione di software per presentazioni
72212317	Servizi di programmazione di software per trattamento testi
72212318	Servizi di programmazione di software per scanner
72212320	Servizi di programmazione di software per disegni e immagini
72212321	Servizi di programmazione di software per la progettazione con l'aiuto del computer (CAD)
72212322	Servizi di programmazione di software di grafica
72212323	Servizi di programmazione di software per la produzione con l'aiuto del computer (CAM)
72212324	Servizi di programmazione di software per diagrammi
72212325	Servizi di programmazione di software per l'elaborazione di moduli
72212326	Servizi di programmazione di software di cartografia
72212327	Servizi di programmazione di software per disegno e pittura
72212328	Servizi di programmazione di software per trattamento di immagini
72212330	Servizi di programmazione di software per programmazione e produttività
72212331	Servizi di programmazione di software per gestione di progetti
72212332	Servizi di programmazione di software di programmazione
72212333	Servizi di programmazione di software di gestione dei contatti
72212400	Servizi di programmazione di software per transazioni commerciali e personali
72212410	Servizi di programmazione di software per la gestione degli investimenti e l'elaborazione di dichiarazioni fiscali
72212411	Servizi di programmazione di software per la gestione degli investimenti
72212412	Servizi di programmazione di software per l'elaborazione di dichiarazioni fiscali
72212420	Servizi di programmazione di software e suite di servizi di programmazione di software per la gestione delle installazioni
72212421	Servizi di programmazione di software di gestione di installazioni
72212422	Suite di servizi di programmazione di software
72212430	Servizi di programmazione di software per la gestione degli inventari
72212440	Servizi di programmazione di software di analisi finanziaria e di contabilità
72212441	Servizi di programmazione di software di analisi finanziaria
72212442	Servizi di programmazione di software di sistemi finanziari
72212443	Servizi di programmazione di software di contabilità
72212445	Servizi di programmazione di software di gestione delle relazioni con i clienti
72212450	Servizi di programmazione di software di contabilizzazione del tempo o per le risorse umane
72212451	Servizi di programmazione di software per la pianificazione delle risorse delle imprese
72212460	Servizi di programmazione di software analitici, scientifici, matematici o previsionali
72212461	Servizi di programmazione di software analitici o scientifici
72212462	Servizi di programmazione di software matematici o previsionali
72212463	Servizi di programmazione di software statistici
72212470	Servizi di programmazione di software per aste
72212480	Servizi di programmazione di software di vendita, marketing e informazioni imprenditoriali
72212481	Servizi di programmazione di software di vendita o marketing
72212482	Servizi di programmazione di software per informazioni imprenditoriali
72212490	Servizi di programmazione di software per appalti
72212500	Servizi di programmazione di software per comunicazioni e multimedia
72212510	Servizi di programmazione di software per comunicazioni
72212511	Servizi di programmazione di software per comunicazioni desktop
72212512	Servizi di programmazione di software per risposta vocale interattiva
72212513	Servizi di programmazione di software per modem
72212514	Servizi di programmazione di software di accesso remoto
72212515	Servizi di programmazione di software per videoconferenza
72212516	Servizi di programmazione di software di scambio
72212517	Servizi di programmazione di software IT
72212518	Servizi di programmazione di software di emulazione
72212519	Servizi di programmazione di software di gestione della memoria
72212520	Servizi di programmazione di software multimedia
72212521	Servizi di programmazione di software per il trattamento di musica o suono
72212522	Servizi di programmazione di software per tastiera virtuale
72212600	Servizi di programmazione di software per banche dati e sistemi operativi
72212610	Servizi di programmazione di software per banche dati
72212620	Servizi di programmazione di software di sistemi operativi per mainframe
72212630	Servizi di programmazione di software per sistemi operativi di minicomputer
72212640	Servizi di programmazione di software per sistemi operativi di microcomputer
72212650	Servizi di programmazione di software per sistemi operativi di personal computer (PC)
72212660	Servizi di programmazione di software per sviluppo di servizi cluster
72212670	Servizi di programmazione di software per sistemi operativi in tempo reale
72212700	Utilities per servizi di programmazione di software
72212710	Servizi di programmazione di software di backup o di recupero
72212720	Servizi di programmazione di software per codici a barre
72212730	Servizi di programmazione di software di sicurezza
72212731	Servizi di programmazione di software di sicurezza dei file
72212732	Servizi di programmazione di software di sicurezza dei dati
72212740	Servizi di programmazione di software di traduzione in lingua straniera
72212750	Servizi di programmazione di software per il caricamento di supporti di stoccaggio
72212760	Servizi di programmazione di software di protezione da virus
72212761	Servizi di programmazione di software antivirus
72212770	Servizi di programmazione di software di utilità generale, di compressione e di stampa
72212771	Servizi di programmazione di software di utilità generale
72212772	Servizi di programmazione di software di stampa
72212780	Servizi di programmazione di software di gestione di sistemi, stoccaggio e contenuti
72212781	Servizi di programmazione di software di gestione di sistemi
72212782	Servizi di programmazione di software di gestione dello stoccaggio
72212783	Servizi di programmazione di software di gestione dei contenuti
72212790	Servizi di programmazione di software di verifica delle versioni
72212900	Servizi di programmazione di software e sistemi informatici vari
72212910	Servizi di programmazione di software per giochi informatici, titoli per famiglie e screensaver
72212911	Servizi di programmazione di software per giochi informatici
72212920	Servizi di programmazione di software di office automation
72212930	Servizi di programmazione di software di formazione e intrattenimento
72212931	Servizi di programmazione di software di formazione
72212932	Servizi di programmazione di software di intrattenimento
72212940	Servizi di programmazione di software per modelli e calendari
72212941	Servizi di programmazione di software per modelli
72212942	Servizi di programmazione di software per calendari
72212960	Servizi di programmazione di software per driver e sistemi
72212970	Servizi di programmazione di software per stamperia
72212971	Servizi di programmazione di software per creare indirizzari
72212972	Servizi di programmazione di software per produrre etichette
72212980	Servizi di programmazione di software per linguaggi di programmazione
72212981	Servizi di programmazione di software di compilazione
72212982	Servizi di programmazione di software di gestione delle configurazioni
72212983	Servizi di programmazione di software di sviluppo
72212984	Servizi di programmazione di software di verifica dei programmi
72212985	Servizi di programmazione di software per operazioni di debug
72212990	Servizi di programmazione di software per fogli di calcolo e potenziamento
72212991	Servizi di programmazione di software per fogli di calcolo
72220000	Servizi di consulenza in sistemi informatici e assistenza tecnica
72221000	Servizi di consulenza per analisi economiche
72222000	Servizi di revisione strategica e programmazione di sistemi o tecnologie dell’informazione
72222100	Servizi di revisione strategica di sistemi o tecnologie dell’informazione
72222200	Servizi di programmazione di sistemi o tecnologie dell’informazione
72222300	Servizi di tecnologia dell'informazione
72223000	Servizi di revisione dei requisiti delle tecnologie dell'informazione
72224000	Servizi di consulenza per la gestione di progetti
72224100	Servizi di programmazione per l'implementazione di sistemi
72224200	Servizi di programmazione per l'assicurazione di qualità dei sistemi
72225000	Servizi di valutazione e revisione per l'assicurazione di qualità dei sistemi
72226000	Servizi di consulenza per prove di accettazione di software di sistema
72227000	Servizi di consulenza di integrazione software
72228000	Servizi di consulenza di integrazione hardware
72230000	Servizi di sviluppo di software personalizzati
72231000	Sviluppo di software per usi militari
72232000	Sviluppo di software per trattamento transazionale e software personalizzati
72240000	Servizi di analisi e programmazione di sistemi
72241000	Servizi di specificazione di obiettivi per progetti critici
72242000	Servizi di modellizzazione di progetti
72243000	Servizi di programmazione
72244000	Servizi di prototipazione
72245000	Servizi contrattuali di analisi di sistemi e di programmazione
72246000	Servizi di consulenza di sistemi
72250000	Servizi di manutenzione di sistemi e di assistenza
72251000	Servizi di ripristino di programmi
72252000	Servizi di archiviazione dati
72253000	Servizi di assistenza informatica e di supporto
72253100	Servizi di assistenza informatica
72253200	Servizi di assistenza sistemi
72254000	Collaudo di software
72254100	Servizi di collaudo di sistemi
72260000	Servizi connessi al software
72261000	Servizi di assistenza software
72262000	Servizi di sviluppo di software
72263000	Servizi di implementazione di software
72264000	Servizi di riproduzione di software
72265000	Servizi di configurazione di software
72266000	Servizi di consulenza di software
72267000	Servizi di manutenzione e riparazione di software
72267100	Manutenzione di software di tecnologia dell'informazione
72267200	Riparazione di software di tecnologia dell'informazione
72268000	Servizi di fornitura di software
72300000	Servizi di elaborazione dati
72310000	Servizi di trattamento dati
72311000	Servizi di tabulazione informatica
72311100	Servizi di conversione dati
72311200	Servizi di trattamento a lotti
72311300	Servizi informatici di time sharing
72312000	Servizi di alimentazione dati
72312100	Servizi di preparazione dati
72312200	Servizi di riconoscimento ottico dei caratteri
72313000	Servizi di acquisizione dati
72314000	Servizi di raccolta e di collazione dati
72315000	Servizi di gestione e supporto di reti di trasmissione dati
72315100	Servizi di assistenza per una rete di trasmissione dati
72315200	Servizi di gestione di reti di trasmissione dati
72316000	Servizi analisi di dati
72317000	Servizi di registrazione dati
72318000	Servizi di trasmissione dati
72319000	Servizi di fornitura dati
72320000	Servizi di banche dati
72321000	Servizi di banche dati a valore aggiunto
72322000	Servizi di gestione dati
72330000	Servizi di standardizzazione e classificazione di contenuti o dati
72400000	Servizi di Internet
72410000	Servizi di provider
72411000	Fornitori di servizi Internet (ISP)
72412000	Fornitori di servizi di posta elettronica
72413000	Servizi di progettazione di siti per il World wide web (WWW)
72414000	Fornitori di motori di ricerca per il web
72415000	Servizi di host per operazioni connesse a siti del World wide web (WWW)
72416000	Fornitori di servizi di applicazioni
72417000	Nomi di dominio di Internet
72420000	Servizi di programmazione di Internet
72421000	Servizi di programmazione di applicazioni cliente di Internet o intranet
72422000	Servizi di programmazione di applicazioni server di Internet o intranet
72500000	Servizi informatici
72510000	Servizi di gestione connessi all'informatica
72511000	Servizi software di gestione di rete
72512000	Servizi di gestione documenti
72513000	Servizi di automazione di uffici
72514000	Servizi di gestione di attrezzature informatiche
72514100	Servizi di gestione di impianti mediante attrezzature informatiche
72514200	Servizi di gestione di attrezzature informatiche per lo sviluppo di sistemi informatici
72514300	Servizi di gestione di attrezzature informatiche per la manutenzione di sistemi informatici
72540000	Servizi di upgrade di computer
72541000	Servizi di espansione di computer
72541100	Servizi di espansione di memoria
72590000	Servizi professionali connessi al computer
72591000	Elaborazione di accordi sul livello di assistenza
72600000	Servizi di consulenza e assistenza informatica
72610000	Servizi di assistenza informatica per computer
72611000	Servizi di assistenza tecnica informatica
72700000	Servizi per rete informatica
72710000	Servizi di rete locale
72720000	Servizi di rete ad estensione geografica
72800000	Servizi di audit e collaudo informatico
72810000	Servizi di audit informatico
72820000	Servizi di collaudo informatico
72900000	Servizi di back-up informatico e di conversione informatica di cataloghi
72910000	Servizi di back-up informatico
72920000	Servizi di conversione informatica di cataloghi
73000000	Servizi di ricerca e sviluppo nonché servizi di consulenza affini
73100000	Servizi di ricerca e sviluppo sperimentale
73110000	Servizi di ricerca
73111000	Servizi di laboratorio di ricerca
73112000	Servizi di ricerca marina
73120000	Servizi di sviluppo sperimentale
73200000	Consulenza nel campo della ricerca e dello sviluppo
73210000	Servizi di consulenza nel campo della ricerca
73220000	Servizi di consulenza nel campo dello sviluppo
73300000	Progettazione e realizzazione di ricerca e sviluppo
73400000	Servizi di ricerca e sviluppo di materiali di sicurezza e di difesa
73410000	Ricerca e tecnologia militare
73420000	Studi di prefattibilità e dimostrazione tecnologica
73421000	Sviluppo di attrezzature di sicurezza
73422000	Sviluppo di armi da fuoco e munizioni
73423000	Sviluppo di veicoli militari
73424000	Sviluppo di navi da guerra
73425000	Sviluppo di velivoli militari, missili e velivoli spaziali
73426000	Sviluppo di sistemi elettronici militari
73430000	Collaudo e valutazione
73431000	Collaudo e valutazione di attrezzature di sicurezza
73432000	Collaudo e valutazione di armi da fuoco e munizioni
73433000	Collaudo e valutazione di veicoli militari
73434000	Collaudo e valutazione di navi da guerra
73435000	Collaudo e valutazione di velivoli militari, missili e velivoli spaziali
73436000	Collaudo e valutazione di sistemi elettronici militari
75000000	Servizi di pubblica amministrazione e difesa e servizi di previdenza sociale
75100000	Servizi di pubblica amministrazione
75110000	Servizi pubblici generali
75111000	Servizi esecutivi e legislativi
75111100	Servizi esecutivi
75111200	Servizi legislativi
75112000	Servizi amministrativi per operazioni commerciali
75112100	Servizi amministrativi per progetti di sviluppo
75120000	Servizi amministrativi di organismi
75121000	Servizi amministrativi nel settore dell'istruzione
75122000	Servizi amministrativi in campo sanitario
75123000	Servizi amministrativi per l'edilizia
75124000	Servizi amministrativi nel campo dei servizi ricreativi, culturali e religiosi
75125000	Servizi amministrativi connessi al turismo
75130000	Servizi di supporto per il governo
75131000	Servizi governativi
75131100	Servizi generali di personale per la pubblica amministrazione
75200000	Servizi forniti all'intera collettività
75210000	Servizi degli affari esteri ed altri servizi
75211000	Servizi connessi agli affari esteri
75211100	Servizi diplomatici
75211110	Servizi consolari
75211200	Servizi connessi agli aiuti economici destinati a paesi terzi
75211300	Servizi connessi agli aiuti militari destinati a paesi terzi
75220000	Servizi di difesa
75221000	Servizi di difesa militare
75222000	Servizi di difesa civile
75230000	Servizi di giustizia
75231000	Servizi giudiziari
75231100	Servizi amministrativi connessi ai tribunali
75231200	Servizi connessi alla detenzione e alla riabilitazione di detenuti
75231210	Servizi di carcerazione
75231220	Servizi di scorta di prigionieri
75231230	Servizi carcerari
75231240	Servizi di reinserimento
75240000	Servizi di pubblica sicurezza e di ordine pubblico
75241000	Servizi di pubblica sicurezza
75241100	Servizi di polizia
75242000	Servizi di ordine pubblico
75242100	Servizi connessi all'ordine pubblico
75242110	Servizi di ufficiali giudiziari
75250000	Servizi dei vigili del fuoco e di salvataggio
75251000	Servizi dei vigili del fuoco
75251100	Servizi di lotta contro gli incendi
75251110	Servizi di prevenzione degli incendi
75251120	Servizi di lotta contro gli incendi forestali
75252000	Servizi di salvataggio
75300000	Servizi di sicurezza sociale obbligatoria
75310000	Servizi di prestazioni sociali
75311000	Indennità di malattia
75312000	Indennità di maternità
75313000	Indennità per disabilità
75313100	Indennità per incapacità temporanea
75314000	Indennità di disoccupazione
75320000	Regimi di pensioni pubbliche per dipendenti statali
75330000	Assegni familiari
75340000	Assegni per figli a carico
76000000	Servizi connessi all'industria petrolifera e del gas
76100000	Servizi professionali per l'industria del gas
76110000	Servizi connessi all'estrazione del gas
76111000	Servizi di rigassificazione
76120000	Servizi di immersione connessi all'estrazione del gas
76121000	Servizi di immersione connessi a pozzi sottomarini
76200000	Servizi professionali per l'industria petrolifera
76210000	Servizi connessi all'estrazione petrolifera
76211000	Servizi di supporti di liner
76211100	Servizi di rivestimento
76211110	Servizi di rivestimento di pozzi di prova
76211120	Servizi di rivestimenti di siti di pozzi
76211200	Servizi di analisi dei fanghi di perforazione
76300000	Servizi di perforazione
76310000	Servizi di perforazione connessi all'estrazione del gas
76320000	Servizi di perforazione in mare
76330000	Servizi di perforazione a turbina
76331000	Servizi di perforazione a turbina di carotaggio
76340000	Carotaggio
76400000	Servizi di posizionamento di impianto di perforazione
76410000	Servizi di rivestimento e tubaggio pozzi
76411000	Servizi di rivestimento di pozzi
76411100	Servizi di personale per rivestimento di pozzi
76411200	Servizi di pianificazione per rivestimento di pozzi
76411300	Servizi di fresatura per rivestimento di pozzi
76411400	Servizi di completamento per rivestimento di pozzi
76420000	Servizi di cementazione per pozzi
76421000	Servizi di cementazione di tubazioni
76422000	Servizi di cementazione di otturatori
76423000	Servizi di cementazione con schiuma
76430000	Servizi di perforazione di pozzi e produzione
76431000	Servizi di perforazione di pozzi
76431100	Servizi di controllo di perforazione di pozzi
76431200	Servizi di estrazione di tubi di perforazione di pozzi
76431300	Servizi di deposizione di tubi di perforazione di pozzi
76431400	Servizi di perforazione di fori di carotaggio ausiliari per pozzi
76431500	Servizi di supervisione di perforazione di pozzi
76431600	Servizi di monitoraggio delle apparecchiature di perforazione di pozzi
76440000	Servizi di diagrafia
76441000	Servizi di diagrafia di pozzi intubati
76442000	Servizi di diagrafia di pozzi non intubati
76443000	Altri servizi di diagrafia
76450000	Servizi di gestione pozzi
76460000	Servizi di assistenza per pozzi
76470000	Servizi di prova per pozzi
76471000	Servizi di prova di fratturazione per pozzi
76472000	Servizi di ispezione o di prova per pozzi
76473000	Servizi di prova di attrezzature per pozzi
76480000	Servizi di tubaggio pozzi
76490000	Servizi di completamento pozzi
76491000	Servizi di occlusione pozzi
76492000	Servizi di posizionamento pozzi
76500000	Servizi onshore e offshore
76510000	Servizi onshore
76520000	Servizi offshore
76521000	Servizi di impianti offshore
76522000	Servizi di imbarcazioni per forniture offshore
76530000	Servizi di pozzi
76531000	Servizi di diagrafia in foro
76532000	Servizi di pompaggio di fondo pozzo
76533000	Servizi di registrazione di fondo pozzo
76534000	Servizi di ampliamento di fondo pozzo
76535000	Servizi di perforazione di fondo pozzo
76536000	Servizi di controllo delle vibrazioni di fondo pozzo
76537000	Servizi di strumentazione di fondo pozzo
76537100	Servizi di strumentazione di fondo pozzo per campi petroliferi
76600000	Servizi di ispezione di condutture
77000000	Servizi connessi all'agricoltura, alla silvicoltura, all'orticoltura, all'acquacoltura e all'apicoltura
77100000	Servizi agricoli
77110000	Servizi connessi alla produzione agricola
77111000	Noleggio di macchinari agricoli con operatore
77112000	Noleggio di mietitrici o attrezzature agricole con operatore
77120000	Servizi di compostaggio
77200000	Servizi forestali
77210000	Servizi di lavorazione boschiva
77211000	Servizi connessi alla lavorazione boschiva
77211100	Servizi di sfruttamento forestale
77211200	Trasporto di tronchi nell'ambito dell'area forestale
77211300	Servizi di disboscamento
77211400	Servizi di taglio alberi
77211500	Servizi di manutenzione alberi
77211600	Seminagione di piante
77220000	Servizi di impregnazione legname
77230000	Servizi connessi alla silvicoltura
77231000	Servizi di gestione silvicola
77231100	Servizi di gestione di risorse silvicole
77231200	Servizi di controllo di infestazioni silvicole
77231300	Servizi di amministrazione delle foreste
77231400	Servizi di inventario delle foreste
77231500	Servizi di monitoraggio o valutazione delle foreste
77231600	Servizi di afforestazione
77231700	Servizi di estensione di foreste
77231800	Servizi di gestione di vivai forestali
77231900	Servizi di pianificazione settoriale delle foreste
77300000	Servizi di orticoltura
77310000	Servizi di piantagione e manutenzione di zone verdi
77311000	Servizi di manutenzione di giardini ornamentali o ricreativi
77312000	Servizi di diserbatura
77312100	Servizi di trattamento erbicida
77313000	Servizi di manutenzione parchi
77314000	Servizi di manutenzione terreni
77314100	Servizi di realizzazione di manti erbosi
77315000	Servizi di semina
77320000	Servizi di manutenzione di campi sportivi
77330000	Servizi di assetto floreale
77340000	Potatura di alberi e siepi
77341000	Potatura di alberi
77342000	Potatura di siepi
77400000	Servizi zoologici
77500000	Servizi zootecnici
77510000	Servizi di ripopolamento selvaggina
77600000	Servizi di caccia
77610000	Servizi di collocamento trappole
77700000	Servizi connessi alla pesca
77800000	Servizi connessi all'acquacoltura
77810000	Servizi connessi alla maricoltura
77820000	Servizi connessi all'ostricoltura
77830000	Servizi connessi alla coltura di crostacei
77840000	Servizi connessi alla coltura di gamberetti
77850000	Servizi connessi alla piscicoltura
77900000	Servizi connessi all'apicoltura
79000000	Servizi per le imprese: servizi giuridici, di marketing, di consulenza, di reclutamento, di stampa e di sicurezza
79100000	Servizi giuridici
79110000	Servizi di consulenza giuridica e di rappresentanza
79111000	Servizi di consulenza giuridica
79112000	Servizi di rappresentanza legale
79112100	Servizi di rappresentanza delle parti interessate
79120000	Servizi di consulenza in materia di brevetti e diritti d'autore
79121000	Servizi di consulenza in materia di diritti d'autore
79121100	Servizi di consulenza in materia di diritti di autore di software
79130000	Servizi di documentazione e certificazione giuridica
79131000	Servizi di documentazione
79132000	Servizi di certificazione
79132100	Servizi di certificazione della firma elettronica
79140000	Servizi di consulenza e informazione giuridica
79200000	Servizi di contabilità, revisione dei conti e servizi fiscali
79210000	Servizi di contabilità e revisione dei conti
79211000	Servizi di contabilità
79211100	Servizi di scritture contabili
79211110	Servizi di gestione retribuzioni
79211120	Servizi di registrazione di acquisti e vendite
79211200	Servizi di stesura di rendiconti finanziari
79212000	Servizi di verifica contabile
79212100	Servizi di verifica contabile finanziaria
79212110	Servizi di valutazione della gestione imprenditoriale
79212200	Servizi di audit interno
79212300	Servizi di audit statutario
79212400	Servizi di audit antifrode
79212500	Servizi di revisione dei conti
79220000	Servizi fiscali
79221000	Servizi di consulenza fiscale
79222000	Servizi di compilazione delle dichiarazioni fiscali
79223000	Servizi di agenti di dogana
79300000	Ricerca di mercato ed economica, indagini e statistiche
79310000	Servizi di ricerche di mercato
79311000	Servizi di indagine
79311100	Servizi di progettazione di indagini
79311200	Servizi di esecuzione di indagini
79311210	Servizi di indagini telefoniche
79311300	Servizi di analisi di indagini
79311400	Servizi di ricerca economica
79311410	Valutazione di impatto economico
79312000	Servizi di test di mercato
79313000	Servizi di revisione dei rendimenti
79314000	Studio di fattibilità
79315000	Servizi di ricerca sociale
79320000	Servizi di sondaggi di opinione
79330000	Servizi statistici
79340000	Servizi pubblicitari e di marketing
79341000	Servizi pubblicitari
79341100	Servizi di consulenza pubblicitaria
79341200	Servizi di gestione pubblicitaria
79341400	Servizi di campagne pubblicitarie
79341500	Servizi di pubblicità aerea
79342000	Servizi di marketing
79342100	Servizi di marketing diretto
79342200	Servizi promozionali
79342300	Servizi destinati alla clientela
79342310	Servizi di inchiesta presso la clientela
79342311	Servizi di inchiesta relativi alla soddisfazione della clientela
79342320	Servizi di assistenza alla clientela
79342321	Programma di fedelizzazione della clientela
79342400	Servizi di vendita all'asta
79342410	Servizi di vendita all'asta elettronica
79400000	Servizi di consulenza commerciale e di gestione e servizi connessi
79410000	Servizi di consulenza commerciale e di gestione
79411000	Servizi generali di consulenza gestionale
79411100	Servizi di consulenza per lo sviluppo commerciale
79412000	Servizi di consulenza di gestione finanziaria
79413000	Servizi di consulenza di gestione commerciale
79414000	Servizi di consulenza di gestione delle risorse umane
79415000	Servizi di consulenza di gestione della produzione
79415200	Servizi di consulenza nella progettazione
79416000	Servizi di pubbliche relazioni
79416100	Servizi di gestione di pubbliche relazioni
79416200	Servizi di consulenza in pubbliche relazioni
79417000	Servizi di consulenza in materia di sicurezza
79418000	Servizi di consulenza di acquisto
79419000	Servizi di consulenza di valutazione
79420000	Servizi connessi alla gestione
79421000	Servizi di gestione di progetti, esclusi i progetti di costruzione
79421100	Servizi di supervisione di progetti, esclusi i progetti di costruzione
79421200	Servizi di ideazione progetti, esclusi i progetti di costruzione
79422000	Servizi di arbitrato e conciliazione
79430000	Servizi di gestione delle crisi
79500000	Servizi di ufficio
79510000	Servizi di segreteria telefonica
79511000	Servizi di operatore telefonico
79512000	Centro di raccolta delle chiamate
79520000	Servizi reprografici
79521000	Servizi di fotocopia
79530000	Servizi di traduzione
79540000	Servizi di interpretariato
79550000	Servizi di dattilografia, trattamento testi ed editoria elettronica
79551000	Servizi di dattilografia
79552000	Servizi di trattamento testi
79553000	Servizi di editoria elettronica
79560000	Servizi di classificazione
79570000	Servizi di compilazione di indirizzari e servizi di spedizione
79571000	Servizi di spedizione
79600000	Servizi di assunzione
79610000	Servizi di collocamento del personale
79611000	Servizi di ricerca lavoro
79612000	Servizi di collocamento del personale ausiliare d'ufficio
79613000	Servizi di trasferimento di impiegati
79620000	Servizi di fornitura di personale, compreso personale temporaneo
79621000	Servizi di fornitura di personale d'ufficio
79622000	Servizi di fornitura di personale domestico
79623000	Servizi di fornitura di lavoratori per il commercio o l'industria
79624000	Servizi di fornitura di personale infermieristico
79625000	Servizi di fornitura di personale medico
79630000	Servizi di gestione del personale, esclusi i servizi di collocamento e messa a disposizione
79631000	Servizi di personale e di foglio paga
79632000	Servizi di formazione del personale
79633000	Servizi di formazione continua del personale
79634000	Servizi di orientamento per la carriera
79635000	Servizi di centri di valutazione per reclutamento
79700000	Servizi di investigazione e sicurezza
79710000	Servizi di sicurezza
79711000	Servizi di monitoraggio di sistemi di allarme
79713000	Servizi di guardia
79714000	Servizi di sorveglianza
79714100	Servizi di sistema di localizzazione
79714110	Servizi di localizzazione di fuggitivi
79715000	Servizi di pattugliamento
79716000	Servizi di rilascio di tesserini identificativi
79720000	Servizi di investigazione
79721000	Servizi di agenzia investigativa
79722000	Servizi di grafologia
79723000	Servizi di analisi dei rifiuti
79800000	Servizi di stampa e affini
79810000	Servizi di stampa
79811000	Servizi di stampa digitale
79812000	Servizi di stampa di banconote
79820000	Servizi connessi alla stampa
79821000	Servizi di finitura di stampa
79821100	Servizi di correttura di bozze
79822000	Servizi di composizione
79822100	Servizi di preparazione di stereotipi
79822200	Servizi di fotoincisione
79822300	Servizi di composizione tipografica
79822400	Servizi di litografia
79822500	Servizi di progettazione grafica
79823000	Servizi di stampa e di consegna
79824000	Servizi di stampa e di distribuzione
79900000	Servizi commerciali vari ed altri servizi
79910000	Servizi di gestione di partecipazioni
79920000	Servizi di imballaggio e servizi affini
79921000	Servizi di imballaggio
79930000	Servizi di design specializzato
79931000	Servizi di decorazione interna
79932000	Servizi di architettura interna
79933000	Servizi di sostegno alla progettazione
79934000	Servizi di progettazione mobili
79940000	Servizi di organismi di riscossione
79941000	Servizi di raccolta pedaggi
79950000	Servizi di organizzazione di mostre, fiere e congressi
79951000	Servizi di organizzazione di seminari
79952000	Servizi di organizzazione di eventi
79952100	Servizi di organizzazione di eventi culturali
79953000	Servizi di organizzazione di festival
79954000	Servizi di organizzazione di feste
79955000	Servizi di organizzazione di sfilate di moda
79956000	Servizi di organizzazione di fiere ed esposizioni
79957000	Servizi di organizzazione di aste
79960000	Servizi fotografici e servizi ausiliari
79961000	Servizi fotografici
79961100	Servizi di fotografia pubblicitaria
79961200	Servizi di fotografia aerea
79961300	Servizi fotografici specializzati
79961310	Servizi di fotografia a fondo pozzo
79961320	Servizi di fotografia subacquea
79961330	Servizi di microfilmatura
79961340	Servizi di fotografia a raggi X
79961350	Servizi di fotografia in studio
79962000	Servizi di sviluppo fotografico
79963000	Servizi restauro, copia e ritocco di fotografie
79970000	Servizi di editoria
79971000	Servizi di rilegatura e di finitura
79971100	Servizi di finitura di libri
79971200	Servizi di rilegatura
79972000	Servizi di pubblicazione di dizionari di lingue straniere
79972100	Servizi di pubblicazione di dizionari di lingue regionali
79980000	Servizi abbonamento
79990000	Servizi aziendali vari
79991000	Servizi di gestione delle scorte
79992000	Servizi di accoglienza
79993000	Servizi di amministrazione di edifici e gestione impianti
79993100	Servizi di gestione impianti
79994000	Servizi di amministrazione contratti
79995000	Servizi di amministrazione di biblioteche
79995100	Servizi di archiviazione
79995200	Servizi di catalogazione
79996000	Servizi di organizzazione commerciale
79996100	Gestione delle registrazioni
79997000	Servizi di viaggi commerciali
79998000	Servizi di assistenza professionale
79999000	Servizi di scansione e fatturazione
79999100	Servizi di scansione
79999200	Servizi di fatturazione
80000000	Servizi di istruzione e formazione
80100000	Servizi di istruzione elementare
80110000	Servizi di istruzione prescolastica
80200000	Servizi di istruzione secondaria
80210000	Servizi di istruzione secondaria di indirizzo tecnico e professionale
80211000	Servizi di istruzione secondaria di indirizzo tecnico
80212000	Servizi di istruzione secondaria di indirizzo professionale
80300000	Servizi di istruzione superiore
80310000	Servizi di istruzione giovani
80320000	Servizi di istruzione medica
80330000	Servizi di formazione alla sicurezza
80340000	Servizi speciali di istruzione
80400000	Servizi di istruzione per adulti e altri servizi di istruzione
80410000	Servizi scolastici vari
80411000	Servizi di scuola guida
80411100	Servizi di esami di guida
80411200	Lezioni di guida
80412000	Servizi di scuole di volo
80413000	Servizi di scuole di vela
80414000	Servizi di scuole di immersione subacquea
80415000	Servizi di scuole di sci
80420000	Servizi di e-learning
80430000	Servizi di istruzione universitaria per adulti
80490000	Gestione di un centro di formazione
80500000	Servizi di formazione
80510000	Servizi di formazione specialistica
80511000	Servizi di formazione dei dipendenti
80512000	Servizi di addestramento di cani
80513000	Servizi di scuola di equitazione
80520000	Attrezzature per la formazione
80521000	Servizi per programmi di formazione
80522000	Seminari di formazione
80530000	Servizi di formazione professionale
80531000	Servizi di formazione industriale e tecnica
80531100	Servizi di formazione industriale
80531200	Servizi di formazione tecnica
80532000	Servizi di formazione gestionale
80533000	Servizi di avviamento e istruzione per utenti di elaboratori elettronici
80533100	Servizi di formazione informatica
80533200	Corsi informatici
80540000	Servizi di formazione ambientale
80550000	Servizi di formazione in materia di sicurezza
80560000	Servizi di formazione sanitaria e pronto soccorso
80561000	Servizi di formazione sanitaria
80562000	Servizi di formazione per pronto soccorso
80570000	Servizi di perfezionamento personale
80580000	Organizzazione di corsi di lingue
80590000	Servizi di tutorato
80600000	Servizi di formazione in materia di attrezzature di difesa e sicurezza
80610000	Formazione e simulazione in materia di attrezzature di sicurezza
80620000	Formazione e simulazione in materia di armi da fuoco e munizioni
80630000	Formazione e simulazione in materia di veicoli militari
80640000	Formazione e simulazione in materia di navi da guerra
80650000	Formazione e simulazione in materia di velivoli militari, missili e velivoli spaziali
80660000	Formazione e simulazione in materia di sistemi elettronici militari
85000000	Servizi sanitari e di assistenza sociale
85100000	Servizi sanitari
85110000	Servizi ospedalieri e affini
85111000	Servizi ospedalieri
85111100	Servizi ospedalieri di chirurgia
85111200	Servizi medici ospedalieri
85111300	Servizi ospedalieri di ginecologia
85111310	Servizi di fecondazione artificiale
85111320	Servizi ospedalieri di ostetricia
85111400	Servizi ospedalieri di rieducazione
85111500	Servizi ospedalieri di assistenza psichiatrica
85111600	Servizi ortotici
85111700	Servizi di ossigenoterapia
85111800	Servizi di patologia
85111810	Servizi di analisi del sangue
85111820	Servizi di analisi batteriologica
85111900	Servizi di dialisi ospedaliera
85112000	Servizi di assistenza ospedaliera
85112100	Servizi di fornitura di biancheria ospedaliera
85112200	Servizi di cure ambulatoriali
85120000	Servizi di assistenza medica ambulatoriale e servizi affini
85121000	Servizi di assistenza medica ambulatoriale
85121100	Servizi di medici generici
85121200	Servizi medici specialistici
85121210	Servizi ginecologici o ostretrici
85121220	Servizi specialistici di nefrologia o del sistema nervoso
85121230	Servizi cardiologici o servizi specialistici polmonari
85121231	Servizi cardiologici
85121232	Servizi specialistici polmonari
85121240	Servizi otorinolaringoiatrici o audiologici
85121250	Servizi gastroenterologi e geriatrici
85121251	Servizi gastroenterologi
85121252	Servizi geriatrici
85121270	Servizi psichiatrici o psicologici
85121271	Servizi di istituti per persone con disturbi psicologici
85121280	Servizi oftalmologici, dermatologici o ortopedici
85121281	Servizi oftalmologici
85121282	Servizi dermatologici
85121283	Servizi ortopedici
85121290	Servizi pediatrici o urologici
85121291	Servizi pediatrici
85121292	Servizi urologici
85121300	Servizi chirurgici specialistici
85130000	Servizi di gabinetti odontoiatrici e servizi affini
85131000	Servizi di gabinetti odontoiatrici
85131100	Servizi di ortodonzia
85131110	Servizi di chirurgia ortodontica
85140000	Vari servizi sanitari
85141000	Servizi prestati da personale medico
85141100	Servizi prestati da ostetriche
85141200	Servizi prestati da personale infermieristico
85141210	Servizi di cure mediche a domicilio
85141211	Servizi di dialisi a domicilio
85141220	Servizi di consulenza prestati da personale infermieristico
85142000	Servizi prestati da personale paramedico
85142100	Servizi di fisioterapia
85142200	Servizi di cure omeopatiche
85142300	Servizi igienici
85142400	Consegna a domicilio di prodotti per incontinenti
85143000	Servizi di ambulanza
85144000	Servizi di case di cura
85144100	Servizi infermieristici di case di cura
85145000	Servizi prestati da laboratori medici
85146000	Servizi prestati da banche di sangue
85146100	Servizi prestati da banche di sperma
85146200	Servizi prestati da banche di organi per trapianti
85147000	Servizi sanitari nelle imprese
85148000	Servizi di analisi mediche
85149000	Servizi farmaceutici
85150000	Servizi di imaging medicale
85160000	Servizi ottici
85170000	Servizi di agopuntura e di chiropratica
85171000	Servizi di agopuntura
85172000	Servizi di chiropratica
85200000	Servizi veterinari
85210000	Servizi veterinari a domicilio
85300000	Servizi di assistenza sociale e servizi affini
85310000	Servizi di assistenza sociale
85311000	Servizi di assistenza sociale con alloggio
85311100	Servizi di assistenza sociale per persone anziane
85311200	Servizi di assistenza sociale per disabili
85311300	Servizi di assistenza sociale per bambini e giovani
85312000	Servizi di assistenza sociale senza alloggio
85312100	Servizi di centri diurni
85312110	Servizi forniti da centri diurni per bambini
85312120	Servizi forniti da centri diurni per bambini e giovani disabili
85312200	Consegna a domicilio di prodotti alimentari
85312300	Servizi di orientamento e consulenza
85312310	Servizi di orientamento
85312320	Servizi di consulenza
85312330	Servizi di pianificazione familiare
85312400	Servizi di assistenza sociale non prestati da istituti residenziali
85312500	Servizi di riabilitazione
85312510	Servizi di reinserimento professionale
85320000	Servizi sociali
85321000	Servizi sociali amministrativi
85322000	Programma di azione municipale
85323000	Servizi sanitari municipali
90000000	Servizi fognari, di raccolta dei rifiuti, di pulizia e ambientali
90400000	Servizi fognari
90410000	Servizi di eliminazione delle acque reflue
90420000	Servizi di trattamento delle acque reflue
90430000	Servizi di smaltimento delle acque reflue
90440000	Servizi di trattamento di pozzi neri
90450000	Servizi di trattamento delle fosse settiche
90460000	Servizi di svuotamento di pozzi neri e fosse settiche
90470000	Servizi di pulizia delle fognature
90480000	Servizi di gestione delle fognature
90481000	Gestione di un depuratore
90490000	Servizi di consulenza per le ispezioni delle fognature e il trattamento delle acque reflue
90491000	Servizi di ispezione delle fognature
90492000	Servizi di consulenza per il trattamento delle acque residue
90500000	Servizi connessi ai rifiuti urbani e domestici
90510000	Trattamento e smaltimento dei rifiuti
90511000	Servizi di raccolta di rifiuti
90511100	Servizi di raccolta di rifiuti solidi urbani
90511200	Servizi di raccolta di rifiuti domestici
90511300	Servizi di raccolta dell'immondizia
90511400	Servizi di raccolta della carta
90512000	Servizi di trasporto di rifiuti
90513000	Servizi di trattamento e smaltimento di rifiuti urbani e domestici non pericolosi
90513100	Servizi di smaltimento di rifiuti domestici
90513200	Servizi di smaltimento dei rifiuti solidi urbani
90513300	Servizi di incenerimento dei rifiuti
90513400	Servizi di smaltimento delle ceneri
90513500	Trattamento e smaltimento di acque nere
90513600	Servizi di rimozione fanghi
90513700	Servizi di trasporto fanghi
90513800	Servizi di trattamento fanghi
90513900	Servizi di smaltimento fanghi
90514000	Servizi di riciclo dei rifiuti
90520000	Servizi per rifiuti radioattivi, tossici, medicali e pericolosi
90521000	Servizi di trattamento di rifiuti radioattivi
90521100	Raccolta di rifiuti radioattivi
90521200	Servizi di stoccaggio di rifiuti radioattivi
90521300	Smaltimento di rifiuti radioattivi
90521400	Trasporto di rifiuti radioattivi
90521410	Trasporto di rifiuti nucleari a basso livello di radioattività
90521420	Trasporto di rifiuti nucleari a livello intermedio di radioattività
90521500	Imballaggio di rifiuti nucleari
90521510	Imballaggio di rifiuti nucleari a basso livello di radioattività
90521520	Imballaggio di rifiuti nucleari a livello intermedio di radioattività
90522000	Servizi connessi ai terreni contaminati
90522100	Rimozione di terreni contaminati
90522200	Smaltimento di terra contaminata
90522300	Servizi di trattamento di terreni contaminati
90522400	Pulizia e trattamento di terreni
90523000	Servizi di smaltimento di rifiuti tossici, esclusi i rifiuti radioattivi e i terreni contaminati
90523100	Servizi di smaltimento di armi e munizioni
90523200	Servizi di disinnesco di bombe
90523300	Servizi di sminamento
90524000	Servizi connessi ai rifiuti medici
90524100	Servizi di raccolta di rifiuti ospedalieri
90524200	Servizi di smaltimento di rifiuti ospedalieri
90524300	Servizi di smaltimento di rifiuti biologici
90524400	Raccolta, trasporto e smaltimento di rifiuti ospedalieri
90530000	Gestione di una discarica di rifiuti
90531000	Servizi di gestione discariche
90532000	Servizi di gestione discariche di carbone
90533000	Servizi di gestione discariche di rifiuti
90600000	Servizi di pulizia e di igienizzazione di aree urbane o rurali, e servizi connessi
90610000	Servizi di pulizia e di spazzamento delle strade
90611000	Servizi di pulizia stradale
90612000	Servizi di spazzamento strade
90620000	Servizi di sgombero neve
90630000	Servizi di lotta contro il gelo
90640000	Servizi di pulizia a svuotamento di canali
90641000	Servizi di pulizia di canali
90642000	Servizi di svuotamento di canali
90650000	Servizi di rimozione di amianto
90660000	Servizi di eliminazione del piombo
90670000	Servizi di disinfezione e disinfestazione di aree urbane o rurali
90680000	Servizi di pulizia di spiagge
90690000	Servizi di rimozione di graffiti
90700000	Servizi ambientali
90710000	Gestione ambientale
90711000	Valutazione di impatto ambientale diversa da quella per costruzioni
90711100	Valutazione dei rischi o dei pericoli diversa da quella per costruzioni
90711200	Norme ambientali diverse da quelle per costruzioni
90711300	Analisi di indicatori ambientali diversa da quelle per costruzioni
90711400	Servizi di valutazioni di impatto ambientale (VIA) diversi da quelli per costruzioni
90711500	Monitoraggio ambientale diverso da quello per costruzioni
90712000	Pianificazione ambientale
90712100	Pianificazione di sviluppo ambientale urbano
90712200	Pianificazione strategica per la conservazione delle foreste
90712300	Pianificazione strategica per la conservazione dell'ambiente marino
90712400	Servizi di pianificazione strategica per la gestione o conservazione delle risorse naturali
90712500	Costruzione o pianificazione di istituti ambientali
90713000	Servizi di consulenza per questioni ambientali
90713100	Servizi di consulenza per la fornitura di acqua e per lo smaltimento delle acque reflue diversi da quelli per costruzioni
90714000	Audit ambientale
90714100	Sistemi di informazione ambientale
90714200	Servizi di audit ambientale di aziende
90714300	Servizi di audit ambientale settoriale
90714400	Servizi di audit ambientale di attività specifiche
90714500	Servizi di controllo della qualità ambientale
90714600	Servizi di controllo della sicurezza ambientale
90715000	Servizi di indagine sull'inquinamento
90715100	Servizi di indagine sull'inquinamento da sostanze chimiche e petrolio
90715110	Indagine su siti di centrali del gas
90715120	Indagine su siti per rifiuti di impianti chimici o raffinerie di petrolio
90715200	Altri servizi di indagine sull'inquinamento
90715210	Indagine su siti di depositi o terminal di petrolio
90715220	Indagine su siti industriali
90715230	Indagine su siti di rifiuti industriali
90715240	Indagine su siti di impianti per il trattamento del legno
90715250	Indagine su siti per impianti di pulitura a secco
90715260	Indagine su siti di fonderie
90715270	Indagine su siti di impianti di riciclo
90715280	Indagine su siti di impianti di lavorazione di prodotti alimentari
90720000	Protezione ambientale
90721000	Servizi di protezione dell'ambiente
90721100	Servizi di protezione del paesaggio
90721200	Servizi di protezione dell'ozono
90721300	Servizi di protezione da contaminazione di prodotti alimentari o di mangimi
90721400	Servizi di protezione delle risorse genetiche
90721500	Servizi di protezione dalle sostanze tossiche
90721600	Servizi di protezione dalle radiazioni
90721700	Servizi di protezione delle specie minacciate
90721800	Servizi di protezione dai rischi naturali o dai pericoli
90722000	Recupero ambientale
90722100	Recupero di siti industriali
90722200	Servizi di decontaminazione ambientale
90722300	Servizi di bonifica di terreni
90730000	Registrazione, monitoraggio e bonifica dell'inquinamento
90731000	Servizi connessi all'inquinamento atmosferico
90731100	Gestione della qualità dell'aria
90731200	Servizi di gestione o controllo dell'inquinamento atmosferico transfrontaliero
90731210	Acquisto di crediti di emissioni di CO2
90731300	Servizi di protezione dall'inquinamento atmosferico
90731400	Servizi di monitoraggio o misurazione dell'inquinamento atmosferico
90731500	Servizi di rilevamento di gas tossici
90731600	Monitoraggio del metano
90731700	Servizi di monitoraggio dell'anidride carbonica
90731800	Monitoraggio delle particelle volatili
90731900	Servizi di monitoraggio della riduzione dello strato di ozono
90732000	Servizi connessi all'inquinamento del suolo
90732100	Servizi di protezione dall'inquinamento del suolo
90732200	Servizi di rimozione di suolo inquinato
90732300	Trattamento o bonifica di suolo inquinato
90732400	Servizi di consulenza in materia di inquinamento del suolo
90732500	Cartografia dell'inquinamento del suolo
90732600	Misurazione o monitoraggio dell'inquinamento del suolo
90732700	Valutazione dell'inquinamento da fertilizzanti organici
90732800	Valutazione dell'inquinamento da pesticidi
90732900	Valutazione dell'inquinamento da nitrati e fosfati
90732910	Valutazione dell'inquinamento da nitrati
90732920	Valutazione dell'inquinamento da fosfati
90733000	Servizi connessi all'inquinamento dell'acqua
90733100	Servizi di monitoraggio o controllo dell'inquinamento delle acque di superficie
90733200	Servizi di bonifica dell'inquinamento delle acque di superficie
90733300	Servizi di protezione dall'inquinamento delle acque di superficie
90733400	Servizi di trattamento delle acque di superficie
90733500	Servizi di drenaggio dell'inquinamento delle acque di superficie
90733600	Servizi di gestione o controllo dell'inquinamento delle acque di superficie tranfrontaliere
90733700	Servizi di monitoraggio o controllo delle acque sotterranee
90733800	Servizi di drenaggio dell'inquinamento delle acque sotterranee
90733900	Trattamento o bonifica dell'inquinamento sotterraneo
90740000	Servizi di individuazione e monitoraggio delle sostanze inquinanti e di bonifica
90741000	Servizi connessi all'inquinamento da idrocarburi
90741100	Servizi di monitoraggio di sversamenti di idrocarburi
90741200	Servizi di controllo di sversamenti di idrocarburi
90741300	Servizi di bonifica di sversamenti di idrocarburi
90742000	Servizi connessi all'inquinamento acustico
90742100	Servizi di controllo del rumore
90742200	Servizi di protezione dall'inquinamento acustico
90742300	Servizi di monitoraggio dell'inquinamento acustico
90742400	Servizi di consulenza in materia di inquinamento acustico
90743000	Servizi connessi all'inquinamento da sostanza tossiche
90743100	Servizi di monitoraggio di sostanze tossiche
90743200	Servizi di bonifica di sostanza tossiche
90900000	Servizi di pulizia e disinfestazione
90910000	Servizi di pulizia
90911000	Servizi di pulizia di alloggi, edifici e finestre
90911100	Servizi di pulizia di alloggi
90911200	Servizi di pulizia di edifici
90911300	Servizi di pulizia finestre
90912000	Servizi di sabbiatura di strutture tubolari
90913000	Servizi di pulizia di cisterne e serbatoi
90913100	Servizi di pulizia di cisterne
90913200	Servizi di pulitura di serbatoi
90914000	Servizi di pulizia di parcheggi
90915000	Servizi di pulizia di forni e camini
90916000	Servizi di pulizia di apparecchi telefonici
90917000	Servizi di pulizia di mezzi di trasporto
90918000	Servizi di pulizia di cassonetti
90919000	Servizi di pulizia di uffici, scuole e apparecchiature per ufficio
90919100	Servizi di pulizia di apparecchiature per ufficio
90919200	Servizi di pulizia di uffici
90919300	Servizi di pulizia di scuole
90920000	Servizi di disinfestazione di impianti
90921000	Servizi di disinfezione e disinfestazione
90922000	Servizi di disinfestazione antiparassitaria
90923000	Servizi di disinfestazione
90924000	Servizi di fumigazione
92000000	Servizi ricreativi, culturali e sportivi
92100000	Servizi cinematografici e videoservizi
92110000	Servizi di produzione di film e videocassette e servizi connessi
92111000	Servizi di produzione di film e video
92111100	Produzione di film e videocassette per la formazione
92111200	Produzione di film e videocassette per pubblicità, propaganda e informazione
92111210	Produzione di film pubblicitari
92111220	Produzione di videocassette pubblicitarie
92111230	Produzione di film per propaganda
92111240	Produzione di videocassette per propaganda
92111250	Produzione di film per informazione
92111260	Produzione di videocassette per informazione
92111300	Produzione di film e videocassette di intrattenimento
92111310	Produzione di film per intrattenimento
92111320	Produzione di videocassette per intrattenimento
92112000	Servizi connessi con la produzione di film e videocassette
92120000	Servizi di distribuzione di film o videocassette
92121000	Servizi di distribuzione di videocassette
92122000	Servizi di distribuzione di film
92130000	Servizi di proiezione cinematografica
92140000	Servizi di proiezione di videocassette
92200000	Servizi radiotelevisivi
92210000	Servizi radio
92211000	Servizi di produzione radiofonica
92213000	Servizi di sistemi radio di piccole dimensioni
92214000	Servizi di studi e attrezzature radio
92215000	Servizi generali di radiofonia mobile (GMRS)
92216000	Family Radio Services (FRS)
92217000	Servizi generali di radiofonia mobile/Family Radio Services (GMRS/FRS)
92220000	Servizi televisivi
92221000	Servizi di produzione televisiva
92222000	Servizi di televisione a circuito chiuso
92224000	Televisione digitale
92225000	Televisione interattiva
92225100	Televisione con film a richiesta
92226000	Teleprogrammazione
92230000	Servizi radiotelevisivi via cavo
92231000	Servizi bilaterali internazionali e linee private internazionali noleggiate
92232000	TV via cavo
92300000	Servizi di intrattenimento
92310000	Servizi di creazione e interpretazione artistica e letteraria
92311000	Opere d'arte
92312000	Servizi artistici
92312100	Servizi artistici di produttori teatrali, cori, bande musicali e orchestre
92312110	Servizi artistici di produttori teatrali
92312120	Servizi artistici di cori
92312130	Servizi artistici di bande musicali
92312140	Servizi artistici di orchestre
92312200	Servizi prestati da autori, compositori, scultori, attori e altri artisti singoli
92312210	Servizi prestati da autori
92312211	Servizi di agenzie redazionali
92312212	Servizi connessi alla preparazione di manuali di formazione
92312213	Servizi di autori tecnici
92312220	Servizi prestati da compositori
92312230	Servizi prestati da scultori
92312240	Servizi prestati da artisti dello spettacolo
92312250	Servizi prestati da singoli artisti
92312251	Servizi di disc jockey
92320000	Servizi di gestione di infrastrutture artistiche
92330000	Servizi di zone ricreative
92331000	Servizi di luna park e parchi di divertimento
92331100	Servizi di luna-park
92331200	Servizi di parchi di divertimento
92331210	Servizi di animazione per bambini
92332000	Servizi di impianti balneari
92340000	Servizi di ballo e di intrattenimento
92341000	Servizi di circhi
92342000	Servizi di corsi di danza
92342100	Servizi di corsi di balli di società
92342200	Servizi di corsi di balli da discoteca
92350000	Servizi connessi al gioco d'azzardo e alle scommesse
92351000	Servizi connessi al gioco d'azzardo
92351100	Servizi di gestione di lotterie
92351200	Servizi di gestione di case da gioco
92352000	Servizi connessi alle scommesse
92352100	Servizi di gestione di macchine per scommesse sui campi di corsa
92352200	Servizi di allibratori
92360000	Servizi pirotecnici
92370000	Tecnico del suono
92400000	Servizi di agenzie di stampa
92500000	Servizi di biblioteche, archivi, musei e altri servizi culturali
92510000	Servizi di biblioteche e archivi
92511000	Servizi di biblioteche
92512000	Servizi di archivi
92512100	Servizi di distruzione di archivi
92520000	Servizi di musei, di salvaguardia di siti ed edifici storici e servizi affini
92521000	Servizi di musei
92521100	Servizi di esposizione in musei
92521200	Servizi di salvaguardia di reperti e oggetti esposti
92521210	Servizi di salvaguardia di reperti
92521220	Servizi di salvaguardia di oggetti esposti
92522000	Servizi di salvaguardia di siti ed edifici storici
92522100	Servizi di salvaguardia di siti storici
92522200	Servizi di salvaguardia di edifici storici
92530000	Servizi di giardini botanici e zoologici e servizi di riserve naturali
92531000	Servizi di giardini botanici
92532000	Servizi di giardini zoologici
92533000	Servizi di riserve naturali
92534000	Servizi di salvaguardia della fauna selvatica
92600000	Servizi sportivi
92610000	Servizi di gestione di impianti sportivi
92620000	Servizi connessi allo sport
92621000	Servizi di promozione di manifestazioni sportive
92622000	Servizi di organizzazione di manifestazioni sportive
92700000	Servizi di cybercafè
98000000	Altri servizi di comunità, sociali e personali
98100000	Servizi di organizzazioni associative
98110000	Servizi prestati da organizzazioni commerciali, professionali e specializzate
98111000	Servizi prestati da organizzazioni commerciali
98112000	Servizi prestati da organizzazioni professionali
98113000	Servizi prestati da organizzazioni specializzate
98113100	Servizi connessi alla sicurezza nucleare
98120000	Servizi prestati da organizzazioni sindacali
98130000	Servizi vari di organizzazioni associative
98131000	Servizi religiosi
98132000	Servizi prestati da associazioni politiche
98133000	Servizi prestati da organizzazioni associative di carattere sociale
98133100	Servizi prestati da strutture civiche e comuni
98133110	Servizi prestati da associazioni giovanili
98200000	Servizi di consulenza in materia di pari opportunità
98300000	Servizi vari
98310000	Servizi di lavanderia e di lavaggio a secco
98311000	Servizi di ritiro di biancheria da lavare
98311100	Servizi di gestione di lavanderie
98311200	Servizi di esercizio di lavanderie
98312000	Servizi di pulizia di articoli tessili
98312100	Servizi di impregnazione di articoli tessili
98313000	Servizi di pulizia di articoli di pellicceria
98314000	Servizi di colorazione
98315000	Servizi di stiratura
98316000	Servizi di tintoria
98320000	Servizi di parrucchiere e trattamenti estetici
98321000	Servizi di parrucchiere
98321100	Servizi di barbiere
98322000	Servizi di trattamento estetico
98322100	Servizi di trattamento cosmetico, manicure e pedicure
98322110	Servizi di trattamento cosmetico
98322120	Servizi di manicure
98322130	Servizi di pedicure
98322140	Servizi di trucco
98330000	Servizi per il benessere fisico
98331000	Servizi di bagni turchi
98332000	Servizi di stazioni termali
98333000	Servizi di massaggi
98334000	Servizi di benessere
98336000	Servizi di allenamento, esercizio fisico o aerobica
98340000	Servizi di alloggio e d'ufficio
98341000	Servizi di alloggio
98341100	Servizi di gestione alloggi
98341110	Servizi di economia domestica
98341120	Servizi di portineria
98341130	Servizi di custodia di edifici
98341140	Servizi di vigilanza di edifici
98342000	Servizi connessi all'ambiente di lavoro
98350000	Servizi connessi alle infrastrutture collettive
98351000	Servizi di gestione di parcheggi
98351100	Servizi connessi ai parcheggi
98351110	Servizi di applicazione della regolamentazione in ambito di parcheggi
98360000	Servizi marini
98361000	Servizi acquatici marini
98362000	Servizi di gestione porti
98362100	Servizi di assistenza a basi marine
98363000	Servizi di immersione
98370000	Servizi funerari e servizi affini
98371000	Servizi funerari
98371100	Servizi cimiteriali e servizi di cremazione
98371110	Servizi cimiteriali
98371111	Servizi di manutenzione cimiteriale
98371120	Servizi di cremazione
98371200	Servizi di pompe funebri
98380000	Servizi di canile
98390000	Altri servizi
98391000	Servizi di disattivazione
98392000	Servizi di trasloco
98393000	Servizi di sartoria
98394000	Servizi di tappezzeria
98395000	Servizi di fabbro
98396000	Servizi di accordatura di strumenti
98500000	Domicili privati con personale di servizio
98510000	Servizi di addetti commerciali e industriali
98511000	Servizi di addetti commerciali
98512000	Servizi di addetti industriali
98513000	Servizi di manodopera per privati
98513100	Servizi di personale di agenzia per privati
98513200	Servizi di personale impiegatizio per privati
98513300	Personale temporaneo per privati
98513310	Servizi di assistenza domestica
98514000	Servizi domestici
98900000	Servizi prestati da organizzazioni o enti extraterritoriali
98910000	Servizi specifici di organizzazioni ed enti internazionali
