=== 2016 (2016-08-22 .. 2016-12-31) start 22:58:23 ===
daily-returns  2016-09-12  rows=1     total=1
daily-returns  2016-09-13  rows=1     total=2
daily-returns  2016-09-14  rows=1     total=3
daily-returns  2016-09-15  rows=197   total=200
daily-returns  2016-09-16  rows=197   total=397
daily-returns  2016-09-17  rows=8     total=405
daily-returns  2016-09-18  rows=1     total=406
daily-returns  2016-09-19  rows=196   total=602
daily-returns  2016-09-20  rows=197   total=799
daily-returns  2016-09-21  rows=197   total=996
daily-returns  2016-09-22  rows=197   total=1193
daily-returns  2016-09-23  rows=197   total=1390
daily-returns  2016-09-24  rows=7     total=1397
daily-returns  2016-09-25  rows=0     total=1397
daily-returns  2016-09-26  rows=197   total=1594
daily-returns  2016-09-27  rows=197   total=1791
daily-returns  2016-09-28  rows=197   total=1988
daily-returns  2016-09-29  rows=197   total=2185
daily-returns  2016-09-30  rows=197   total=2382
daily-returns  2016-10-01  rows=7     total=2389
daily-returns  2016-10-02  rows=0     total=2389
daily-returns  2016-10-03  rows=197   total=2586
daily-returns  2016-10-04  rows=197   total=2783
daily-returns  2016-10-05  rows=197   total=2980
daily-returns  2016-10-06  rows=197   total=3177
daily-returns  2016-10-07  rows=197   total=3374
daily-returns  2016-10-08  rows=7     total=3381
daily-returns  2016-10-09  rows=0     total=3381
daily-returns  2016-10-10  rows=197   total=3578
daily-returns  2016-10-11  rows=1     total=3579
daily-returns  2016-10-12  rows=1     total=3580
daily-returns  2016-10-13  rows=197   total=3777
daily-returns  2016-10-14  rows=197   total=3974
daily-returns  2016-10-15  rows=7     total=3981
daily-returns  2016-10-16  rows=0     total=3981
daily-returns  2016-10-17  rows=198   total=4179
daily-returns  2016-10-18  rows=197   total=4376
daily-returns  2016-10-19  rows=198   total=4574
daily-returns  2016-10-20  rows=198   total=4772
daily-returns  2016-10-21  rows=198   total=4970
daily-returns  2016-10-22  rows=7     total=4977
daily-returns  2016-10-23  rows=0     total=4977
daily-returns  2016-10-24  rows=198   total=5175
daily-returns  2016-10-25  rows=198   total=5373
daily-returns  2016-10-26  rows=198   total=5571
daily-returns  2016-10-27  rows=198   total=5769
daily-returns  2016-10-28  rows=198   total=5967
daily-returns  2016-10-29  rows=7     total=5974
daily-returns  2016-10-30  rows=0     total=5974
daily-returns  2016-10-31  rows=198   total=6172
daily-returns  2016-11-01  rows=199   total=6371
daily-returns  2016-11-02  rows=199   total=6570
daily-returns  2016-11-03  rows=199   total=6769
daily-returns  2016-11-04  rows=199   total=6968
daily-returns  2016-11-05  rows=7     total=6975
daily-returns  2016-11-06  rows=0     total=6975
daily-returns  2016-11-07  rows=199   total=7174
daily-returns  2016-11-08  rows=199   total=7373
daily-returns  2016-11-09  rows=199   total=7572
daily-returns  2016-11-10  rows=199   total=7771
daily-returns  2016-11-11  rows=199   total=7970
daily-returns  2016-11-12  rows=7     total=7977
daily-returns  2016-11-13  rows=0     total=7977
daily-returns  2016-11-14  rows=199   total=8176
daily-returns  2016-11-15  rows=199   total=8375
daily-returns  2016-11-16  rows=199   total=8574
daily-returns  2016-11-17  rows=199   total=8773
daily-returns  2016-11-18  rows=199   total=8972
daily-returns  2016-11-19  rows=7     total=8979
daily-returns  2016-11-20  rows=0     total=8979
daily-returns  2016-11-21  rows=199   total=9178
daily-returns  2016-11-22  rows=199   total=9377
daily-returns  2016-11-23  rows=199   total=9576
daily-returns  2016-11-24  rows=199   total=9775
daily-returns  2016-11-25  rows=199   total=9974
daily-returns  2016-11-26  rows=7     total=9981
daily-returns  2016-11-27  rows=0     total=9981
daily-returns  2016-11-28  rows=199   total=10180
daily-returns  2016-11-29  rows=200   total=10380
daily-returns  2016-11-30  rows=200   total=10580
daily-returns  2016-12-01  rows=200   total=10780
daily-returns  2016-12-02  rows=200   total=10980
daily-returns  2016-12-03  rows=7     total=10987
daily-returns  2016-12-04  rows=0     total=10987
daily-returns  2016-12-05  rows=200   total=11187
daily-returns  2016-12-06  rows=200   total=11387
daily-returns  2016-12-07  rows=200   total=11587
daily-returns  2016-12-08  rows=200   total=11787
daily-returns  2016-12-09  rows=200   total=11987
daily-returns  2016-12-10  rows=7     total=11994
daily-returns  2016-12-11  rows=0     total=11994
daily-returns  2016-12-12  rows=1     total=11995
daily-returns  2016-12-13  rows=200   total=12195
daily-returns  2016-12-14  rows=200   total=12395
daily-returns  2016-12-15  rows=200   total=12595
daily-returns  2016-12-16  rows=200   total=12795
daily-returns  2016-12-17  rows=7     total=12802
daily-returns  2016-12-18  rows=0     total=12802
daily-returns  2016-12-19  rows=201   total=13003
daily-returns  2016-12-20  rows=201   total=13204
daily-returns  2016-12-21  rows=202   total=13406
daily-returns  2016-12-22  rows=202   total=13608
daily-returns  2016-12-23  rows=202   total=13810
daily-returns  2016-12-24  rows=7     total=13817
daily-returns  2016-12-25  rows=0     total=13817
daily-returns  2016-12-26  rows=202   total=14019
daily-returns  2016-12-27  rows=202   total=14221
daily-returns  2016-12-28  rows=202   total=14423
daily-returns  2016-12-29  rows=202   total=14625
daily-returns  2016-12-30  rows=208   total=14833
daily-returns  2016-12-31  rows=7     total=14840
  in_range=132 attempted=111 stored=111 skipped=21 errors=0
  end 23:03:08
=== 2017 (2017-01-01 .. 2017-12-31) start 23:03:08 ===
daily-returns  2017-01-23  rows=209   total=209
daily-returns  2017-01-24  rows=209   total=418
daily-returns  2017-01-25  rows=209   total=627
daily-returns  2017-01-26  rows=209   total=836
daily-returns  2017-01-27  rows=209   total=1045
daily-returns  2017-01-28  rows=7     total=1052
daily-returns  2017-01-29  rows=0     total=1052
daily-returns  2017-01-30  rows=209   total=1261
daily-returns  2017-01-31  rows=209   total=1470
daily-returns  2017-02-01  rows=209   total=1679
daily-returns  2017-02-02  rows=209   total=1888
daily-returns  2017-02-03  rows=209   total=2097
daily-returns  2017-02-04  rows=7     total=2104
daily-returns  2017-02-05  rows=0     total=2104
daily-returns  2017-02-06  rows=209   total=2313
daily-returns  2017-02-07  rows=209   total=2522
daily-returns  2017-02-08  rows=209   total=2731
daily-returns  2017-02-09  rows=209   total=2940
daily-returns  2017-02-10  rows=209   total=3149
daily-returns  2017-02-11  rows=7     total=3156
daily-returns  2017-02-12  rows=0     total=3156
daily-returns  2017-02-13  rows=209   total=3365
daily-returns  2017-02-14  rows=209   total=3574
daily-returns  2017-02-15  rows=209   total=3783
daily-returns  2017-02-16  rows=209   total=3992
daily-returns  2017-02-17  rows=210   total=4202
daily-returns  2017-02-18  rows=7     total=4209
daily-returns  2017-02-19  rows=0     total=4209
daily-returns  2017-02-20  rows=210   total=4419
daily-returns  2017-02-21  rows=210   total=4629
daily-returns  2017-02-22  rows=210   total=4839
daily-returns  2017-02-23  rows=210   total=5049
daily-returns  2017-02-24  rows=210   total=5259
daily-returns  2017-02-25  rows=7     total=5266
daily-returns  2017-02-26  rows=0     total=5266
daily-returns  2017-02-27  rows=210   total=5476
daily-returns  2017-02-28  rows=210   total=5686
daily-returns  2017-03-01  rows=210   total=5896
daily-returns  2017-03-02  rows=210   total=6106
daily-returns  2017-03-03  rows=210   total=6316
daily-returns  2017-03-04  rows=7     total=6323
daily-returns  2017-03-05  rows=0     total=6323
daily-returns  2017-03-06  rows=210   total=6533
daily-returns  2017-03-07  rows=210   total=6743
daily-returns  2017-03-08  rows=210   total=6953
daily-returns  2017-03-09  rows=210   total=7163
daily-returns  2017-03-10  rows=210   total=7373
daily-returns  2017-03-11  rows=7     total=7380
daily-returns  2017-03-12  rows=0     total=7380
daily-returns  2017-03-13  rows=210   total=7590
daily-returns  2017-03-14  rows=210   total=7800
daily-returns  2017-03-15  rows=210   total=8010
daily-returns  2017-03-16  rows=210   total=8220
daily-returns  2017-03-17  rows=210   total=8430
daily-returns  2017-03-18  rows=7     total=8437
daily-returns  2017-03-19  rows=0     total=8437
daily-returns  2017-03-20  rows=210   total=8647
daily-returns  2017-03-21  rows=210   total=8857
daily-returns  2017-03-22  rows=210   total=9067
daily-returns  2017-03-23  rows=0     total=9067
daily-returns  2017-03-24  rows=210   total=9277
daily-returns  2017-03-25  rows=7     total=9284
daily-returns  2017-03-26  rows=0     total=9284
daily-returns  2017-03-27  rows=210   total=9494
daily-returns  2017-03-28  rows=210   total=9704
daily-returns  2017-03-29  rows=210   total=9914
daily-returns  2017-03-30  rows=210   total=10124
daily-returns  2017-03-31  rows=210   total=10334
daily-returns  2017-04-01  rows=7     total=10341
daily-returns  2017-04-02  rows=0     total=10341
daily-returns  2017-04-03  rows=210   total=10551
daily-returns  2017-04-04  rows=210   total=10761
daily-returns  2017-04-05  rows=210   total=10971
daily-returns  2017-04-06  rows=210   total=11181
daily-returns  2017-04-07  rows=210   total=11391
daily-returns  2017-04-08  rows=7     total=11398
daily-returns  2017-04-09  rows=0     total=11398
daily-returns  2017-04-10  rows=210   total=11608
daily-returns  2017-04-11  rows=210   total=11818
daily-returns  2017-04-12  rows=210   total=12028
daily-returns  2017-04-13  rows=210   total=12238
daily-returns  2017-04-14  rows=210   total=12448
daily-returns  2017-04-15  rows=7     total=12455
daily-returns  2017-04-16  rows=0     total=12455
daily-returns  2017-04-17  rows=210   total=12665
daily-returns  2017-04-18  rows=210   total=12875
daily-returns  2017-04-19  rows=210   total=13085
daily-returns  2017-04-20  rows=210   total=13295
daily-returns  2017-04-21  rows=211   total=13506
daily-returns  2017-04-22  rows=7     total=13513
daily-returns  2017-04-23  rows=0     total=13513
daily-returns  2017-04-24  rows=211   total=13724
daily-returns  2017-04-25  rows=211   total=13935
daily-returns  2017-04-26  rows=211   total=14146
daily-returns  2017-04-27  rows=211   total=14357
daily-returns  2017-04-28  rows=211   total=14568
daily-returns  2017-04-29  rows=7     total=14575
daily-returns  2017-04-30  rows=0     total=14575
daily-returns  2017-05-01  rows=0     total=14575
daily-returns  2017-05-02  rows=211   total=14786
daily-returns  2017-05-03  rows=211   total=14997
daily-returns  2017-05-04  rows=211   total=15208
daily-returns  2017-05-05  rows=211   total=15419
daily-returns  2017-05-06  rows=7     total=15426
daily-returns  2017-05-07  rows=0     total=15426
daily-returns  2017-05-08  rows=211   total=15637
daily-returns  2017-05-09  rows=211   total=15848
daily-returns  2017-05-10  rows=211   total=16059
daily-returns  2017-05-11  rows=211   total=16270
daily-returns  2017-05-12  rows=211   total=16481
daily-returns  2017-05-13  rows=7     total=16488
daily-returns  2017-05-14  rows=0     total=16488
daily-returns  2017-05-15  rows=211   total=16699
daily-returns  2017-05-16  rows=211   total=16910
daily-returns  2017-05-17  rows=211   total=17121
daily-returns  2017-05-18  rows=211   total=17332
daily-returns  2017-05-19  rows=211   total=17543
daily-returns  2017-05-20  rows=7     total=17550
daily-returns  2017-05-21  rows=0     total=17550
daily-returns  2017-05-22  rows=211   total=17761
daily-returns  2017-05-23  rows=212   total=17973
daily-returns  2017-05-24  rows=211   total=18184
daily-returns  2017-05-25  rows=211   total=18395
daily-returns  2017-05-26  rows=211   total=18606
daily-returns  2017-05-27  rows=7     total=18613
daily-returns  2017-05-28  rows=0     total=18613
daily-returns  2017-05-29  rows=80    total=18693
daily-returns  2017-05-30  rows=211   total=18904
daily-returns  2017-05-31  rows=212   total=19116
daily-returns  2017-06-01  rows=212   total=19328
daily-returns  2017-06-02  rows=212   total=19540
daily-returns  2017-06-03  rows=7     total=19547
daily-returns  2017-06-04  rows=0     total=19547
daily-returns  2017-06-05  rows=212   total=19759
daily-returns  2017-06-06  rows=212   total=19971
daily-returns  2017-06-07  rows=212   total=20183
daily-returns  2017-06-08  rows=212   total=20395
daily-returns  2017-06-09  rows=212   total=20607
daily-returns  2017-06-10  rows=7     total=20614
daily-returns  2017-06-11  rows=0     total=20614
daily-returns  2017-06-12  rows=212   total=20826
daily-returns  2017-06-13  rows=212   total=21038
daily-returns  2017-06-14  rows=212   total=21250
daily-returns  2017-06-15  rows=212   total=21462
daily-returns  2017-06-16  rows=210   total=21672
daily-returns  2017-06-17  rows=7     total=21679
daily-returns  2017-06-18  rows=0     total=21679
daily-returns  2017-06-19  rows=210   total=21889
daily-returns  2017-06-20  rows=207   total=22096
daily-returns  2017-06-21  rows=203   total=22299
daily-returns  2017-06-22  rows=206   total=22505
daily-returns  2017-06-23  rows=83    total=22588
daily-returns  2017-06-24  rows=7     total=22595
daily-returns  2017-06-25  rows=0     total=22595
daily-returns  2017-06-26  rows=1     total=22596
daily-returns  2017-06-27  rows=1     total=22597
daily-returns  2017-06-28  rows=5     total=22602
daily-returns  2017-06-29  rows=210   total=22812
daily-returns  2017-06-30  rows=212   total=23024
daily-returns  2017-07-01  rows=9     total=23033
daily-returns  2017-07-02  rows=0     total=23033
daily-returns  2017-07-03  rows=68    total=23101
daily-returns  2017-07-04  rows=206   total=23307
daily-returns  2017-07-05  rows=206   total=23513
daily-returns  2017-07-06  rows=206   total=23719
daily-returns  2017-07-07  rows=206   total=23925
daily-returns  2017-07-08  rows=7     total=23932
daily-returns  2017-07-09  rows=0     total=23932
daily-returns  2017-07-10  rows=212   total=24144
daily-returns  2017-07-11  rows=212   total=24356
daily-returns  2017-07-12  rows=212   total=24568
daily-returns  2017-07-13  rows=212   total=24780
daily-returns  2017-07-14  rows=212   total=24992
daily-returns  2017-07-15  rows=7     total=24999
daily-returns  2017-07-16  rows=0     total=24999
daily-returns  2017-07-17  rows=212   total=25211
daily-returns  2017-07-18  rows=212   total=25423
daily-returns  2017-07-19  rows=212   total=25635
daily-returns  2017-07-20  rows=212   total=25847
daily-returns  2017-07-21  rows=212   total=26059
daily-returns  2017-07-22  rows=7     total=26066
daily-returns  2017-07-23  rows=0     total=26066
daily-returns  2017-07-24  rows=212   total=26278
daily-returns  2017-07-25  rows=212   total=26490
daily-returns  2017-07-26  rows=212   total=26702
daily-returns  2017-07-27  rows=212   total=26914
daily-returns  2017-07-28  rows=212   total=27126
daily-returns  2017-07-29  rows=7     total=27133
daily-returns  2017-07-30  rows=0     total=27133
daily-returns  2017-07-31  rows=212   total=27345
daily-returns  2017-08-01  rows=212   total=27557
daily-returns  2017-08-02  rows=212   total=27769
daily-returns  2017-08-03  rows=212   total=27981
daily-returns  2017-08-04  rows=212   total=28193
daily-returns  2017-08-05  rows=7     total=28200
daily-returns  2017-08-06  rows=0     total=28200
daily-returns  2017-08-07  rows=212   total=28412
daily-returns  2017-08-08  rows=212   total=28624
daily-returns  2017-08-09  rows=212   total=28836
daily-returns  2017-08-10  rows=212   total=29048
daily-returns  2017-08-11  rows=213   total=29261
daily-returns  2017-08-12  rows=7     total=29268
daily-returns  2017-08-13  rows=0     total=29268
daily-returns  2017-08-14  rows=0     total=29268
daily-returns  2017-08-15  rows=213   total=29481
daily-returns  2017-08-16  rows=213   total=29694
daily-returns  2017-08-17  rows=213   total=29907
daily-returns  2017-08-18  rows=213   total=30120
daily-returns  2017-08-19  rows=7     total=30127
daily-returns  2017-08-20  rows=0     total=30127
daily-returns  2017-08-21  rows=213   total=30340
daily-returns  2017-08-22  rows=213   total=30553
daily-returns  2017-08-23  rows=213   total=30766
daily-returns  2017-08-24  rows=213   total=30979
daily-returns  2017-08-25  rows=213   total=31192
daily-returns  2017-08-26  rows=7     total=31199
daily-returns  2017-08-27  rows=0     total=31199
daily-returns  2017-08-28  rows=213   total=31412
daily-returns  2017-08-29  rows=213   total=31625
daily-returns  2017-08-30  rows=213   total=31838
daily-returns  2017-08-31  rows=213   total=32051
daily-returns  2017-09-01  rows=0     total=32051
daily-returns  2017-09-02  rows=0     total=32051
daily-returns  2017-09-03  rows=0     total=32051
daily-returns  2017-09-04  rows=0     total=32051
daily-returns  2017-09-05  rows=213   total=32264
daily-returns  2017-09-06  rows=213   total=32477
daily-returns  2017-09-07  rows=213   total=32690
daily-returns  2017-09-08  rows=213   total=32903
daily-returns  2017-09-09  rows=7     total=32910
daily-returns  2017-09-10  rows=0     total=32910
daily-returns  2017-09-11  rows=213   total=33123
daily-returns  2017-09-12  rows=213   total=33336
daily-returns  2017-09-13  rows=213   total=33549
daily-returns  2017-09-14  rows=213   total=33762
daily-returns  2017-09-15  rows=213   total=33975
daily-returns  2017-09-16  rows=7     total=33982
daily-returns  2017-09-17  rows=0     total=33982
daily-returns  2017-09-18  rows=213   total=34195
daily-returns  2017-09-19  rows=213   total=34408
daily-returns  2017-09-20  rows=213   total=34621
daily-returns  2017-09-21  rows=213   total=34834
daily-returns  2017-09-22  rows=213   total=35047
daily-returns  2017-09-23  rows=7     total=35054
daily-returns  2017-09-24  rows=0     total=35054
daily-returns  2017-09-25  rows=213   total=35267
daily-returns  2017-09-26  rows=213   total=35480
daily-returns  2017-09-27  rows=213   total=35693
daily-returns  2017-09-28  rows=213   total=35906
daily-returns  2017-09-29  rows=213   total=36119
daily-returns  2017-09-30  rows=0     total=36119
daily-returns  2017-10-01  rows=0     total=36119
daily-returns  2017-10-02  rows=213   total=36332
daily-returns  2017-10-03  rows=213   total=36545
daily-returns  2017-10-04  rows=213   total=36758
daily-returns  2017-10-05  rows=213   total=36971
daily-returns  2017-10-06  rows=214   total=37185
daily-returns  2017-10-07  rows=7     total=37192
daily-returns  2017-10-08  rows=0     total=37192
daily-returns  2017-10-09  rows=214   total=37406
daily-returns  2017-10-10  rows=215   total=37621
daily-returns  2017-10-11  rows=214   total=37835
daily-returns  2017-10-12  rows=215   total=38050
daily-returns  2017-10-13  rows=215   total=38265
daily-returns  2017-10-14  rows=7     total=38272
daily-returns  2017-10-15  rows=0     total=38272
daily-returns  2017-10-16  rows=215   total=38487
daily-returns  2017-10-17  rows=215   total=38702
daily-returns  2017-10-18  rows=215   total=38917
daily-returns  2017-10-19  rows=215   total=39132
daily-returns  2017-10-20  rows=215   total=39347
daily-returns  2017-10-21  rows=7     total=39354
daily-returns  2017-10-22  rows=0     total=39354
daily-returns  2017-10-23  rows=215   total=39569
daily-returns  2017-10-24  rows=215   total=39784
daily-returns  2017-10-25  rows=215   total=39999
daily-returns  2017-10-26  rows=215   total=40214
daily-returns  2017-10-27  rows=215   total=40429
daily-returns  2017-10-28  rows=8     total=40437
daily-returns  2017-10-29  rows=0     total=40437
daily-returns  2017-10-30  rows=215   total=40652
daily-returns  2017-10-31  rows=215   total=40867
daily-returns  2017-11-01  rows=215   total=41082
daily-returns  2017-11-02  rows=215   total=41297
daily-returns  2017-11-03  rows=215   total=41512
daily-returns  2017-11-04  rows=7     total=41519
daily-returns  2017-11-05  rows=0     total=41519
daily-returns  2017-11-06  rows=216   total=41735
daily-returns  2017-11-07  rows=215   total=41950
daily-returns  2017-11-08  rows=216   total=42166
daily-returns  2017-11-09  rows=216   total=42382
daily-returns  2017-11-10  rows=216   total=42598
daily-returns  2017-11-11  rows=7     total=42605
daily-returns  2017-11-12  rows=0     total=42605
daily-returns  2017-11-13  rows=216   total=42821
daily-returns  2017-11-14  rows=216   total=43037
daily-returns  2017-11-15  rows=216   total=43253
daily-returns  2017-11-16  rows=216   total=43469
daily-returns  2017-11-17  rows=216   total=43685
daily-returns  2017-11-18  rows=7     total=43692
daily-returns  2017-11-19  rows=0     total=43692
daily-returns  2017-11-20  rows=216   total=43908
daily-returns  2017-11-21  rows=216   total=44124
daily-returns  2017-11-22  rows=216   total=44340
daily-returns  2017-11-23  rows=216   total=44556
daily-returns  2017-11-24  rows=216   total=44772
daily-returns  2017-11-25  rows=7     total=44779
daily-returns  2017-11-26  rows=0     total=44779
daily-returns  2017-11-27  rows=216   total=44995
daily-returns  2017-11-28  rows=216   total=45211
daily-returns  2017-11-29  rows=216   total=45427
daily-returns  2017-11-30  rows=216   total=45643
daily-returns  2017-12-01  rows=2     total=45645
daily-returns  2017-12-02  rows=7     total=45652
daily-returns  2017-12-03  rows=0     total=45652
daily-returns  2017-12-04  rows=216   total=45868
daily-returns  2017-12-05  rows=216   total=46084
daily-returns  2017-12-06  rows=216   total=46300
daily-returns  2017-12-07  rows=216   total=46516
daily-returns  2017-12-08  rows=216   total=46732
daily-returns  2017-12-09  rows=7     total=46739
daily-returns  2017-12-10  rows=0     total=46739
daily-returns  2017-12-11  rows=216   total=46955
daily-returns  2017-12-12  rows=216   total=47171
daily-returns  2017-12-13  rows=216   total=47387
daily-returns  2017-12-14  rows=216   total=47603
daily-returns  2017-12-15  rows=216   total=47819
daily-returns  2017-12-16  rows=7     total=47826
daily-returns  2017-12-17  rows=0     total=47826
daily-returns  2017-12-18  rows=216   total=48042
daily-returns  2017-12-19  rows=216   total=48258
daily-returns  2017-12-20  rows=216   total=48474
daily-returns  2017-12-21  rows=216   total=48690
daily-returns  2017-12-22  rows=216   total=48906
daily-returns  2017-12-23  rows=7     total=48913
daily-returns  2017-12-24  rows=0     total=48913
daily-returns  2017-12-25  rows=0     total=48913
daily-returns  2017-12-26  rows=216   total=49129
daily-returns  2017-12-27  rows=216   total=49345
daily-returns  2017-12-28  rows=216   total=49561
daily-returns  2017-12-29  rows=216   total=49777
daily-returns  2017-12-30  rows=7     total=49784
daily-returns  2017-12-31  rows=0     total=49784
  in_range=365 attempted=343 stored=343 skipped=22 errors=0
  end 23:19:43
=== 2018 (2018-01-01 .. 2018-12-31) start 23:19:43 ===
daily-returns  2018-01-24  rows=216   total=216
daily-returns  2018-01-25  rows=216   total=432
daily-returns  2018-01-26  rows=216   total=648
daily-returns  2018-01-27  rows=7     total=655
daily-returns  2018-01-28  rows=0     total=655
daily-returns  2018-01-29  rows=216   total=871
daily-returns  2018-01-30  rows=216   total=1087
daily-returns  2018-01-31  rows=216   total=1303
daily-returns  2018-02-01  rows=216   total=1519
daily-returns  2018-02-02  rows=216   total=1735
daily-returns  2018-02-03  rows=7     total=1742
daily-returns  2018-02-04  rows=0     total=1742
daily-returns  2018-02-05  rows=0     total=1742
daily-returns  2018-02-06  rows=216   total=1958
daily-returns  2018-02-07  rows=216   total=2174
daily-returns  2018-02-08  rows=216   total=2390
daily-returns  2018-02-09  rows=216   total=2606
daily-returns  2018-02-10  rows=7     total=2613
daily-returns  2018-02-11  rows=0     total=2613
daily-returns  2018-02-12  rows=216   total=2829
daily-returns  2018-02-13  rows=216   total=3045
daily-returns  2018-02-14  rows=217   total=3262
daily-returns  2018-02-15  rows=217   total=3479
daily-returns  2018-02-16  rows=216   total=3695
daily-returns  2018-02-17  rows=7     total=3702
daily-returns  2018-02-18  rows=0     total=3702
daily-returns  2018-02-19  rows=219   total=3921
daily-returns  2018-02-20  rows=217   total=4138
daily-returns  2018-02-21  rows=219   total=4357
daily-returns  2018-02-22  rows=219   total=4576
daily-returns  2018-02-23  rows=219   total=4795
daily-returns  2018-02-24  rows=7     total=4802
daily-returns  2018-02-25  rows=0     total=4802
daily-returns  2018-02-26  rows=219   total=5021
daily-returns  2018-02-27  rows=219   total=5240
daily-returns  2018-02-28  rows=220   total=5460
daily-returns  2018-03-01  rows=220   total=5680
daily-returns  2018-03-02  rows=220   total=5900
daily-returns  2018-03-03  rows=8     total=5908
daily-returns  2018-03-04  rows=0     total=5908
daily-returns  2018-03-05  rows=220   total=6128
daily-returns  2018-03-06  rows=220   total=6348
daily-returns  2018-03-07  rows=220   total=6568
daily-returns  2018-03-08  rows=220   total=6788
daily-returns  2018-03-09  rows=220   total=7008
daily-returns  2018-03-10  rows=8     total=7016
daily-returns  2018-03-11  rows=0     total=7016
daily-returns  2018-03-12  rows=220   total=7236
daily-returns  2018-03-13  rows=220   total=7456
daily-returns  2018-03-14  rows=220   total=7676
daily-returns  2018-03-15  rows=220   total=7896
daily-returns  2018-03-16  rows=220   total=8116
daily-returns  2018-03-17  rows=8     total=8124
daily-returns  2018-03-18  rows=0     total=8124
daily-returns  2018-03-19  rows=220   total=8344
daily-returns  2018-03-20  rows=220   total=8564
daily-returns  2018-03-21  rows=220   total=8784
daily-returns  2018-03-22  rows=220   total=9004
daily-returns  2018-03-23  rows=0     total=9004
daily-returns  2018-03-24  rows=8     total=9012
daily-returns  2018-03-25  rows=0     total=9012
daily-returns  2018-03-26  rows=220   total=9232
daily-returns  2018-03-27  rows=220   total=9452
daily-returns  2018-03-28  rows=220   total=9672
daily-returns  2018-03-29  rows=220   total=9892
daily-returns  2018-03-30  rows=220   total=10112
daily-returns  2018-03-31  rows=8     total=10120
daily-returns  2018-04-01  rows=0     total=10120
daily-returns  2018-04-02  rows=220   total=10340
daily-returns  2018-04-03  rows=220   total=10560
daily-returns  2018-04-04  rows=220   total=10780
daily-returns  2018-04-05  rows=221   total=11001
daily-returns  2018-04-06  rows=221   total=11222
daily-returns  2018-04-07  rows=9     total=11231
daily-returns  2018-04-08  rows=0     total=11231
daily-returns  2018-04-09  rows=221   total=11452
daily-returns  2018-04-10  rows=222   total=11674
daily-returns  2018-04-11  rows=222   total=11896
daily-returns  2018-04-12  rows=222   total=12118
daily-returns  2018-04-13  rows=222   total=12340
daily-returns  2018-04-14  rows=9     total=12349
daily-returns  2018-04-15  rows=1     total=12350
daily-returns  2018-04-16  rows=222   total=12572
daily-returns  2018-04-17  rows=222   total=12794
daily-returns  2018-04-18  rows=222   total=13016
daily-returns  2018-04-19  rows=222   total=13238
daily-returns  2018-04-20  rows=222   total=13460
daily-returns  2018-04-21  rows=9     total=13469
daily-returns  2018-04-22  rows=1     total=13470
daily-returns  2018-04-23  rows=222   total=13692
daily-returns  2018-04-24  rows=222   total=13914
daily-returns  2018-04-25  rows=222   total=14136
daily-returns  2018-04-26  rows=222   total=14358
daily-returns  2018-04-27  rows=222   total=14580
daily-returns  2018-04-28  rows=9     total=14589
daily-returns  2018-04-29  rows=1     total=14590
daily-returns  2018-04-30  rows=222   total=14812
daily-returns  2018-05-01  rows=1     total=14813
daily-returns  2018-05-02  rows=222   total=15035
daily-returns  2018-05-03  rows=222   total=15257
daily-returns  2018-05-04  rows=222   total=15479
daily-returns  2018-05-05  rows=9     total=15488
daily-returns  2018-05-06  rows=1     total=15489
daily-returns  2018-05-07  rows=223   total=15712
daily-returns  2018-05-08  rows=222   total=15934
daily-returns  2018-05-09  rows=222   total=16156
daily-returns  2018-05-10  rows=222   total=16378
daily-returns  2018-05-11  rows=222   total=16600
daily-returns  2018-05-12  rows=9     total=16609
daily-returns  2018-05-13  rows=1     total=16610
daily-returns  2018-05-14  rows=222   total=16832
daily-returns  2018-05-15  rows=222   total=17054
daily-returns  2018-05-16  rows=222   total=17276
daily-returns  2018-05-17  rows=80    total=17356
daily-returns  2018-05-18  rows=222   total=17578
daily-returns  2018-05-19  rows=9     total=17587
daily-returns  2018-05-20  rows=1     total=17588
daily-returns  2018-05-21  rows=222   total=17810
daily-returns  2018-05-22  rows=222   total=18032
daily-returns  2018-05-23  rows=222   total=18254
daily-returns  2018-05-24  rows=222   total=18476
daily-returns  2018-05-25  rows=222   total=18698
daily-returns  2018-05-26  rows=9     total=18707
daily-returns  2018-05-27  rows=1     total=18708
daily-returns  2018-05-28  rows=222   total=18930
daily-returns  2018-05-29  rows=222   total=19152
daily-returns  2018-05-30  rows=222   total=19374
daily-returns  2018-05-31  rows=223   total=19597
daily-returns  2018-06-01  rows=223   total=19820
daily-returns  2018-06-02  rows=9     total=19829
daily-returns  2018-06-03  rows=1     total=19830
daily-returns  2018-06-04  rows=223   total=20053
daily-returns  2018-06-05  rows=223   total=20276
daily-returns  2018-06-06  rows=223   total=20499
daily-returns  2018-06-07  rows=223   total=20722
daily-returns  2018-06-08  rows=136   total=20858
daily-returns  2018-06-09  rows=9     total=20867
daily-returns  2018-06-10  rows=1     total=20868
daily-returns  2018-06-11  rows=223   total=21091
daily-returns  2018-06-12  rows=223   total=21314
daily-returns  2018-06-13  rows=223   total=21537
daily-returns  2018-06-14  rows=223   total=21760
daily-returns  2018-06-15  rows=1     total=21761
daily-returns  2018-06-16  rows=1     total=21762
daily-returns  2018-06-17  rows=1     total=21763
daily-returns  2018-06-18  rows=1     total=21764
daily-returns  2018-06-19  rows=223   total=21987
daily-returns  2018-06-20  rows=223   total=22210
daily-returns  2018-06-21  rows=223   total=22433
daily-returns  2018-06-22  rows=223   total=22656
daily-returns  2018-06-23  rows=9     total=22665
daily-returns  2018-06-24  rows=1     total=22666
daily-returns  2018-06-25  rows=223   total=22889
daily-returns  2018-06-26  rows=223   total=23112
daily-returns  2018-06-27  rows=223   total=23335
daily-returns  2018-06-28  rows=223   total=23558
daily-returns  2018-06-29  rows=223   total=23781
daily-returns  2018-06-30  rows=203   total=23984
daily-returns  2018-07-01  rows=16    total=24000
daily-returns  2018-07-02  rows=46    total=24046
daily-returns  2018-07-03  rows=117   total=24163
daily-returns  2018-07-04  rows=149   total=24312
daily-returns  2018-07-05  rows=194   total=24506
daily-returns  2018-07-06  rows=194   total=24700
daily-returns  2018-07-07  rows=9     total=24709
daily-returns  2018-07-08  rows=1     total=24710
daily-returns  2018-07-09  rows=226   total=24936
daily-returns  2018-07-10  rows=226   total=25162
daily-returns  2018-07-11  rows=226   total=25388
daily-returns  2018-07-12  rows=226   total=25614
daily-returns  2018-07-13  rows=226   total=25840
daily-returns  2018-07-14  rows=9     total=25849
daily-returns  2018-07-15  rows=1     total=25850
daily-returns  2018-07-16  rows=226   total=26076
daily-returns  2018-07-17  rows=226   total=26302
daily-returns  2018-07-18  rows=226   total=26528
daily-returns  2018-07-19  rows=226   total=26754
daily-returns  2018-07-20  rows=226   total=26980
daily-returns  2018-07-21  rows=9     total=26989
daily-returns  2018-07-22  rows=1     total=26990
daily-returns  2018-07-23  rows=226   total=27216
daily-returns  2018-07-24  rows=226   total=27442
daily-returns  2018-07-25  rows=1     total=27443
daily-returns  2018-07-26  rows=225   total=27668
daily-returns  2018-07-27  rows=226   total=27894
daily-returns  2018-07-28  rows=9     total=27903
daily-returns  2018-07-29  rows=1     total=27904
daily-returns  2018-07-30  rows=226   total=28130
daily-returns  2018-07-31  rows=226   total=28356
daily-returns  2018-08-01  rows=226   total=28582
daily-returns  2018-08-02  rows=226   total=28808
daily-returns  2018-08-03  rows=226   total=29034
daily-returns  2018-08-04  rows=9     total=29043
daily-returns  2018-08-05  rows=1     total=29044
daily-returns  2018-08-06  rows=226   total=29270
daily-returns  2018-08-07  rows=226   total=29496
daily-returns  2018-08-08  rows=226   total=29722
daily-returns  2018-08-09  rows=226   total=29948
daily-returns  2018-08-10  rows=226   total=30174
daily-returns  2018-08-11  rows=9     total=30183
daily-returns  2018-08-12  rows=1     total=30184
daily-returns  2018-08-13  rows=226   total=30410
daily-returns  2018-08-14  rows=1     total=30411
daily-returns  2018-08-15  rows=226   total=30637
daily-returns  2018-08-16  rows=226   total=30863
daily-returns  2018-08-17  rows=226   total=31089
daily-returns  2018-08-18  rows=9     total=31098
daily-returns  2018-08-19  rows=1     total=31099
daily-returns  2018-08-20  rows=226   total=31325
daily-returns  2018-08-21  rows=1     total=31326
daily-returns  2018-08-22  rows=1     total=31327
daily-returns  2018-08-23  rows=1     total=31328
daily-returns  2018-08-24  rows=226   total=31554
daily-returns  2018-08-25  rows=9     total=31563
daily-returns  2018-08-26  rows=1     total=31564
daily-returns  2018-08-27  rows=224   total=31788
daily-returns  2018-08-28  rows=226   total=32014
daily-returns  2018-08-29  rows=226   total=32240
daily-returns  2018-08-30  rows=226   total=32466
daily-returns  2018-08-31  rows=226   total=32692
daily-returns  2018-09-01  rows=9     total=32701
daily-returns  2018-09-02  rows=1     total=32702
daily-returns  2018-09-03  rows=226   total=32928
daily-returns  2018-09-04  rows=226   total=33154
daily-returns  2018-09-05  rows=226   total=33380
daily-returns  2018-09-06  rows=226   total=33606
daily-returns  2018-09-07  rows=226   total=33832
daily-returns  2018-09-08  rows=9     total=33841
daily-returns  2018-09-09  rows=1     total=33842
daily-returns  2018-09-10  rows=226   total=34068
daily-returns  2018-09-11  rows=226   total=34294
daily-returns  2018-09-12  rows=226   total=34520
daily-returns  2018-09-13  rows=226   total=34746
daily-returns  2018-09-14  rows=226   total=34972
daily-returns  2018-09-15  rows=9     total=34981
daily-returns  2018-09-16  rows=1     total=34982
daily-returns  2018-09-17  rows=226   total=35208
daily-returns  2018-09-18  rows=226   total=35434
daily-returns  2018-09-19  rows=226   total=35660
daily-returns  2018-09-20  rows=1     total=35661
daily-returns  2018-09-21  rows=2     total=35663
daily-returns  2018-09-22  rows=9     total=35672
daily-returns  2018-09-23  rows=1     total=35673
daily-returns  2018-09-24  rows=227   total=35900
daily-returns  2018-09-25  rows=227   total=36127
daily-returns  2018-09-26  rows=227   total=36354
daily-returns  2018-09-27  rows=227   total=36581
daily-returns  2018-09-28  rows=227   total=36808
daily-returns  2018-09-29  rows=9     total=36817
daily-returns  2018-09-30  rows=1     total=36818
daily-returns  2018-10-01  rows=227   total=37045
daily-returns  2018-10-02  rows=227   total=37272
daily-returns  2018-10-03  rows=227   total=37499
daily-returns  2018-10-04  rows=227   total=37726
daily-returns  2018-10-05  rows=227   total=37953
daily-returns  2018-10-06  rows=10    total=37963
daily-returns  2018-10-07  rows=1     total=37964
daily-returns  2018-10-08  rows=227   total=38191
daily-returns  2018-10-09  rows=228   total=38419
daily-returns  2018-10-10  rows=228   total=38647
daily-returns  2018-10-11  rows=228   total=38875
daily-returns  2018-10-12  rows=228   total=39103
daily-returns  2018-10-13  rows=10    total=39113
daily-returns  2018-10-14  rows=1     total=39114
daily-returns  2018-10-15  rows=228   total=39342
daily-returns  2018-10-16  rows=228   total=39570
daily-returns  2018-10-17  rows=228   total=39798
daily-returns  2018-10-18  rows=228   total=40026
daily-returns  2018-10-19  rows=228   total=40254
daily-returns  2018-10-20  rows=10    total=40264
daily-returns  2018-10-21  rows=1     total=40265
daily-returns  2018-10-22  rows=228   total=40493
daily-returns  2018-10-23  rows=228   total=40721
daily-returns  2018-10-24  rows=228   total=40949
daily-returns  2018-10-25  rows=228   total=41177
daily-returns  2018-10-26  rows=228   total=41405
daily-returns  2018-10-27  rows=10    total=41415
daily-returns  2018-10-28  rows=1     total=41416
daily-returns  2018-10-29  rows=228   total=41644
daily-returns  2018-10-30  rows=228   total=41872
daily-returns  2018-10-31  rows=228   total=42100
daily-returns  2018-11-01  rows=228   total=42328
daily-returns  2018-11-02  rows=229   total=42557
daily-returns  2018-11-03  rows=10    total=42567
daily-returns  2018-11-04  rows=1     total=42568
daily-returns  2018-11-05  rows=228   total=42796
daily-returns  2018-11-06  rows=228   total=43024
daily-returns  2018-11-07  rows=228   total=43252
daily-returns  2018-11-08  rows=228   total=43480
daily-returns  2018-11-09  rows=228   total=43708
daily-returns  2018-11-10  rows=10    total=43718
daily-returns  2018-11-11  rows=1     total=43719
daily-returns  2018-11-12  rows=228   total=43947
daily-returns  2018-11-13  rows=228   total=44175
daily-returns  2018-11-14  rows=228   total=44403
daily-returns  2018-11-15  rows=228   total=44631
daily-returns  2018-11-16  rows=228   total=44859
daily-returns  2018-11-17  rows=10    total=44869
daily-returns  2018-11-18  rows=1     total=44870
daily-returns  2018-11-19  rows=228   total=45098
daily-returns  2018-11-20  rows=228   total=45326
daily-returns  2018-11-21  rows=2     total=45328
daily-returns  2018-11-22  rows=228   total=45556
daily-returns  2018-11-23  rows=229   total=45785
daily-returns  2018-11-24  rows=10    total=45795
daily-returns  2018-11-25  rows=1     total=45796
daily-returns  2018-11-26  rows=229   total=46025
daily-returns  2018-11-27  rows=229   total=46254
daily-returns  2018-11-28  rows=229   total=46483
daily-returns  2018-11-29  rows=229   total=46712
daily-returns  2018-11-30  rows=229   total=46941
daily-returns  2018-12-01  rows=10    total=46951
daily-returns  2018-12-02  rows=1     total=46952
daily-returns  2018-12-03  rows=229   total=47181
daily-returns  2018-12-04  rows=229   total=47410
daily-returns  2018-12-05  rows=229   total=47639
daily-returns  2018-12-06  rows=229   total=47868
daily-returns  2018-12-07  rows=229   total=48097
daily-returns  2018-12-08  rows=10    total=48107
daily-returns  2018-12-09  rows=1     total=48108
daily-returns  2018-12-10  rows=228   total=48336
daily-returns  2018-12-11  rows=228   total=48564
daily-returns  2018-12-12  rows=229   total=48793
daily-returns  2018-12-13  rows=229   total=49022
daily-returns  2018-12-14  rows=229   total=49251
daily-returns  2018-12-15  rows=10    total=49261
daily-returns  2018-12-16  rows=1     total=49262
daily-returns  2018-12-17  rows=229   total=49491
daily-returns  2018-12-18  rows=229   total=49720
daily-returns  2018-12-19  rows=229   total=49949
daily-returns  2018-12-20  rows=229   total=50178
daily-returns  2018-12-21  rows=229   total=50407
daily-returns  2018-12-22  rows=10    total=50417
daily-returns  2018-12-23  rows=1     total=50418
daily-returns  2018-12-24  rows=228   total=50646
daily-returns  2018-12-25  rows=5     total=50651
daily-returns  2018-12-26  rows=229   total=50880
daily-returns  2018-12-27  rows=229   total=51109
daily-returns  2018-12-28  rows=224   total=51333
daily-returns  2018-12-29  rows=10    total=51343
daily-returns  2018-12-30  rows=1     total=51344
daily-returns  2018-12-31  rows=229   total=51573
  in_range=365 attempted=342 stored=342 skipped=23 errors=0
  end 23:34:18
=== 2019 (2019-01-01 .. 2019-12-31) start 23:34:18 ===
daily-returns  2019-01-21  rows=233   total=233
daily-returns  2019-01-22  rows=234   total=467
daily-returns  2019-01-23  rows=228   total=695
daily-returns  2019-01-24  rows=234   total=929
daily-returns  2019-01-25  rows=234   total=1163
daily-returns  2019-01-26  rows=10    total=1173
daily-returns  2019-01-27  rows=1     total=1174
daily-returns  2019-01-28  rows=234   total=1408
daily-returns  2019-01-29  rows=228   total=1636
daily-returns  2019-01-30  rows=234   total=1870
daily-returns  2019-01-31  rows=234   total=2104
daily-returns  2019-02-01  rows=234   total=2338
daily-returns  2019-02-02  rows=10    total=2348
daily-returns  2019-02-03  rows=1     total=2349
daily-returns  2019-02-04  rows=234   total=2583
daily-returns  2019-02-05  rows=1     total=2584
daily-returns  2019-02-06  rows=234   total=2818
daily-returns  2019-02-07  rows=234   total=3052
daily-returns  2019-02-08  rows=234   total=3286
daily-returns  2019-02-09  rows=10    total=3296
daily-returns  2019-02-10  rows=1     total=3297
daily-returns  2019-02-11  rows=234   total=3531
daily-returns  2019-02-12  rows=234   total=3765
daily-returns  2019-02-13  rows=234   total=3999
daily-returns  2019-02-14  rows=234   total=4233
daily-returns  2019-02-15  rows=234   total=4467
daily-returns  2019-02-16  rows=10    total=4477
daily-returns  2019-02-17  rows=1     total=4478
daily-returns  2019-02-18  rows=234   total=4712
daily-returns  2019-02-19  rows=234   total=4946
daily-returns  2019-02-20  rows=234   total=5180
daily-returns  2019-02-21  rows=234   total=5414
daily-returns  2019-02-22  rows=234   total=5648
daily-returns  2019-02-23  rows=10    total=5658
daily-returns  2019-02-24  rows=1     total=5659
daily-returns  2019-02-25  rows=234   total=5893
daily-returns  2019-02-26  rows=234   total=6127
daily-returns  2019-02-27  rows=235   total=6362
daily-returns  2019-02-28  rows=234   total=6596
daily-returns  2019-03-01  rows=234   total=6830
daily-returns  2019-03-02  rows=10    total=6840
daily-returns  2019-03-03  rows=1     total=6841
daily-returns  2019-03-04  rows=234   total=7075
daily-returns  2019-03-05  rows=234   total=7309
daily-returns  2019-03-06  rows=234   total=7543
daily-returns  2019-03-07  rows=233   total=7776
daily-returns  2019-03-08  rows=234   total=8010
daily-returns  2019-03-09  rows=10    total=8020
daily-returns  2019-03-10  rows=1     total=8021
daily-returns  2019-03-11  rows=234   total=8255
daily-returns  2019-03-12  rows=234   total=8489
daily-returns  2019-03-13  rows=234   total=8723
daily-returns  2019-03-14  rows=234   total=8957
daily-returns  2019-03-15  rows=234   total=9191
daily-returns  2019-03-16  rows=10    total=9201
daily-returns  2019-03-17  rows=1     total=9202
daily-returns  2019-03-18  rows=234   total=9436
daily-returns  2019-03-19  rows=234   total=9670
daily-returns  2019-03-20  rows=234   total=9904
daily-returns  2019-03-21  rows=234   total=10138
daily-returns  2019-03-22  rows=234   total=10372
daily-returns  2019-03-23  rows=1     total=10373
daily-returns  2019-03-24  rows=1     total=10374
daily-returns  2019-03-25  rows=234   total=10608
daily-returns  2019-03-26  rows=234   total=10842
daily-returns  2019-03-27  rows=234   total=11076
daily-returns  2019-03-28  rows=234   total=11310
daily-returns  2019-03-29  rows=235   total=11545
daily-returns  2019-03-30  rows=10    total=11555
daily-returns  2019-03-31  rows=1     total=11556
daily-returns  2019-04-01  rows=235   total=11791
daily-returns  2019-04-02  rows=235   total=12026
daily-returns  2019-04-03  rows=235   total=12261
daily-returns  2019-04-04  rows=235   total=12496
daily-returns  2019-04-05  rows=235   total=12731
daily-returns  2019-04-06  rows=10    total=12741
daily-returns  2019-04-07  rows=1     total=12742
daily-returns  2019-04-08  rows=235   total=12977
daily-returns  2019-04-09  rows=235   total=13212
daily-returns  2019-04-10  rows=235   total=13447
daily-returns  2019-04-11  rows=235   total=13682
daily-returns  2019-04-12  rows=235   total=13917
daily-returns  2019-04-13  rows=10    total=13927
daily-returns  2019-04-14  rows=1     total=13928
daily-returns  2019-04-15  rows=235   total=14163
daily-returns  2019-04-16  rows=235   total=14398
daily-returns  2019-04-17  rows=235   total=14633
daily-returns  2019-04-18  rows=235   total=14868
daily-returns  2019-04-19  rows=235   total=15103
daily-returns  2019-04-20  rows=10    total=15113
daily-returns  2019-04-21  rows=1     total=15114
daily-returns  2019-04-22  rows=235   total=15349
daily-returns  2019-04-23  rows=235   total=15584
daily-returns  2019-04-24  rows=235   total=15819
daily-returns  2019-04-25  rows=235   total=16054
daily-returns  2019-04-26  rows=235   total=16289
daily-returns  2019-04-27  rows=10    total=16299
daily-returns  2019-04-28  rows=1     total=16300
daily-returns  2019-04-29  rows=235   total=16535
daily-returns  2019-04-30  rows=235   total=16770
daily-returns  2019-05-01  rows=1     total=16771
daily-returns  2019-05-02  rows=235   total=17006
daily-returns  2019-05-03  rows=235   total=17241
daily-returns  2019-05-04  rows=10    total=17251
daily-returns  2019-05-05  rows=1     total=17252
daily-returns  2019-05-06  rows=235   total=17487
daily-returns  2019-05-07  rows=61    total=17548
daily-returns  2019-05-08  rows=235   total=17783
daily-returns  2019-05-09  rows=234   total=18017
daily-returns  2019-05-10  rows=235   total=18252
daily-returns  2019-05-11  rows=10    total=18262
daily-returns  2019-05-12  rows=1     total=18263
daily-returns  2019-05-13  rows=235   total=18498
daily-returns  2019-05-14  rows=235   total=18733
daily-returns  2019-05-15  rows=235   total=18968
daily-returns  2019-05-16  rows=235   total=19203
daily-returns  2019-05-17  rows=235   total=19438
daily-returns  2019-05-18  rows=10    total=19448
daily-returns  2019-05-19  rows=1     total=19449
daily-returns  2019-05-20  rows=235   total=19684
daily-returns  2019-05-21  rows=235   total=19919
daily-returns  2019-05-22  rows=235   total=20154
daily-returns  2019-05-23  rows=235   total=20389
daily-returns  2019-05-24  rows=235   total=20624
daily-returns  2019-05-25  rows=10    total=20634
daily-returns  2019-05-26  rows=1     total=20635
daily-returns  2019-05-27  rows=235   total=20870
daily-returns  2019-05-28  rows=235   total=21105
daily-returns  2019-05-29  rows=235   total=21340
daily-returns  2019-05-30  rows=235   total=21575
daily-returns  2019-05-31  rows=111   total=21686
daily-returns  2019-06-01  rows=10    total=21696
daily-returns  2019-06-02  rows=1     total=21697
daily-returns  2019-06-03  rows=235   total=21932
daily-returns  2019-06-04  rows=1     total=21933
daily-returns  2019-06-05  rows=1     total=21934
daily-returns  2019-06-06  rows=1     total=21935
daily-returns  2019-06-07  rows=1     total=21936
daily-returns  2019-06-08  rows=10    total=21946
daily-returns  2019-06-09  rows=1     total=21947
daily-returns  2019-06-10  rows=235   total=22182
daily-returns  2019-06-11  rows=235   total=22417
daily-returns  2019-06-12  rows=235   total=22652
daily-returns  2019-06-13  rows=235   total=22887
daily-returns  2019-06-14  rows=235   total=23122
daily-returns  2019-06-15  rows=10    total=23132
daily-returns  2019-06-16  rows=1     total=23133
daily-returns  2019-06-17  rows=235   total=23368
daily-returns  2019-06-18  rows=235   total=23603
daily-returns  2019-06-19  rows=235   total=23838
daily-returns  2019-06-20  rows=235   total=24073
daily-returns  2019-06-21  rows=235   total=24308
daily-returns  2019-06-22  rows=10    total=24318
daily-returns  2019-06-23  rows=1     total=24319
daily-returns  2019-06-24  rows=229   total=24548
daily-returns  2019-06-25  rows=229   total=24777
daily-returns  2019-06-26  rows=229   total=25006
daily-returns  2019-06-27  rows=229   total=25235
daily-returns  2019-06-28  rows=192   total=25427
daily-returns  2019-06-29  rows=10    total=25437
daily-returns  2019-06-30  rows=220   total=25657
daily-returns  2019-07-01  rows=87    total=25744
daily-returns  2019-07-02  rows=212   total=25956
daily-returns  2019-07-03  rows=212   total=26168
daily-returns  2019-07-04  rows=218   total=26386
daily-returns  2019-07-05  rows=229   total=26615
daily-returns  2019-07-06  rows=10    total=26625
daily-returns  2019-07-07  rows=1     total=26626
daily-returns  2019-07-08  rows=235   total=26861
daily-returns  2019-07-09  rows=235   total=27096
daily-returns  2019-07-10  rows=235   total=27331
daily-returns  2019-07-11  rows=235   total=27566
daily-returns  2019-07-12  rows=235   total=27801
daily-returns  2019-07-13  rows=10    total=27811
daily-returns  2019-07-14  rows=1     total=27812
daily-returns  2019-07-15  rows=235   total=28047
daily-returns  2019-07-16  rows=235   total=28282
daily-returns  2019-07-17  rows=235   total=28517
daily-returns  2019-07-18  rows=235   total=28752
daily-returns  2019-07-19  rows=235   total=28987
daily-returns  2019-07-20  rows=10    total=28997
daily-returns  2019-07-21  rows=1     total=28998
daily-returns  2019-07-22  rows=235   total=29233
daily-returns  2019-07-23  rows=235   total=29468
daily-returns  2019-07-24  rows=235   total=29703
daily-returns  2019-07-25  rows=235   total=29938
daily-returns  2019-07-26  rows=235   total=30173
daily-returns  2019-07-27  rows=10    total=30183
daily-returns  2019-07-28  rows=1     total=30184
daily-returns  2019-07-29  rows=235   total=30419
daily-returns  2019-07-30  rows=235   total=30654
daily-returns  2019-07-31  rows=235   total=30889
daily-returns  2019-08-01  rows=235   total=31124
daily-returns  2019-08-02  rows=235   total=31359
daily-returns  2019-08-03  rows=10    total=31369
daily-returns  2019-08-04  rows=1     total=31370
daily-returns  2019-08-05  rows=235   total=31605
daily-returns  2019-08-06  rows=235   total=31840
daily-returns  2019-08-07  rows=235   total=32075
daily-returns  2019-08-08  rows=235   total=32310
daily-returns  2019-08-09  rows=235   total=32545
daily-returns  2019-08-10  rows=225   total=32770
daily-returns  2019-08-11  rows=58    total=32828
daily-returns  2019-08-12  rows=220   total=33048
daily-returns  2019-08-13  rows=227   total=33275
daily-returns  2019-08-14  rows=227   total=33502
daily-returns  2019-08-15  rows=227   total=33729
daily-returns  2019-08-16  rows=235   total=33964
daily-returns  2019-08-17  rows=224   total=34188
daily-returns  2019-08-18  rows=70    total=34258
daily-returns  2019-08-19  rows=232   total=34490
daily-returns  2019-08-20  rows=235   total=34725
daily-returns  2019-08-21  rows=235   total=34960
daily-returns  2019-08-22  rows=235   total=35195
daily-returns  2019-08-23  rows=236   total=35431
daily-returns  2019-08-24  rows=211   total=35642
daily-returns  2019-08-25  rows=76    total=35718
daily-returns  2019-08-26  rows=235   total=35953
daily-returns  2019-08-27  rows=235   total=36188
daily-returns  2019-08-28  rows=235   total=36423
daily-returns  2019-08-29  rows=235   total=36658
daily-returns  2019-08-30  rows=235   total=36893
daily-returns  2019-08-31  rows=234   total=37127
daily-returns  2019-09-01  rows=93    total=37220
daily-returns  2019-09-02  rows=235   total=37455
daily-returns  2019-09-03  rows=235   total=37690
daily-returns  2019-09-04  rows=235   total=37925
daily-returns  2019-09-05  rows=235   total=38160
daily-returns  2019-09-06  rows=235   total=38395
daily-returns  2019-09-07  rows=210   total=38605
daily-returns  2019-09-08  rows=83    total=38688
daily-returns  2019-09-09  rows=207   total=38895
daily-returns  2019-09-10  rows=210   total=39105
daily-returns  2019-09-11  rows=235   total=39340
daily-returns  2019-09-12  rows=235   total=39575
daily-returns  2019-09-13  rows=234   total=39809
daily-returns  2019-09-14  rows=213   total=40022
daily-returns  2019-09-15  rows=89    total=40111
daily-returns  2019-09-16  rows=235   total=40346
daily-returns  2019-09-17  rows=236   total=40582
daily-returns  2019-09-18  rows=236   total=40818
daily-returns  2019-09-19  rows=236   total=41054
daily-returns  2019-09-20  rows=237   total=41291
daily-returns  2019-09-21  rows=208   total=41499
daily-returns  2019-09-22  rows=87    total=41586
daily-returns  2019-09-23  rows=237   total=41823
daily-returns  2019-09-24  rows=238   total=42061
daily-returns  2019-09-25  rows=238   total=42299
daily-returns  2019-09-26  rows=238   total=42537
daily-returns  2019-09-27  rows=238   total=42775
daily-returns  2019-09-28  rows=216   total=42991
daily-returns  2019-09-29  rows=94    total=43085
daily-returns  2019-09-30  rows=238   total=43323
daily-returns  2019-10-01  rows=238   total=43561
daily-returns  2019-10-02  rows=238   total=43799
daily-returns  2019-10-03  rows=238   total=44037
daily-returns  2019-10-04  rows=238   total=44275
daily-returns  2019-10-05  rows=215   total=44490
daily-returns  2019-10-06  rows=99    total=44589
daily-returns  2019-10-07  rows=238   total=44827
daily-returns  2019-10-08  rows=238   total=45065
daily-returns  2019-10-09  rows=239   total=45304
daily-returns  2019-10-10  rows=239   total=45543
daily-returns  2019-10-11  rows=240   total=45783
daily-returns  2019-10-12  rows=216   total=45999
daily-returns  2019-10-13  rows=96    total=46095
daily-returns  2019-10-14  rows=240   total=46335
daily-returns  2019-10-15  rows=240   total=46575
daily-returns  2019-10-16  rows=240   total=46815
daily-returns  2019-10-17  rows=240   total=47055
daily-returns  2019-10-18  rows=240   total=47295
daily-returns  2019-10-19  rows=216   total=47511
daily-returns  2019-10-20  rows=93    total=47604
daily-returns  2019-10-21  rows=240   total=47844
daily-returns  2019-10-22  rows=240   total=48084
daily-returns  2019-10-23  rows=240   total=48324
daily-returns  2019-10-24  rows=240   total=48564
daily-returns  2019-10-25  rows=240   total=48804
daily-returns  2019-10-26  rows=122   total=48926
daily-returns  2019-10-27  rows=98    total=49024
daily-returns  2019-10-28  rows=235   total=49259
daily-returns  2019-10-29  rows=240   total=49499
daily-returns  2019-10-30  rows=240   total=49739
daily-returns  2019-10-31  rows=240   total=49979
daily-returns  2019-11-01  rows=240   total=50219
daily-returns  2019-11-02  rows=218   total=50437
daily-returns  2019-11-03  rows=96    total=50533
daily-returns  2019-11-04  rows=241   total=50774
daily-returns  2019-11-05  rows=241   total=51015
daily-returns  2019-11-06  rows=241   total=51256
daily-returns  2019-11-07  rows=241   total=51497
daily-returns  2019-11-08  rows=241   total=51738
daily-returns  2019-11-09  rows=217   total=51955
daily-returns  2019-11-10  rows=114   total=52069
daily-returns  2019-11-11  rows=241   total=52310
daily-returns  2019-11-12  rows=241   total=52551
daily-returns  2019-11-13  rows=241   total=52792
daily-returns  2019-11-14  rows=241   total=53033
daily-returns  2019-11-15  rows=241   total=53274
daily-returns  2019-11-16  rows=217   total=53491
daily-returns  2019-11-17  rows=113   total=53604
daily-returns  2019-11-18  rows=241   total=53845
daily-returns  2019-11-19  rows=241   total=54086
daily-returns  2019-11-20  rows=241   total=54327
daily-returns  2019-11-21  rows=241   total=54568
daily-returns  2019-11-22  rows=241   total=54809
daily-returns  2019-11-23  rows=216   total=55025
daily-returns  2019-11-24  rows=134   total=55159
daily-returns  2019-11-25  rows=241   total=55400
daily-returns  2019-11-26  rows=241   total=55641
daily-returns  2019-11-27  rows=241   total=55882
daily-returns  2019-11-28  rows=241   total=56123
daily-returns  2019-11-29  rows=241   total=56364
daily-returns  2019-11-30  rows=221   total=56585
daily-returns  2019-12-01  rows=113   total=56698
daily-returns  2019-12-02  rows=241   total=56939
daily-returns  2019-12-03  rows=241   total=57180
daily-returns  2019-12-04  rows=241   total=57421
daily-returns  2019-12-05  rows=242   total=57663
daily-returns  2019-12-06  rows=242   total=57905
daily-returns  2019-12-07  rows=218   total=58123
daily-returns  2019-12-08  rows=118   total=58241
daily-returns  2019-12-09  rows=242   total=58483
daily-returns  2019-12-10  rows=242   total=58725
daily-returns  2019-12-11  rows=242   total=58967
daily-returns  2019-12-12  rows=243   total=59210
daily-returns  2019-12-13  rows=243   total=59453
daily-returns  2019-12-14  rows=222   total=59675
daily-returns  2019-12-15  rows=118   total=59793
daily-returns  2019-12-16  rows=243   total=60036
daily-returns  2019-12-17  rows=243   total=60279
daily-returns  2019-12-18  rows=243   total=60522
daily-returns  2019-12-19  rows=243   total=60765
daily-returns  2019-12-20  rows=243   total=61008
daily-returns  2019-12-21  rows=221   total=61229
daily-returns  2019-12-22  rows=119   total=61348
daily-returns  2019-12-23  rows=243   total=61591
daily-returns  2019-12-24  rows=243   total=61834
daily-returns  2019-12-25  rows=219   total=62053
daily-returns  2019-12-26  rows=243   total=62296
daily-returns  2019-12-27  rows=243   total=62539
daily-returns  2019-12-28  rows=218   total=62757
daily-returns  2019-12-29  rows=119   total=62876
daily-returns  2019-12-30  rows=243   total=63119
daily-returns  2019-12-31  rows=243   total=63362
  in_range=365 attempted=345 stored=345 skipped=20 errors=0
  end 23:50:41
=== 2020 (2020-01-01 .. 2020-12-31) start 23:50:41 ===
daily-returns  2020-01-22  rows=244   total=244
daily-returns  2020-01-23  rows=244   total=488
daily-returns  2020-01-24  rows=244   total=732
daily-returns  2020-01-25  rows=219   total=951
daily-returns  2020-01-26  rows=114   total=1065
daily-returns  2020-01-27  rows=244   total=1309
daily-returns  2020-01-28  rows=244   total=1553
daily-returns  2020-01-29  rows=244   total=1797
daily-returns  2020-01-30  rows=244   total=2041
daily-returns  2020-01-31  rows=244   total=2285
daily-returns  2020-02-01  rows=220   total=2505
daily-returns  2020-02-02  rows=114   total=2619
daily-returns  2020-02-03  rows=244   total=2863
daily-returns  2020-02-04  rows=244   total=3107
daily-returns  2020-02-05  rows=220   total=3327
daily-returns  2020-02-06  rows=244   total=3571
daily-returns  2020-02-07  rows=244   total=3815
daily-returns  2020-02-08  rows=220   total=4035
daily-returns  2020-02-09  rows=114   total=4149
daily-returns  2020-02-10  rows=245   total=4394
daily-returns  2020-02-11  rows=244   total=4638
daily-returns  2020-02-12  rows=244   total=4882
daily-returns  2020-02-13  rows=245   total=5127
daily-returns  2020-02-14  rows=245   total=5372
daily-returns  2020-02-15  rows=215   total=5587
daily-returns  2020-02-16  rows=114   total=5701
daily-returns  2020-02-17  rows=245   total=5946
daily-returns  2020-02-18  rows=245   total=6191
daily-returns  2020-02-19  rows=245   total=6436
daily-returns  2020-02-20  rows=245   total=6681
daily-returns  2020-02-21  rows=245   total=6926
daily-returns  2020-02-22  rows=221   total=7147
daily-returns  2020-02-23  rows=113   total=7260
daily-returns  2020-02-24  rows=245   total=7505
daily-returns  2020-02-25  rows=245   total=7750
daily-returns  2020-02-26  rows=245   total=7995
daily-returns  2020-02-27  rows=245   total=8240
daily-returns  2020-02-28  rows=245   total=8485
daily-returns  2020-02-29  rows=220   total=8705
daily-returns  2020-03-01  rows=120   total=8825
daily-returns  2020-03-02  rows=245   total=9070
daily-returns  2020-03-03  rows=245   total=9315
daily-returns  2020-03-04  rows=245   total=9560
daily-returns  2020-03-05  rows=245   total=9805
daily-returns  2020-03-06  rows=245   total=10050
daily-returns  2020-03-07  rows=218   total=10268
daily-returns  2020-03-08  rows=120   total=10388
daily-returns  2020-03-09  rows=245   total=10633
daily-returns  2020-03-10  rows=245   total=10878
daily-returns  2020-03-11  rows=245   total=11123
daily-returns  2020-03-12  rows=245   total=11368
daily-returns  2020-03-13  rows=245   total=11613
daily-returns  2020-03-14  rows=219   total=11832
daily-returns  2020-03-15  rows=136   total=11968
daily-returns  2020-03-16  rows=246   total=12214
daily-returns  2020-03-17  rows=246   total=12460
daily-returns  2020-03-18  rows=247   total=12707
daily-returns  2020-03-19  rows=246   total=12953
daily-returns  2020-03-20  rows=247   total=13200
daily-returns  2020-03-21  rows=221   total=13421
daily-returns  2020-03-22  rows=131   total=13552
daily-returns  2020-03-23  rows=219   total=13771
daily-returns  2020-03-24  rows=247   total=14018
daily-returns  2020-03-25  rows=248   total=14266
daily-returns  2020-03-26  rows=248   total=14514
daily-returns  2020-03-27  rows=248   total=14762
daily-returns  2020-03-28  rows=223   total=14985
daily-returns  2020-03-29  rows=134   total=15119
daily-returns  2020-03-30  rows=247   total=15366
daily-returns  2020-03-31  rows=248   total=15614
daily-returns  2020-04-01  rows=248   total=15862
daily-returns  2020-04-02  rows=248   total=16110
daily-returns  2020-04-03  rows=248   total=16358
daily-returns  2020-04-04  rows=224   total=16582
daily-returns  2020-04-05  rows=140   total=16722
daily-returns  2020-04-06  rows=248   total=16970
daily-returns  2020-04-07  rows=248   total=17218
daily-returns  2020-04-08  rows=248   total=17466
daily-returns  2020-04-09  rows=249   total=17715
daily-returns  2020-04-10  rows=249   total=17964
daily-returns  2020-04-11  rows=225   total=18189
daily-returns  2020-04-12  rows=140   total=18329
daily-returns  2020-04-13  rows=248   total=18577
daily-returns  2020-04-14  rows=249   total=18826
daily-returns  2020-04-15  rows=249   total=19075
daily-returns  2020-04-16  rows=250   total=19325
daily-returns  2020-04-17  rows=250   total=19575
daily-returns  2020-04-18  rows=225   total=19800
daily-returns  2020-04-19  rows=140   total=19940
daily-returns  2020-04-20  rows=248   total=20188
daily-returns  2020-04-21  rows=250   total=20438
daily-returns  2020-04-22  rows=250   total=20688
daily-returns  2020-04-23  rows=250   total=20938
daily-returns  2020-04-24  rows=250   total=21188
daily-returns  2020-04-25  rows=222   total=21410
daily-returns  2020-04-26  rows=137   total=21547
daily-returns  2020-04-27  rows=211   total=21758
daily-returns  2020-04-28  rows=250   total=22008
daily-returns  2020-04-29  rows=250   total=22258
daily-returns  2020-04-30  rows=250   total=22508
daily-returns  2020-05-01  rows=220   total=22728
daily-returns  2020-05-02  rows=223   total=22951
daily-returns  2020-05-03  rows=141   total=23092
daily-returns  2020-05-04  rows=249   total=23341
daily-returns  2020-05-05  rows=250   total=23591
daily-returns  2020-05-06  rows=250   total=23841
daily-returns  2020-05-07  rows=250   total=24091
daily-returns  2020-05-08  rows=250   total=24341
daily-returns  2020-05-09  rows=225   total=24566
daily-returns  2020-05-10  rows=128   total=24694
daily-returns  2020-05-11  rows=249   total=24943
daily-returns  2020-05-12  rows=250   total=25193
daily-returns  2020-05-13  rows=250   total=25443
daily-returns  2020-05-14  rows=250   total=25693
daily-returns  2020-05-15  rows=250   total=25943
daily-returns  2020-05-16  rows=222   total=26165
daily-returns  2020-05-17  rows=141   total=26306
daily-returns  2020-05-18  rows=250   total=26556
daily-returns  2020-05-19  rows=250   total=26806
daily-returns  2020-05-20  rows=250   total=27056
daily-returns  2020-05-21  rows=250   total=27306
daily-returns  2020-05-22  rows=215   total=27521
daily-returns  2020-05-23  rows=225   total=27746
daily-returns  2020-05-24  rows=136   total=27882
daily-returns  2020-05-25  rows=216   total=28098
daily-returns  2020-05-26  rows=218   total=28316
daily-returns  2020-05-27  rows=218   total=28534
daily-returns  2020-05-28  rows=250   total=28784
daily-returns  2020-05-29  rows=250   total=29034
daily-returns  2020-05-30  rows=225   total=29259
daily-returns  2020-05-31  rows=245   total=29504
daily-returns  2020-06-01  rows=251   total=29755
daily-returns  2020-06-02  rows=251   total=30006
daily-returns  2020-06-03  rows=251   total=30257
daily-returns  2020-06-04  rows=251   total=30508
daily-returns  2020-06-05  rows=251   total=30759
daily-returns  2020-06-06  rows=225   total=30984
daily-returns  2020-06-07  rows=143   total=31127
daily-returns  2020-06-08  rows=251   total=31378
daily-returns  2020-06-09  rows=251   total=31629
daily-returns  2020-06-10  rows=251   total=31880
daily-returns  2020-06-11  rows=251   total=32131
daily-returns  2020-06-12  rows=251   total=32382
daily-returns  2020-06-13  rows=226   total=32608
daily-returns  2020-06-14  rows=142   total=32750
daily-returns  2020-06-15  rows=250   total=33000
daily-returns  2020-06-16  rows=251   total=33251
daily-returns  2020-06-17  rows=251   total=33502
daily-returns  2020-06-18  rows=251   total=33753
daily-returns  2020-06-19  rows=251   total=34004
daily-returns  2020-06-20  rows=225   total=34229
daily-returns  2020-06-21  rows=142   total=34371
daily-returns  2020-06-22  rows=251   total=34622
daily-returns  2020-06-23  rows=251   total=34873
daily-returns  2020-06-24  rows=251   total=35124
daily-returns  2020-06-25  rows=239   total=35363
daily-returns  2020-06-26  rows=238   total=35601
daily-returns  2020-06-27  rows=220   total=35821
daily-returns  2020-06-28  rows=142   total=35963
daily-returns  2020-06-29  rows=223   total=36186
daily-returns  2020-06-30  rows=251   total=36437
daily-returns  2020-07-01  rows=202   total=36639
daily-returns  2020-07-02  rows=233   total=36872
daily-returns  2020-07-03  rows=233   total=37105
daily-returns  2020-07-04  rows=208   total=37313
daily-returns  2020-07-05  rows=124   total=37437
daily-returns  2020-07-06  rows=233   total=37670
daily-returns  2020-07-07  rows=243   total=37913
daily-returns  2020-07-08  rows=243   total=38156
daily-returns  2020-07-09  rows=251   total=38407
daily-returns  2020-07-10  rows=251   total=38658
daily-returns  2020-07-11  rows=226   total=38884
daily-returns  2020-07-12  rows=142   total=39026
daily-returns  2020-07-13  rows=251   total=39277
daily-returns  2020-07-14  rows=251   total=39528
daily-returns  2020-07-15  rows=251   total=39779
daily-returns  2020-07-16  rows=251   total=40030
daily-returns  2020-07-17  rows=251   total=40281
daily-returns  2020-07-18  rows=226   total=40507
daily-returns  2020-07-19  rows=142   total=40649
daily-returns  2020-07-20  rows=251   total=40900
daily-returns  2020-07-21  rows=251   total=41151
daily-returns  2020-07-22  rows=251   total=41402
daily-returns  2020-07-23  rows=252   total=41654
daily-returns  2020-07-24  rows=252   total=41906
daily-returns  2020-07-25  rows=227   total=42133
daily-returns  2020-07-26  rows=143   total=42276
daily-returns  2020-07-27  rows=252   total=42528
daily-returns  2020-07-28  rows=252   total=42780
daily-returns  2020-07-29  rows=252   total=43032
daily-returns  2020-07-30  rows=252   total=43284
daily-returns  2020-07-31  rows=227   total=43511
daily-returns  2020-08-01  rows=230   total=43741
daily-returns  2020-08-02  rows=143   total=43884
daily-returns  2020-08-03  rows=252   total=44136
daily-returns  2020-08-04  rows=252   total=44388
daily-returns  2020-08-05  rows=252   total=44640
daily-returns  2020-08-06  rows=252   total=44892
daily-returns  2020-08-07  rows=252   total=45144
daily-returns  2020-08-08  rows=226   total=45370
daily-returns  2020-08-09  rows=136   total=45506
daily-returns  2020-08-10  rows=252   total=45758
daily-returns  2020-08-11  rows=252   total=46010
daily-returns  2020-08-12  rows=253   total=46263
daily-returns  2020-08-13  rows=254   total=46517
daily-returns  2020-08-14  rows=229   total=46746
daily-returns  2020-08-15  rows=229   total=46975
daily-returns  2020-08-16  rows=139   total=47114
daily-returns  2020-08-17  rows=253   total=47367
daily-returns  2020-08-18  rows=254   total=47621
daily-returns  2020-08-19  rows=254   total=47875
daily-returns  2020-08-20  rows=254   total=48129
daily-returns  2020-08-21  rows=255   total=48384
daily-returns  2020-08-22  rows=230   total=48614
daily-returns  2020-08-23  rows=141   total=48755
daily-returns  2020-08-24  rows=254   total=49009
daily-returns  2020-08-25  rows=255   total=49264
daily-returns  2020-08-26  rows=255   total=49519
daily-returns  2020-08-27  rows=255   total=49774
daily-returns  2020-08-28  rows=255   total=50029
daily-returns  2020-08-29  rows=230   total=50259
daily-returns  2020-08-30  rows=145   total=50404
daily-returns  2020-08-31  rows=254   total=50658
daily-returns  2020-09-01  rows=255   total=50913
daily-returns  2020-09-02  rows=255   total=51168
daily-returns  2020-09-03  rows=256   total=51424
daily-returns  2020-09-04  rows=256   total=51680
daily-returns  2020-09-05  rows=231   total=51911
daily-returns  2020-09-06  rows=146   total=52057
daily-returns  2020-09-07  rows=255   total=52312
daily-returns  2020-09-08  rows=256   total=52568
daily-returns  2020-09-09  rows=256   total=52824
daily-returns  2020-09-10  rows=256   total=53080
daily-returns  2020-09-11  rows=254   total=53334
daily-returns  2020-09-12  rows=230   total=53564
daily-returns  2020-09-13  rows=140   total=53704
daily-returns  2020-09-14  rows=255   total=53959
daily-returns  2020-09-15  rows=256   total=54215
daily-returns  2020-09-16  rows=256   total=54471
daily-returns  2020-09-17  rows=256   total=54727
daily-returns  2020-09-18  rows=257   total=54984
daily-returns  2020-09-19  rows=231   total=55215
daily-returns  2020-09-20  rows=145   total=55360
daily-returns  2020-09-21  rows=256   total=55616
daily-returns  2020-09-22  rows=257   total=55873
daily-returns  2020-09-23  rows=257   total=56130
daily-returns  2020-09-24  rows=257   total=56387
daily-returns  2020-09-25  rows=257   total=56644
daily-returns  2020-09-26  rows=232   total=56876
daily-returns  2020-09-27  rows=146   total=57022
daily-returns  2020-09-28  rows=256   total=57278
daily-returns  2020-09-29  rows=257   total=57535
daily-returns  2020-09-30  rows=257   total=57792
daily-returns  2020-10-01  rows=257   total=58049
daily-returns  2020-10-02  rows=256   total=58305
daily-returns  2020-10-03  rows=233   total=58538
daily-returns  2020-10-04  rows=141   total=58679
daily-returns  2020-10-05  rows=256   total=58935
daily-returns  2020-10-06  rows=257   total=59192
daily-returns  2020-10-07  rows=259   total=59451
daily-returns  2020-10-08  rows=259   total=59710
daily-returns  2020-10-09  rows=259   total=59969
daily-returns  2020-10-10  rows=234   total=60203
daily-returns  2020-10-11  rows=143   total=60346
daily-returns  2020-10-12  rows=258   total=60604
daily-returns  2020-10-13  rows=259   total=60863
daily-returns  2020-10-14  rows=259   total=61122
daily-returns  2020-10-15  rows=259   total=61381
daily-returns  2020-10-16  rows=259   total=61640
daily-returns  2020-10-17  rows=233   total=61873
daily-returns  2020-10-18  rows=141   total=62014
daily-returns  2020-10-19  rows=259   total=62273
daily-returns  2020-10-20  rows=259   total=62532
daily-returns  2020-10-21  rows=259   total=62791
daily-returns  2020-10-22  rows=259   total=63050
daily-returns  2020-10-23  rows=259   total=63309
daily-returns  2020-10-24  rows=229   total=63538
daily-returns  2020-10-25  rows=135   total=63673
daily-returns  2020-10-26  rows=259   total=63932
daily-returns  2020-10-27  rows=259   total=64191
daily-returns  2020-10-28  rows=259   total=64450
daily-returns  2020-10-29  rows=258   total=64708
daily-returns  2020-10-30  rows=226   total=64934
daily-returns  2020-10-31  rows=234   total=65168
daily-returns  2020-11-01  rows=147   total=65315
daily-returns  2020-11-02  rows=259   total=65574
daily-returns  2020-11-03  rows=259   total=65833
daily-returns  2020-11-04  rows=260   total=66093
daily-returns  2020-11-05  rows=262   total=66355
daily-returns  2020-11-06  rows=259   total=66614
daily-returns  2020-11-07  rows=234   total=66848
daily-returns  2020-11-08  rows=143   total=66991
daily-returns  2020-11-09  rows=259   total=67250
daily-returns  2020-11-10  rows=260   total=67510
daily-returns  2020-11-11  rows=260   total=67770
daily-returns  2020-11-12  rows=260   total=68030
daily-returns  2020-11-13  rows=259   total=68289
daily-returns  2020-11-14  rows=234   total=68523
daily-returns  2020-11-15  rows=149   total=68672
daily-returns  2020-11-16  rows=260   total=68932
daily-returns  2020-11-17  rows=260   total=69192
daily-returns  2020-11-18  rows=264   total=69456
daily-returns  2020-11-19  rows=258   total=69714
daily-returns  2020-11-20  rows=259   total=69973
daily-returns  2020-11-21  rows=234   total=70207
daily-returns  2020-11-22  rows=149   total=70356
daily-returns  2020-11-23  rows=259   total=70615
daily-returns  2020-11-24  rows=259   total=70874
daily-returns  2020-11-25  rows=259   total=71133
daily-returns  2020-11-26  rows=259   total=71392
daily-returns  2020-11-27  rows=259   total=71651
daily-returns  2020-11-28  rows=234   total=71885
daily-returns  2020-11-29  rows=149   total=72034
daily-returns  2020-11-30  rows=259   total=72293
daily-returns  2020-12-01  rows=259   total=72552
daily-returns  2020-12-02  rows=259   total=72811
daily-returns  2020-12-03  rows=259   total=73070
daily-returns  2020-12-04  rows=259   total=73329
daily-returns  2020-12-05  rows=235   total=73564
daily-returns  2020-12-06  rows=149   total=73713
daily-returns  2020-12-07  rows=259   total=73972
daily-returns  2020-12-08  rows=259   total=74231
daily-returns  2020-12-09  rows=259   total=74490
daily-returns  2020-12-10  rows=258   total=74748
daily-returns  2020-12-11  rows=259   total=75007
daily-returns  2020-12-12  rows=235   total=75242
daily-returns  2020-12-13  rows=149   total=75391
daily-returns  2020-12-14  rows=259   total=75650
daily-returns  2020-12-15  rows=259   total=75909
daily-returns  2020-12-16  rows=257   total=76166
daily-returns  2020-12-17  rows=258   total=76424
daily-returns  2020-12-18  rows=259   total=76683
daily-returns  2020-12-19  rows=234   total=76917
daily-returns  2020-12-20  rows=195   total=77112
daily-returns  2020-12-21  rows=259   total=77371
daily-returns  2020-12-22  rows=259   total=77630
daily-returns  2020-12-23  rows=259   total=77889
daily-returns  2020-12-24  rows=249   total=78138
daily-returns  2020-12-25  rows=203   total=78341
daily-returns  2020-12-26  rows=235   total=78576
daily-returns  2020-12-27  rows=188   total=78764
daily-returns  2020-12-28  rows=258   total=79022
daily-returns  2020-12-29  rows=259   total=79281
daily-returns  2020-12-30  rows=258   total=79539
daily-returns  2020-12-31  rows=259   total=79798
  in_range=366 attempted=345 stored=345 skipped=21 errors=0
  end 00:06:55
=== 2021 (2021-01-01 .. 2021-12-31) start 00:06:55 ===
daily-returns  2021-01-19  rows=263   total=263
daily-returns  2021-01-20  rows=262   total=525
daily-returns  2021-01-21  rows=253   total=778
daily-returns  2021-01-22  rows=254   total=1032
daily-returns  2021-01-23  rows=234   total=1266
daily-returns  2021-01-24  rows=208   total=1474
daily-returns  2021-01-25  rows=261   total=1735
daily-returns  2021-01-26  rows=261   total=1996
daily-returns  2021-01-27  rows=263   total=2259
daily-returns  2021-01-28  rows=263   total=2522
daily-returns  2021-01-29  rows=256   total=2778
daily-returns  2021-01-30  rows=233   total=3011
daily-returns  2021-01-31  rows=213   total=3224
daily-returns  2021-02-01  rows=261   total=3485
daily-returns  2021-02-02  rows=264   total=3749
daily-returns  2021-02-03  rows=261   total=4010
daily-returns  2021-02-04  rows=261   total=4271
daily-returns  2021-02-05  rows=227   total=4498
daily-returns  2021-02-06  rows=237   total=4735
daily-returns  2021-02-07  rows=212   total=4947
daily-returns  2021-02-08  rows=259   total=5206
daily-returns  2021-02-09  rows=261   total=5467
daily-returns  2021-02-10  rows=261   total=5728
daily-returns  2021-02-11  rows=259   total=5987
daily-returns  2021-02-12  rows=260   total=6247
daily-returns  2021-02-13  rows=232   total=6479
daily-returns  2021-02-14  rows=203   total=6682
daily-returns  2021-02-15  rows=262   total=6944
daily-returns  2021-02-16  rows=260   total=7204
daily-returns  2021-02-17  rows=260   total=7464
daily-returns  2021-02-18  rows=259   total=7723
daily-returns  2021-02-19  rows=260   total=7983
daily-returns  2021-02-20  rows=234   total=8217
daily-returns  2021-02-21  rows=214   total=8431
daily-returns  2021-02-22  rows=262   total=8693
daily-returns  2021-02-23  rows=260   total=8953
daily-returns  2021-02-24  rows=260   total=9213
daily-returns  2021-02-25  rows=263   total=9476
daily-returns  2021-02-26  rows=262   total=9738
daily-returns  2021-02-27  rows=237   total=9975
daily-returns  2021-02-28  rows=212   total=10187
daily-returns  2021-03-01  rows=262   total=10449
daily-returns  2021-03-02  rows=262   total=10711
daily-returns  2021-03-03  rows=262   total=10973
daily-returns  2021-03-04  rows=262   total=11235
daily-returns  2021-03-05  rows=264   total=11499
daily-returns  2021-03-06  rows=237   total=11736
daily-returns  2021-03-07  rows=205   total=11941
daily-returns  2021-03-08  rows=262   total=12203
daily-returns  2021-03-09  rows=262   total=12465
daily-returns  2021-03-10  rows=262   total=12727
daily-returns  2021-03-11  rows=262   total=12989
daily-returns  2021-03-12  rows=262   total=13251
daily-returns  2021-03-13  rows=237   total=13488
daily-returns  2021-03-14  rows=205   total=13693
daily-returns  2021-03-15  rows=262   total=13955
daily-returns  2021-03-16  rows=262   total=14217
daily-returns  2021-03-17  rows=262   total=14479
daily-returns  2021-03-18  rows=262   total=14741
daily-returns  2021-03-19  rows=262   total=15003
daily-returns  2021-03-20  rows=244   total=15247
daily-returns  2021-03-21  rows=235   total=15482
daily-returns  2021-03-22  rows=262   total=15744
daily-returns  2021-03-23  rows=261   total=16005
daily-returns  2021-03-24  rows=262   total=16267
daily-returns  2021-03-25  rows=262   total=16529
daily-returns  2021-03-26  rows=262   total=16791
daily-returns  2021-03-27  rows=261   total=17052
daily-returns  2021-03-28  rows=261   total=17313
daily-returns  2021-03-29  rows=262   total=17575
daily-returns  2021-03-30  rows=262   total=17837
daily-returns  2021-03-31  rows=262   total=18099
daily-returns  2021-04-01  rows=262   total=18361
daily-returns  2021-04-02  rows=262   total=18623
daily-returns  2021-04-03  rows=262   total=18885
daily-returns  2021-04-04  rows=262   total=19147
daily-returns  2021-04-05  rows=262   total=19409
daily-returns  2021-04-06  rows=262   total=19671
daily-returns  2021-04-07  rows=262   total=19933
daily-returns  2021-04-08  rows=262   total=20195
daily-returns  2021-04-09  rows=262   total=20457
daily-returns  2021-04-10  rows=262   total=20719
daily-returns  2021-04-11  rows=262   total=20981
daily-returns  2021-04-12  rows=262   total=21243
daily-returns  2021-04-13  rows=262   total=21505
daily-returns  2021-04-14  rows=259   total=21764
daily-returns  2021-04-15  rows=262   total=22026
daily-returns  2021-04-16  rows=262   total=22288
daily-returns  2021-04-17  rows=262   total=22550
daily-returns  2021-04-18  rows=257   total=22807
daily-returns  2021-04-19  rows=262   total=23069
daily-returns  2021-04-20  rows=262   total=23331
daily-returns  2021-04-21  rows=262   total=23593
daily-returns  2021-04-22  rows=262   total=23855
daily-returns  2021-04-23  rows=262   total=24117
daily-returns  2021-04-24  rows=261   total=24378
daily-returns  2021-04-25  rows=261   total=24639
daily-returns  2021-04-26  rows=262   total=24901
daily-returns  2021-04-27  rows=262   total=25163
daily-returns  2021-04-28  rows=262   total=25425
daily-returns  2021-04-29  rows=262   total=25687
daily-returns  2021-04-30  rows=262   total=25949
daily-returns  2021-05-01  rows=262   total=26211
daily-returns  2021-05-02  rows=262   total=26473
daily-returns  2021-05-03  rows=262   total=26735
daily-returns  2021-05-04  rows=262   total=26997
daily-returns  2021-05-05  rows=262   total=27259
daily-returns  2021-05-06  rows=262   total=27521
daily-returns  2021-05-07  rows=257   total=27778
daily-returns  2021-05-08  rows=256   total=28034
daily-returns  2021-05-09  rows=256   total=28290
daily-returns  2021-05-10  rows=256   total=28546
daily-returns  2021-05-11  rows=256   total=28802
daily-returns  2021-05-12  rows=256   total=29058
daily-returns  2021-05-13  rows=256   total=29314
daily-returns  2021-05-14  rows=256   total=29570
daily-returns  2021-05-15  rows=256   total=29826
daily-returns  2021-05-16  rows=256   total=30082
daily-returns  2021-05-17  rows=262   total=30344
daily-returns  2021-05-18  rows=262   total=30606
daily-returns  2021-05-19  rows=262   total=30868
daily-returns  2021-05-20  rows=262   total=31130
daily-returns  2021-05-21  rows=262   total=31392
daily-returns  2021-05-22  rows=261   total=31653
daily-returns  2021-05-23  rows=261   total=31914
daily-returns  2021-05-24  rows=262   total=32176
daily-returns  2021-05-25  rows=262   total=32438
daily-returns  2021-05-26  rows=262   total=32700
daily-returns  2021-05-27  rows=262   total=32962
daily-returns  2021-05-28  rows=262   total=33224
daily-returns  2021-05-29  rows=261   total=33485
daily-returns  2021-05-30  rows=260   total=33745
daily-returns  2021-05-31  rows=262   total=34007
daily-returns  2021-06-01  rows=262   total=34269
daily-returns  2021-06-02  rows=262   total=34531
daily-returns  2021-06-03  rows=262   total=34793
daily-returns  2021-06-04  rows=261   total=35054
daily-returns  2021-06-05  rows=261   total=35315
daily-returns  2021-06-06  rows=261   total=35576
daily-returns  2021-06-07  rows=261   total=35837
daily-returns  2021-06-08  rows=261   total=36098
daily-returns  2021-06-09  rows=261   total=36359
daily-returns  2021-06-10  rows=262   total=36621
daily-returns  2021-06-11  rows=262   total=36883
daily-returns  2021-06-12  rows=262   total=37145
daily-returns  2021-06-13  rows=262   total=37407
daily-returns  2021-06-14  rows=262   total=37669
daily-returns  2021-06-15  rows=263   total=37932
daily-returns  2021-06-16  rows=263   total=38195
daily-returns  2021-06-17  rows=263   total=38458
daily-returns  2021-06-18  rows=263   total=38721
daily-returns  2021-06-19  rows=262   total=38983
daily-returns  2021-06-20  rows=263   total=39246
daily-returns  2021-06-21  rows=263   total=39509
daily-returns  2021-06-22  rows=263   total=39772
daily-returns  2021-06-23  rows=263   total=40035
daily-returns  2021-06-24  rows=263   total=40298
daily-returns  2021-06-25  rows=263   total=40561
daily-returns  2021-06-26  rows=263   total=40824
daily-returns  2021-06-27  rows=263   total=41087
daily-returns  2021-06-28  rows=263   total=41350
daily-returns  2021-06-29  rows=263   total=41613
daily-returns  2021-06-30  rows=263   total=41876
daily-returns  2021-07-01  rows=263   total=42139
daily-returns  2021-07-02  rows=263   total=42402
daily-returns  2021-07-03  rows=263   total=42665
daily-returns  2021-07-04  rows=263   total=42928
daily-returns  2021-07-05  rows=263   total=43191
daily-returns  2021-07-06  rows=263   total=43454
daily-returns  2021-07-07  rows=263   total=43717
daily-returns  2021-07-08  rows=263   total=43980
daily-returns  2021-07-09  rows=263   total=44243
daily-returns  2021-07-10  rows=263   total=44506
daily-returns  2021-07-11  rows=263   total=44769
daily-returns  2021-07-12  rows=263   total=45032
daily-returns  2021-07-13  rows=263   total=45295
daily-returns  2021-07-14  rows=263   total=45558
daily-returns  2021-07-15  rows=263   total=45821
daily-returns  2021-07-16  rows=263   total=46084
daily-returns  2021-07-17  rows=263   total=46347
daily-returns  2021-07-18  rows=263   total=46610
daily-returns  2021-07-19  rows=263   total=46873
daily-returns  2021-07-20  rows=257   total=47130
daily-returns  2021-07-21  rows=257   total=47387
daily-returns  2021-07-22  rows=257   total=47644
daily-returns  2021-07-23  rows=262   total=47906
daily-returns  2021-07-24  rows=262   total=48168
daily-returns  2021-07-25  rows=262   total=48430
daily-returns  2021-07-26  rows=262   total=48692
daily-returns  2021-07-27  rows=262   total=48954
daily-returns  2021-07-28  rows=262   total=49216
daily-returns  2021-07-29  rows=262   total=49478
daily-returns  2021-07-30  rows=262   total=49740
daily-returns  2021-07-31  rows=262   total=50002
daily-returns  2021-08-01  rows=262   total=50264
daily-returns  2021-08-02  rows=262   total=50526
daily-returns  2021-08-03  rows=262   total=50788
daily-returns  2021-08-04  rows=262   total=51050
daily-returns  2021-08-05  rows=262   total=51312
daily-returns  2021-08-06  rows=262   total=51574
daily-returns  2021-08-07  rows=262   total=51836
daily-returns  2021-08-08  rows=262   total=52098
daily-returns  2021-08-09  rows=262   total=52360
daily-returns  2021-08-10  rows=262   total=52622
daily-returns  2021-08-11  rows=262   total=52884
daily-returns  2021-08-12  rows=262   total=53146
daily-returns  2021-08-13  rows=263   total=53409
daily-returns  2021-08-14  rows=267   total=53676
daily-returns  2021-08-15  rows=264   total=53940
daily-returns  2021-08-16  rows=263   total=54203
daily-returns  2021-08-17  rows=262   total=54465
daily-returns  2021-08-18  rows=262   total=54727
daily-returns  2021-08-19  rows=262   total=54989
daily-returns  2021-08-20  rows=262   total=55251
daily-returns  2021-08-21  rows=262   total=55513
daily-returns  2021-08-22  rows=262   total=55775
daily-returns  2021-08-23  rows=262   total=56037
daily-returns  2021-08-24  rows=262   total=56299
daily-returns  2021-08-25  rows=262   total=56561
daily-returns  2021-08-26  rows=262   total=56823
daily-returns  2021-08-27  rows=262   total=57085
daily-returns  2021-08-28  rows=262   total=57347
daily-returns  2021-08-29  rows=262   total=57609
daily-returns  2021-08-30  rows=262   total=57871
daily-returns  2021-08-31  rows=262   total=58133
daily-returns  2021-09-01  rows=262   total=58395
daily-returns  2021-09-02  rows=262   total=58657
daily-returns  2021-09-03  rows=262   total=58919
daily-returns  2021-09-04  rows=262   total=59181
daily-returns  2021-09-05  rows=262   total=59443
daily-returns  2021-09-06  rows=262   total=59705
daily-returns  2021-09-07  rows=262   total=59967
daily-returns  2021-09-08  rows=262   total=60229
daily-returns  2021-09-09  rows=262   total=60491
daily-returns  2021-09-10  rows=262   total=60753
daily-returns  2021-09-11  rows=262   total=61015
daily-returns  2021-09-12  rows=262   total=61277
daily-returns  2021-09-13  rows=263   total=61540
daily-returns  2021-09-14  rows=263   total=61803
daily-returns  2021-09-15  rows=263   total=62066
daily-returns  2021-09-16  rows=263   total=62329
daily-returns  2021-09-17  rows=263   total=62592
daily-returns  2021-09-18  rows=263   total=62855
daily-returns  2021-09-19  rows=263   total=63118
daily-returns  2021-09-20  rows=263   total=63381
daily-returns  2021-09-21  rows=263   total=63644
daily-returns  2021-09-22  rows=264   total=63908
daily-returns  2021-09-23  rows=264   total=64172
daily-returns  2021-09-24  rows=264   total=64436
daily-returns  2021-09-25  rows=264   total=64700
daily-returns  2021-09-26  rows=264   total=64964
daily-returns  2021-09-27  rows=264   total=65228
daily-returns  2021-09-28  rows=264   total=65492
daily-returns  2021-09-29  rows=264   total=65756
daily-returns  2021-09-30  rows=264   total=66020
daily-returns  2021-10-01  rows=265   total=66285
daily-returns  2021-10-02  rows=265   total=66550
daily-returns  2021-10-03  rows=265   total=66815
daily-returns  2021-10-04  rows=265   total=67080
daily-returns  2021-10-05  rows=271   total=67351
daily-returns  2021-10-06  rows=271   total=67622
daily-returns  2021-10-07  rows=271   total=67893
daily-returns  2021-10-08  rows=271   total=68164
daily-returns  2021-10-09  rows=271   total=68435
daily-returns  2021-10-10  rows=271   total=68706
daily-returns  2021-10-11  rows=271   total=68977
daily-returns  2021-10-12  rows=271   total=69248
daily-returns  2021-10-13  rows=271   total=69519
daily-returns  2021-10-14  rows=271   total=69790
daily-returns  2021-10-15  rows=271   total=70061
daily-returns  2021-10-16  rows=271   total=70332
daily-returns  2021-10-17  rows=271   total=70603
daily-returns  2021-10-18  rows=271   total=70874
daily-returns  2021-10-19  rows=271   total=71145
daily-returns  2021-10-20  rows=270   total=71415
daily-returns  2021-10-21  rows=271   total=71686
daily-returns  2021-10-22  rows=274   total=71960
daily-returns  2021-10-23  rows=274   total=72234
daily-returns  2021-10-24  rows=271   total=72505
daily-returns  2021-10-25  rows=271   total=72776
daily-returns  2021-10-26  rows=271   total=73047
daily-returns  2021-10-27  rows=271   total=73318
daily-returns  2021-10-28  rows=271   total=73589
daily-returns  2021-10-29  rows=271   total=73860
daily-returns  2021-10-30  rows=271   total=74131
daily-returns  2021-10-31  rows=271   total=74402
daily-returns  2021-11-01  rows=271   total=74673
daily-returns  2021-11-02  rows=271   total=74944
daily-returns  2021-11-03  rows=271   total=75215
daily-returns  2021-11-04  rows=271   total=75486
daily-returns  2021-11-05  rows=272   total=75758
daily-returns  2021-11-06  rows=275   total=76033
daily-returns  2021-11-07  rows=271   total=76304
daily-returns  2021-11-08  rows=271   total=76575
daily-returns  2021-11-09  rows=271   total=76846
daily-returns  2021-11-10  rows=273   total=77119
daily-returns  2021-11-11  rows=271   total=77390
daily-returns  2021-11-12  rows=273   total=77663
daily-returns  2021-11-13  rows=271   total=77934
daily-returns  2021-11-14  rows=271   total=78205
daily-returns  2021-11-15  rows=272   total=78477
daily-returns  2021-11-16  rows=272   total=78749
daily-returns  2021-11-17  rows=271   total=79020
daily-returns  2021-11-18  rows=271   total=79291
daily-returns  2021-11-19  rows=271   total=79562
daily-returns  2021-11-20  rows=272   total=79834
daily-returns  2021-11-21  rows=272   total=80106
daily-returns  2021-11-22  rows=271   total=80377
daily-returns  2021-11-23  rows=271   total=80648
daily-returns  2021-11-24  rows=272   total=80920
daily-returns  2021-11-25  rows=272   total=81192
daily-returns  2021-11-27  rows=272   total=81464
daily-returns  2021-11-28  rows=274   total=81738
daily-returns  2021-11-29  rows=272   total=82010
daily-returns  2021-11-30  rows=273   total=82283
daily-returns  2021-12-01  rows=272   total=82555
daily-returns  2021-12-02  rows=272   total=82827
daily-returns  2021-12-03  rows=272   total=83099
daily-returns  2021-12-04  rows=272   total=83371
daily-returns  2021-12-05  rows=274   total=83645
daily-returns  2021-12-06  rows=272   total=83917
daily-returns  2021-12-07  rows=273   total=84190
daily-returns  2021-12-08  rows=275   total=84465
daily-returns  2021-12-09  rows=274   total=84739
daily-returns  2021-12-10  rows=273   total=85012
daily-returns  2021-12-11  rows=273   total=85285
daily-returns  2021-12-12  rows=273   total=85558
daily-returns  2021-12-13  rows=274   total=85832
daily-returns  2021-12-14  rows=273   total=86105
daily-returns  2021-12-15  rows=274   total=86379
daily-returns  2021-12-16  rows=273   total=86652
daily-returns  2021-12-17  rows=273   total=86925
daily-returns  2021-12-18  rows=273   total=87198
daily-returns  2021-12-19  rows=273   total=87471
daily-returns  2021-12-20  rows=276   total=87747
daily-returns  2021-12-21  rows=276   total=88023
daily-returns  2021-12-22  rows=276   total=88299
daily-returns  2021-12-23  rows=276   total=88575
daily-returns  2021-12-24  rows=276   total=88851
daily-returns  2021-12-25  rows=276   total=89127
daily-returns  2021-12-26  rows=276   total=89403
daily-returns  2021-12-27  rows=276   total=89679
daily-returns  2021-12-28  rows=276   total=89955
daily-returns  2021-12-29  rows=276   total=90231
daily-returns  2021-12-30  rows=276   total=90507
daily-returns  2021-12-31  rows=276   total=90783
  in_range=365 attempted=347 stored=346 skipped=18 errors=1
  end 00:23:11
=== 2022 (2022-01-01 .. 2022-12-31) start 00:23:11 ===
daily-returns  2022-01-08  rows=277   total=277
daily-returns  2022-01-09  rows=277   total=554
daily-returns  2022-01-10  rows=277   total=831
daily-returns  2022-01-11  rows=277   total=1108
daily-returns  2022-01-12  rows=277   total=1385
daily-returns  2022-01-13  rows=277   total=1662
daily-returns  2022-01-14  rows=277   total=1939
daily-returns  2022-01-15  rows=277   total=2216
daily-returns  2022-01-16  rows=277   total=2493
daily-returns  2022-01-17  rows=278   total=2771
daily-returns  2022-01-18  rows=279   total=3050
daily-returns  2022-01-19  rows=279   total=3329
daily-returns  2022-01-20  rows=279   total=3608
daily-returns  2022-01-21  rows=279   total=3887
daily-returns  2022-01-22  rows=279   total=4166
daily-returns  2022-01-23  rows=279   total=4445
daily-returns  2022-01-24  rows=279   total=4724
daily-returns  2022-01-25  rows=279   total=5003
daily-returns  2022-01-26  rows=279   total=5282
daily-returns  2022-01-27  rows=279   total=5561
daily-returns  2022-01-28  rows=279   total=5840
daily-returns  2022-01-29  rows=279   total=6119
daily-returns  2022-01-30  rows=279   total=6398
daily-returns  2022-01-31  rows=279   total=6677
daily-returns  2022-02-01  rows=279   total=6956
daily-returns  2022-02-02  rows=279   total=7235
daily-returns  2022-02-03  rows=279   total=7514
daily-returns  2022-02-04  rows=279   total=7793
daily-returns  2022-02-05  rows=279   total=8072
daily-returns  2022-02-06  rows=279   total=8351
daily-returns  2022-02-07  rows=279   total=8630
daily-returns  2022-02-08  rows=279   total=8909
daily-returns  2022-02-09  rows=279   total=9188
daily-returns  2022-02-10  rows=279   total=9467
daily-returns  2022-02-11  rows=279   total=9746
daily-returns  2022-02-12  rows=279   total=10025
daily-returns  2022-02-13  rows=279   total=10304
daily-returns  2022-02-14  rows=279   total=10583
daily-returns  2022-02-15  rows=279   total=10862
daily-returns  2022-02-16  rows=279   total=11141
daily-returns  2022-02-17  rows=279   total=11420
daily-returns  2022-02-18  rows=279   total=11699
daily-returns  2022-02-19  rows=279   total=11978
daily-returns  2022-02-20  rows=279   total=12257
daily-returns  2022-02-21  rows=279   total=12536
daily-returns  2022-02-22  rows=279   total=12815
daily-returns  2022-02-23  rows=279   total=13094
daily-returns  2022-02-24  rows=279   total=13373
daily-returns  2022-02-25  rows=279   total=13652
daily-returns  2022-02-26  rows=279   total=13931
daily-returns  2022-02-27  rows=279   total=14210
daily-returns  2022-02-28  rows=279   total=14489
daily-returns  2022-03-01  rows=279   total=14768
daily-returns  2022-03-02  rows=279   total=15047
daily-returns  2022-03-03  rows=279   total=15326
daily-returns  2022-03-04  rows=279   total=15605
daily-returns  2022-03-05  rows=279   total=15884
daily-returns  2022-03-06  rows=279   total=16163
daily-returns  2022-03-07  rows=279   total=16442
daily-returns  2022-03-08  rows=279   total=16721
daily-returns  2022-03-09  rows=279   total=17000
daily-returns  2022-03-10  rows=279   total=17279
daily-returns  2022-03-11  rows=279   total=17558
daily-returns  2022-03-12  rows=280   total=17838
daily-returns  2022-03-13  rows=286   total=18124
daily-returns  2022-03-14  rows=284   total=18408
daily-returns  2022-03-15  rows=285   total=18693
daily-returns  2022-03-16  rows=279   total=18972
daily-returns  2022-03-17  rows=282   total=19254
daily-returns  2022-03-18  rows=281   total=19535
daily-returns  2022-03-19  rows=283   total=19818
daily-returns  2022-03-20  rows=283   total=20101
daily-returns  2022-03-21  rows=284   total=20385
daily-returns  2022-03-22  rows=282   total=20667
daily-returns  2022-03-23  rows=285   total=20952
daily-returns  2022-03-24  rows=282   total=21234
daily-returns  2022-03-25  rows=284   total=21518
daily-returns  2022-03-26  rows=284   total=21802
daily-returns  2022-03-27  rows=285   total=22087
daily-returns  2022-03-28  rows=283   total=22370
daily-returns  2022-03-29  rows=284   total=22654
daily-returns  2022-03-30  rows=280   total=22934
daily-returns  2022-03-31  rows=282   total=23216
daily-returns  2022-04-01  rows=285   total=23501
daily-returns  2022-04-02  rows=277   total=23778
daily-returns  2022-04-03  rows=281   total=24059
daily-returns  2022-04-04  rows=285   total=24344
daily-returns  2022-04-05  rows=280   total=24624
daily-returns  2022-04-06  rows=282   total=24906
daily-returns  2022-04-07  rows=281   total=25187
daily-returns  2022-04-08  rows=282   total=25469
daily-returns  2022-04-09  rows=279   total=25748
daily-returns  2022-04-10  rows=281   total=26029
daily-returns  2022-04-11  rows=279   total=26308
daily-returns  2022-04-12  rows=280   total=26588
daily-returns  2022-04-13  rows=279   total=26867
daily-returns  2022-04-14  rows=280   total=27147
daily-returns  2022-04-15  rows=280   total=27427
daily-returns  2022-04-16  rows=281   total=27708
daily-returns  2022-04-17  rows=280   total=27988
daily-returns  2022-04-18  rows=279   total=28267
daily-returns  2022-04-19  rows=280   total=28547
daily-returns  2022-04-20  rows=280   total=28827
daily-returns  2022-04-21  rows=279   total=29106
daily-returns  2022-04-22  rows=279   total=29385
daily-returns  2022-04-23  rows=279   total=29664
daily-returns  2022-04-24  rows=279   total=29943
daily-returns  2022-04-25  rows=279   total=30222
daily-returns  2022-04-26  rows=279   total=30501
daily-returns  2022-04-27  rows=279   total=30780
daily-returns  2022-04-28  rows=280   total=31060
daily-returns  2022-04-29  rows=281   total=31341
daily-returns  2022-04-30  rows=279   total=31620
daily-returns  2022-05-01  rows=279   total=31899
daily-returns  2022-05-02  rows=279   total=32178
daily-returns  2022-05-03  rows=279   total=32457
daily-returns  2022-05-04  rows=279   total=32736
daily-returns  2022-05-05  rows=280   total=33016
daily-returns  2022-05-06  rows=279   total=33295
daily-returns  2022-05-07  rows=279   total=33574
daily-returns  2022-05-08  rows=279   total=33853
daily-returns  2022-05-09  rows=279   total=34132
daily-returns  2022-05-10  rows=279   total=34411
daily-returns  2022-05-11  rows=280   total=34691
daily-returns  2022-05-12  rows=280   total=34971
daily-returns  2022-05-13  rows=282   total=35253
daily-returns  2022-05-14  rows=280   total=35533
daily-returns  2022-05-15  rows=281   total=35814
daily-returns  2022-05-16  rows=281   total=36095
daily-returns  2022-05-17  rows=281   total=36376
daily-returns  2022-05-18  rows=281   total=36657
daily-returns  2022-05-19  rows=281   total=36938
daily-returns  2022-05-20  rows=281   total=37219
daily-returns  2022-05-21  rows=281   total=37500
daily-returns  2022-05-22  rows=281   total=37781
daily-returns  2022-05-23  rows=281   total=38062
daily-returns  2022-05-24  rows=281   total=38343
daily-returns  2022-05-25  rows=281   total=38624
daily-returns  2022-05-26  rows=281   total=38905
daily-returns  2022-05-27  rows=281   total=39186
daily-returns  2022-05-28  rows=281   total=39467
daily-returns  2022-05-29  rows=281   total=39748
daily-returns  2022-05-30  rows=281   total=40029
daily-returns  2022-05-31  rows=281   total=40310
daily-returns  2022-06-01  rows=281   total=40591
daily-returns  2022-06-02  rows=281   total=40872
daily-returns  2022-06-03  rows=281   total=41153
daily-returns  2022-06-04  rows=281   total=41434
daily-returns  2022-06-05  rows=281   total=41715
daily-returns  2022-06-06  rows=281   total=41996
daily-returns  2022-06-07  rows=281   total=42277
daily-returns  2022-06-08  rows=281   total=42558
daily-returns  2022-06-09  rows=281   total=42839
daily-returns  2022-06-10  rows=281   total=43120
daily-returns  2022-06-11  rows=281   total=43401
daily-returns  2022-06-12  rows=281   total=43682
daily-returns  2022-06-13  rows=281   total=43963
daily-returns  2022-06-14  rows=281   total=44244
daily-returns  2022-06-15  rows=281   total=44525
daily-returns  2022-06-16  rows=281   total=44806
daily-returns  2022-06-17  rows=281   total=45087
daily-returns  2022-06-18  rows=281   total=45368
daily-returns  2022-06-19  rows=281   total=45649
daily-returns  2022-06-20  rows=282   total=45931
daily-returns  2022-06-21  rows=282   total=46213
daily-returns  2022-06-22  rows=282   total=46495
daily-returns  2022-06-23  rows=282   total=46777
daily-returns  2022-06-24  rows=282   total=47059
daily-returns  2022-06-25  rows=282   total=47341
daily-returns  2022-06-26  rows=282   total=47623
daily-returns  2022-06-27  rows=282   total=47905
daily-returns  2022-06-28  rows=282   total=48187
daily-returns  2022-06-29  rows=283   total=48470
daily-returns  2022-06-30  rows=286   total=48756
daily-returns  2022-07-01  rows=286   total=49042
daily-returns  2022-07-02  rows=286   total=49328
daily-returns  2022-07-03  rows=286   total=49614
daily-returns  2022-07-04  rows=286   total=49900
daily-returns  2022-07-05  rows=286   total=50186
daily-returns  2022-07-06  rows=286   total=50472
daily-returns  2022-07-07  rows=286   total=50758
daily-returns  2022-07-08  rows=286   total=51044
daily-returns  2022-07-09  rows=286   total=51330
daily-returns  2022-07-10  rows=286   total=51616
daily-returns  2022-07-11  rows=286   total=51902
daily-returns  2022-07-12  rows=286   total=52188
daily-returns  2022-07-13  rows=286   total=52474
daily-returns  2022-07-14  rows=287   total=52761
daily-returns  2022-07-15  rows=287   total=53048
daily-returns  2022-07-16  rows=287   total=53335
daily-returns  2022-07-17  rows=287   total=53622
daily-returns  2022-07-18  rows=287   total=53909
daily-returns  2022-07-19  rows=287   total=54196
daily-returns  2022-07-20  rows=287   total=54483
daily-returns  2022-07-21  rows=287   total=54770
daily-returns  2022-07-22  rows=287   total=55057
daily-returns  2022-07-23  rows=287   total=55344
daily-returns  2022-07-24  rows=287   total=55631
daily-returns  2022-07-25  rows=287   total=55918
daily-returns  2022-07-26  rows=288   total=56206
daily-returns  2022-07-27  rows=288   total=56494
daily-returns  2022-07-28  rows=288   total=56782
daily-returns  2022-07-29  rows=288   total=57070
daily-returns  2022-07-30  rows=288   total=57358
daily-returns  2022-07-31  rows=288   total=57646
daily-returns  2022-08-01  rows=288   total=57934
daily-returns  2022-08-02  rows=288   total=58222
daily-returns  2022-08-03  rows=288   total=58510
daily-returns  2022-08-04  rows=289   total=58799
daily-returns  2022-08-05  rows=289   total=59088
daily-returns  2022-08-06  rows=289   total=59377
daily-returns  2022-08-07  rows=289   total=59666
daily-returns  2022-08-08  rows=289   total=59955
daily-returns  2022-08-09  rows=289   total=60244
daily-returns  2022-08-10  rows=289   total=60533
daily-returns  2022-08-11  rows=289   total=60822
daily-returns  2022-08-12  rows=289   total=61111
daily-returns  2022-08-13  rows=289   total=61400
daily-returns  2022-08-14  rows=289   total=61689
daily-returns  2022-08-15  rows=289   total=61978
daily-returns  2022-08-16  rows=289   total=62267
daily-returns  2022-08-17  rows=289   total=62556
daily-returns  2022-08-18  rows=289   total=62845
daily-returns  2022-08-19  rows=289   total=63134
daily-returns  2022-08-20  rows=289   total=63423
daily-returns  2022-08-21  rows=289   total=63712
daily-returns  2022-08-22  rows=289   total=64001
daily-returns  2022-08-23  rows=289   total=64290
daily-returns  2022-08-24  rows=289   total=64579
daily-returns  2022-08-25  rows=289   total=64868
daily-returns  2022-08-26  rows=289   total=65157
daily-returns  2022-08-27  rows=289   total=65446
daily-returns  2022-08-28  rows=289   total=65735
daily-returns  2022-08-29  rows=289   total=66024
daily-returns  2022-08-30  rows=289   total=66313
daily-returns  2022-08-31  rows=289   total=66602
daily-returns  2022-09-01  rows=289   total=66891
daily-returns  2022-09-02  rows=289   total=67180
daily-returns  2022-09-03  rows=289   total=67469
daily-returns  2022-09-04  rows=292   total=67761
daily-returns  2022-09-05  rows=292   total=68053
daily-returns  2022-09-06  rows=292   total=68345
daily-returns  2022-09-07  rows=292   total=68637
daily-returns  2022-09-08  rows=292   total=68929
daily-returns  2022-09-09  rows=292   total=69221
daily-returns  2022-09-10  rows=292   total=69513
daily-returns  2022-09-11  rows=292   total=69805
daily-returns  2022-09-12  rows=293   total=70098
daily-returns  2022-09-13  rows=293   total=70391
daily-returns  2022-09-14  rows=293   total=70684
daily-returns  2022-09-15  rows=293   total=70977
daily-returns  2022-09-16  rows=293   total=71270
daily-returns  2022-09-17  rows=293   total=71563
daily-returns  2022-09-18  rows=293   total=71856
daily-returns  2022-09-19  rows=293   total=72149
daily-returns  2022-09-20  rows=293   total=72442
daily-returns  2022-09-21  rows=293   total=72735
daily-returns  2022-09-22  rows=294   total=73029
daily-returns  2022-09-23  rows=294   total=73323
daily-returns  2022-09-24  rows=294   total=73617
daily-returns  2022-09-25  rows=294   total=73911
daily-returns  2022-09-26  rows=294   total=74205
daily-returns  2022-09-27  rows=294   total=74499
daily-returns  2022-09-28  rows=294   total=74793
daily-returns  2022-09-29  rows=295   total=75088
daily-returns  2022-09-30  rows=295   total=75383
daily-returns  2022-10-01  rows=295   total=75678
daily-returns  2022-10-02  rows=295   total=75973
daily-returns  2022-10-03  rows=298   total=76271
daily-returns  2022-10-04  rows=298   total=76569
daily-returns  2022-10-05  rows=298   total=76867
daily-returns  2022-10-06  rows=298   total=77165
daily-returns  2022-10-07  rows=298   total=77463
daily-returns  2022-10-08  rows=298   total=77761
daily-returns  2022-10-09  rows=298   total=78059
daily-returns  2022-10-10  rows=298   total=78357
daily-returns  2022-10-11  rows=298   total=78655
daily-returns  2022-10-12  rows=298   total=78953
daily-returns  2022-10-13  rows=298   total=79251
daily-returns  2022-10-14  rows=298   total=79549
daily-returns  2022-10-15  rows=298   total=79847
daily-returns  2022-10-16  rows=298   total=80145
daily-returns  2022-10-17  rows=298   total=80443
daily-returns  2022-10-18  rows=298   total=80741
daily-returns  2022-10-19  rows=298   total=81039
daily-returns  2022-10-20  rows=298   total=81337
daily-returns  2022-10-21  rows=298   total=81635
daily-returns  2022-10-22  rows=298   total=81933
daily-returns  2022-10-23  rows=298   total=82231
daily-returns  2022-10-24  rows=298   total=82529
daily-returns  2022-10-25  rows=298   total=82827
daily-returns  2022-10-26  rows=298   total=83125
daily-returns  2022-10-27  rows=298   total=83423
daily-returns  2022-10-28  rows=298   total=83721
daily-returns  2022-10-29  rows=299   total=84020
daily-returns  2022-10-30  rows=299   total=84319
daily-returns  2022-10-31  rows=299   total=84618
daily-returns  2022-11-01  rows=299   total=84917
daily-returns  2022-11-02  rows=299   total=85216
daily-returns  2022-11-03  rows=299   total=85515
daily-returns  2022-11-04  rows=299   total=85814
daily-returns  2022-11-05  rows=299   total=86113
daily-returns  2022-11-06  rows=299   total=86412
daily-returns  2022-11-07  rows=299   total=86711
daily-returns  2022-11-08  rows=299   total=87010
daily-returns  2022-11-09  rows=299   total=87309
daily-returns  2022-11-10  rows=299   total=87608
daily-returns  2022-11-11  rows=299   total=87907
daily-returns  2022-11-12  rows=299   total=88206
daily-returns  2022-11-13  rows=299   total=88505
daily-returns  2022-11-14  rows=299   total=88804
daily-returns  2022-11-15  rows=299   total=89103
daily-returns  2022-11-16  rows=299   total=89402
daily-returns  2022-11-17  rows=299   total=89701
daily-returns  2022-11-18  rows=299   total=90000
daily-returns  2022-11-19  rows=299   total=90299
daily-returns  2022-11-20  rows=299   total=90598
daily-returns  2022-11-21  rows=299   total=90897
daily-returns  2022-11-22  rows=299   total=91196
daily-returns  2022-11-23  rows=299   total=91495
daily-returns  2022-11-24  rows=299   total=91794
daily-returns  2022-11-25  rows=299   total=92093
daily-returns  2022-11-26  rows=299   total=92392
daily-returns  2022-11-27  rows=298   total=92690
daily-returns  2022-11-28  rows=300   total=92990
daily-returns  2022-11-29  rows=300   total=93290
daily-returns  2022-11-30  rows=300   total=93590
daily-returns  2022-12-01  rows=303   total=93893
daily-returns  2022-12-02  rows=303   total=94196
daily-returns  2022-12-03  rows=303   total=94499
daily-returns  2022-12-04  rows=303   total=94802
daily-returns  2022-12-05  rows=303   total=95105
daily-returns  2022-12-06  rows=303   total=95408
daily-returns  2022-12-07  rows=304   total=95712
daily-returns  2022-12-08  rows=303   total=96015
daily-returns  2022-12-09  rows=306   total=96321
daily-returns  2022-12-10  rows=305   total=96626
daily-returns  2022-12-11  rows=304   total=96930
daily-returns  2022-12-12  rows=303   total=97233
daily-returns  2022-12-13  rows=303   total=97536
daily-returns  2022-12-14  rows=303   total=97839
daily-returns  2022-12-15  rows=303   total=98142
daily-returns  2022-12-16  rows=303   total=98445
daily-returns  2022-12-17  rows=303   total=98748
daily-returns  2022-12-18  rows=303   total=99051
daily-returns  2022-12-19  rows=303   total=99354
daily-returns  2022-12-20  rows=303   total=99657
daily-returns  2022-12-21  rows=303   total=99960
daily-returns  2022-12-22  rows=303   total=100263
daily-returns  2022-12-23  rows=303   total=100566
daily-returns  2022-12-24  rows=303   total=100869
daily-returns  2022-12-25  rows=303   total=101172
daily-returns  2022-12-26  rows=303   total=101475
daily-returns  2022-12-27  rows=303   total=101778
daily-returns  2022-12-28  rows=303   total=102081
daily-returns  2022-12-29  rows=303   total=102384
daily-returns  2022-12-30  rows=303   total=102687
daily-returns  2022-12-31  rows=303   total=102990
  in_range=365 attempted=358 stored=358 skipped=7 errors=0
  end 00:40:14
=== 2023 (2023-01-01 .. 2023-12-31) start 00:40:14 ===
daily-returns  2023-01-01  rows=303   total=303
daily-returns  2023-01-02  rows=303   total=606
daily-returns  2023-01-03  rows=303   total=909
daily-returns  2023-01-04  rows=303   total=1212
daily-returns  2023-01-05  rows=303   total=1515
daily-returns  2023-01-06  rows=303   total=1818
daily-returns  2023-01-07  rows=303   total=2121
daily-returns  2023-01-08  rows=303   total=2424
daily-returns  2023-01-09  rows=303   total=2727
daily-returns  2023-01-10  rows=306   total=3033
daily-returns  2023-01-11  rows=306   total=3339
daily-returns  2023-01-12  rows=306   total=3645
daily-returns  2023-01-13  rows=306   total=3951
daily-returns  2023-01-14  rows=306   total=4257
daily-returns  2023-01-15  rows=306   total=4563
daily-returns  2023-01-16  rows=306   total=4869
daily-returns  2023-01-17  rows=306   total=5175
daily-returns  2023-01-18  rows=306   total=5481
daily-returns  2023-01-19  rows=306   total=5787
daily-returns  2023-01-20  rows=306   total=6093
daily-returns  2023-01-21  rows=306   total=6399
daily-returns  2023-01-22  rows=306   total=6705
daily-returns  2023-01-23  rows=306   total=7011
daily-returns  2023-01-24  rows=306   total=7317
daily-returns  2023-01-25  rows=306   total=7623
daily-returns  2023-01-26  rows=306   total=7929
daily-returns  2023-01-27  rows=306   total=8235
daily-returns  2023-01-28  rows=306   total=8541
daily-returns  2023-01-29  rows=305   total=8846
daily-returns  2023-01-30  rows=306   total=9152
daily-returns  2023-01-31  rows=306   total=9458
daily-returns  2023-02-01  rows=306   total=9764
daily-returns  2023-02-02  rows=307   total=10071
daily-returns  2023-02-03  rows=307   total=10378
daily-returns  2023-02-04  rows=307   total=10685
daily-returns  2023-02-05  rows=307   total=10992
daily-returns  2023-02-06  rows=307   total=11299
daily-returns  2023-02-07  rows=307   total=11606
daily-returns  2023-02-08  rows=307   total=11913
daily-returns  2023-02-09  rows=307   total=12220
daily-returns  2023-02-10  rows=307   total=12527
daily-returns  2023-02-11  rows=307   total=12834
daily-returns  2023-02-12  rows=307   total=13141
daily-returns  2023-02-13  rows=307   total=13448
daily-returns  2023-02-14  rows=307   total=13755
daily-returns  2023-02-15  rows=307   total=14062
daily-returns  2023-02-16  rows=307   total=14369
daily-returns  2023-02-17  rows=308   total=14677
daily-returns  2023-02-18  rows=308   total=14985
daily-returns  2023-02-19  rows=308   total=15293
daily-returns  2023-02-20  rows=308   total=15601
daily-returns  2023-02-21  rows=308   total=15909
daily-returns  2023-02-22  rows=308   total=16217
daily-returns  2023-02-23  rows=308   total=16525
daily-returns  2023-02-24  rows=308   total=16833
daily-returns  2023-02-25  rows=308   total=17141
daily-returns  2023-02-26  rows=308   total=17449
daily-returns  2023-02-27  rows=308   total=17757
daily-returns  2023-02-28  rows=308   total=18065
daily-returns  2023-03-01  rows=308   total=18373
daily-returns  2023-03-02  rows=308   total=18681
daily-returns  2023-03-03  rows=308   total=18989
daily-returns  2023-03-04  rows=308   total=19297
daily-returns  2023-03-05  rows=308   total=19605
daily-returns  2023-03-06  rows=308   total=19913
daily-returns  2023-03-07  rows=308   total=20221
daily-returns  2023-03-08  rows=308   total=20529
daily-returns  2023-03-09  rows=308   total=20837
daily-returns  2023-03-10  rows=308   total=21145
daily-returns  2023-03-11  rows=308   total=21453
daily-returns  2023-03-12  rows=308   total=21761
daily-returns  2023-03-13  rows=308   total=22069
daily-returns  2023-03-14  rows=310   total=22379
daily-returns  2023-03-15  rows=308   total=22687
daily-returns  2023-03-16  rows=308   total=22995
daily-returns  2023-03-17  rows=308   total=23303
daily-returns  2023-03-18  rows=308   total=23611
daily-returns  2023-03-19  rows=308   total=23919
daily-returns  2023-03-20  rows=308   total=24227
daily-returns  2023-03-21  rows=308   total=24535
daily-returns  2023-03-22  rows=308   total=24843
daily-returns  2023-03-23  rows=308   total=25151
daily-returns  2023-03-24  rows=308   total=25459
daily-returns  2023-03-25  rows=308   total=25767
daily-returns  2023-03-26  rows=308   total=26075
daily-returns  2023-03-27  rows=308   total=26383
daily-returns  2023-03-28  rows=308   total=26691
daily-returns  2023-03-29  rows=309   total=27000
daily-returns  2023-03-30  rows=309   total=27309
daily-returns  2023-03-31  rows=309   total=27618
daily-returns  2023-04-01  rows=312   total=27930
daily-returns  2023-04-02  rows=312   total=28242
daily-returns  2023-04-03  rows=312   total=28554
daily-returns  2023-04-04  rows=312   total=28866
daily-returns  2023-04-05  rows=312   total=29178
daily-returns  2023-04-06  rows=312   total=29490
daily-returns  2023-04-07  rows=312   total=29802
daily-returns  2023-04-08  rows=312   total=30114
daily-returns  2023-04-09  rows=312   total=30426
daily-returns  2023-04-10  rows=312   total=30738
daily-returns  2023-04-11  rows=312   total=31050
daily-returns  2023-04-12  rows=312   total=31362
daily-returns  2023-04-13  rows=313   total=31675
daily-returns  2023-04-14  rows=312   total=31987
daily-returns  2023-04-15  rows=313   total=32300
daily-returns  2023-04-16  rows=313   total=32613
daily-returns  2023-04-17  rows=313   total=32926
daily-returns  2023-04-18  rows=313   total=33239
daily-returns  2023-04-19  rows=313   total=33552
daily-returns  2023-04-20  rows=313   total=33865
daily-returns  2023-04-21  rows=313   total=34178
daily-returns  2023-04-22  rows=313   total=34491
daily-returns  2023-04-23  rows=313   total=34804
daily-returns  2023-04-24  rows=313   total=35117
daily-returns  2023-04-25  rows=313   total=35430
daily-returns  2023-04-26  rows=313   total=35743
daily-returns  2023-04-27  rows=313   total=36056
daily-returns  2023-04-28  rows=313   total=36369
daily-returns  2023-04-29  rows=313   total=36682
daily-returns  2023-04-30  rows=313   total=36995
daily-returns  2023-05-01  rows=313   total=37308
daily-returns  2023-05-02  rows=313   total=37621
daily-returns  2023-05-03  rows=313   total=37934
daily-returns  2023-05-04  rows=313   total=38247
daily-returns  2023-05-05  rows=313   total=38560
daily-returns  2023-05-06  rows=313   total=38873
daily-returns  2023-05-07  rows=313   total=39186
daily-returns  2023-05-08  rows=313   total=39499
daily-returns  2023-05-09  rows=313   total=39812
daily-returns  2023-05-10  rows=314   total=40126
daily-returns  2023-05-11  rows=314   total=40440
daily-returns  2023-05-12  rows=314   total=40754
daily-returns  2023-05-13  rows=314   total=41068
daily-returns  2023-05-14  rows=314   total=41382
daily-returns  2023-05-15  rows=314   total=41696
daily-returns  2023-05-16  rows=314   total=42010
daily-returns  2023-05-17  rows=314   total=42324
daily-returns  2023-05-18  rows=314   total=42638
daily-returns  2023-05-19  rows=314   total=42952
daily-returns  2023-05-20  rows=314   total=43266
daily-returns  2023-05-21  rows=314   total=43580
daily-returns  2023-05-22  rows=314   total=43894
daily-returns  2023-05-23  rows=315   total=44209
daily-returns  2023-05-24  rows=315   total=44524
daily-returns  2023-05-25  rows=315   total=44839
daily-returns  2023-05-26  rows=315   total=45154
daily-returns  2023-05-27  rows=315   total=45469
daily-returns  2023-05-28  rows=315   total=45784
daily-returns  2023-05-29  rows=316   total=46100
daily-returns  2023-05-30  rows=316   total=46416
daily-returns  2023-05-31  rows=316   total=46732
daily-returns  2023-06-01  rows=316   total=47048
daily-returns  2023-06-02  rows=316   total=47364
daily-returns  2023-06-03  rows=316   total=47680
daily-returns  2023-06-04  rows=316   total=47996
daily-returns  2023-06-05  rows=316   total=48312
daily-returns  2023-06-06  rows=316   total=48628
daily-returns  2023-06-07  rows=316   total=48944
daily-returns  2023-06-08  rows=316   total=49260
daily-returns  2023-06-09  rows=316   total=49576
daily-returns  2023-06-10  rows=316   total=49892
daily-returns  2023-06-11  rows=316   total=50208
daily-returns  2023-06-12  rows=316   total=50524
daily-returns  2023-06-13  rows=316   total=50840
daily-returns  2023-06-14  rows=316   total=51156
daily-returns  2023-06-15  rows=316   total=51472
daily-returns  2023-06-16  rows=316   total=51788
daily-returns  2023-06-17  rows=316   total=52104
daily-returns  2023-06-18  rows=316   total=52420
daily-returns  2023-06-19  rows=316   total=52736
daily-returns  2023-06-20  rows=317   total=53053
daily-returns  2023-06-21  rows=317   total=53370
daily-returns  2023-06-22  rows=317   total=53687
daily-returns  2023-06-23  rows=317   total=54004
daily-returns  2023-06-24  rows=317   total=54321
daily-returns  2023-06-25  rows=317   total=54638
daily-returns  2023-06-26  rows=317   total=54955
daily-returns  2023-06-27  rows=317   total=55272
daily-returns  2023-06-28  rows=317   total=55589
daily-returns  2023-06-29  rows=317   total=55906
daily-returns  2023-06-30  rows=317   total=56223
daily-returns  2023-07-01  rows=317   total=56540
daily-returns  2023-07-02  rows=317   total=56857
daily-returns  2023-07-03  rows=317   total=57174
daily-returns  2023-07-04  rows=317   total=57491
daily-returns  2023-07-05  rows=317   total=57808
daily-returns  2023-07-06  rows=317   total=58125
daily-returns  2023-07-07  rows=317   total=58442
daily-returns  2023-07-08  rows=317   total=58759
daily-returns  2023-07-09  rows=317   total=59076
daily-returns  2023-07-10  rows=317   total=59393
daily-returns  2023-07-11  rows=317   total=59710
daily-returns  2023-07-12  rows=317   total=60027
daily-returns  2023-07-13  rows=318   total=60345
daily-returns  2023-07-14  rows=318   total=60663
daily-returns  2023-07-15  rows=318   total=60981
daily-returns  2023-07-16  rows=318   total=61299
daily-returns  2023-07-17  rows=318   total=61617
daily-returns  2023-07-18  rows=318   total=61935
daily-returns  2023-07-19  rows=318   total=62253
daily-returns  2023-07-20  rows=318   total=62571
daily-returns  2023-07-21  rows=318   total=62889
daily-returns  2023-07-22  rows=318   total=63207
daily-returns  2023-07-23  rows=318   total=63525
daily-returns  2023-07-24  rows=318   total=63843
daily-returns  2023-07-25  rows=319   total=64162
daily-returns  2023-07-26  rows=319   total=64481
daily-returns  2023-07-27  rows=319   total=64800
daily-returns  2023-07-28  rows=319   total=65119
daily-returns  2023-07-29  rows=319   total=65438
daily-returns  2023-07-30  rows=319   total=65757
daily-returns  2023-07-31  rows=319   total=66076
daily-returns  2023-08-01  rows=320   total=66396
daily-returns  2023-08-02  rows=321   total=66717
daily-returns  2023-08-03  rows=321   total=67038
daily-returns  2023-08-04  rows=321   total=67359
daily-returns  2023-08-05  rows=321   total=67680
daily-returns  2023-08-06  rows=321   total=68001
daily-returns  2023-08-07  rows=321   total=68322
daily-returns  2023-08-08  rows=321   total=68643
daily-returns  2023-08-10  rows=321   total=68964
daily-returns  2023-08-11  rows=321   total=69285
daily-returns  2023-08-12  rows=321   total=69606
daily-returns  2023-08-13  rows=321   total=69927
daily-returns  2023-08-14  rows=321   total=70248
daily-returns  2023-08-15  rows=321   total=70569
daily-returns  2023-08-16  rows=321   total=70890
daily-returns  2023-08-17  rows=321   total=71211
daily-returns  2023-08-18  rows=324   total=71535
daily-returns  2023-08-19  rows=324   total=71859
daily-returns  2023-08-20  rows=324   total=72183
daily-returns  2023-08-21  rows=325   total=72508
daily-returns  2023-08-22  rows=325   total=72833
daily-returns  2023-08-23  rows=325   total=73158
daily-returns  2023-08-24  rows=325   total=73483
daily-returns  2023-08-25  rows=325   total=73808
daily-returns  2023-08-26  rows=325   total=74133
daily-returns  2023-08-27  rows=325   total=74458
daily-returns  2023-08-28  rows=325   total=74783
daily-returns  2023-08-29  rows=326   total=75109
daily-returns  2023-08-30  rows=326   total=75435
daily-returns  2023-08-31  rows=326   total=75761
daily-returns  2023-09-01  rows=326   total=76087
daily-returns  2023-09-02  rows=326   total=76413
daily-returns  2023-09-03  rows=326   total=76739
daily-returns  2023-09-04  rows=325   total=77064
daily-returns  2023-09-05  rows=326   total=77390
daily-returns  2023-09-06  rows=326   total=77716
daily-returns  2023-09-07  rows=326   total=78042
daily-returns  2023-09-08  rows=326   total=78368
daily-returns  2023-09-09  rows=326   total=78694
daily-returns  2023-09-10  rows=326   total=79020
daily-returns  2023-09-11  rows=326   total=79346
daily-returns  2023-09-12  rows=326   total=79672
daily-returns  2023-09-13  rows=326   total=79998
daily-returns  2023-09-14  rows=326   total=80324
daily-returns  2023-09-15  rows=326   total=80650
daily-returns  2023-09-16  rows=326   total=80976
daily-returns  2023-09-17  rows=326   total=81302
daily-returns  2023-09-18  rows=326   total=81628
daily-returns  2023-09-19  rows=326   total=81954
daily-returns  2023-09-20  rows=326   total=82280
daily-returns  2023-09-21  rows=326   total=82606
daily-returns  2023-09-22  rows=326   total=82932
daily-returns  2023-09-23  rows=326   total=83258
daily-returns  2023-09-24  rows=326   total=83584
daily-returns  2023-09-25  rows=326   total=83910
daily-returns  2023-09-26  rows=327   total=84237
daily-returns  2023-09-27  rows=327   total=84564
daily-returns  2023-09-28  rows=327   total=84891
daily-returns  2023-09-29  rows=327   total=85218
daily-returns  2023-09-30  rows=327   total=85545
daily-returns  2023-10-01  rows=327   total=85872
daily-returns  2023-10-02  rows=327   total=86199
daily-returns  2023-10-03  rows=327   total=86526
daily-returns  2023-10-04  rows=327   total=86853
daily-returns  2023-10-05  rows=327   total=87180
daily-returns  2023-10-06  rows=327   total=87507
daily-returns  2023-10-07  rows=321   total=87828
daily-returns  2023-10-08  rows=321   total=88149
daily-returns  2023-10-09  rows=327   total=88476
daily-returns  2023-10-10  rows=327   total=88803
daily-returns  2023-10-11  rows=327   total=89130
daily-returns  2023-10-12  rows=327   total=89457
daily-returns  2023-10-13  rows=327   total=89784
daily-returns  2023-10-14  rows=327   total=90111
daily-returns  2023-10-15  rows=327   total=90438
daily-returns  2023-10-16  rows=327   total=90765
daily-returns  2023-10-17  rows=327   total=91092
daily-returns  2023-10-18  rows=327   total=91419
daily-returns  2023-10-19  rows=328   total=91747
daily-returns  2023-10-20  rows=328   total=92075
daily-returns  2023-10-21  rows=328   total=92403
daily-returns  2023-10-22  rows=328   total=92731
daily-returns  2023-10-23  rows=328   total=93059
daily-returns  2023-10-24  rows=328   total=93387
daily-returns  2023-10-25  rows=327   total=93714
daily-returns  2023-10-26  rows=327   total=94041
daily-returns  2023-10-27  rows=328   total=94369
daily-returns  2023-10-28  rows=327   total=94696
daily-returns  2023-10-29  rows=328   total=95024
daily-returns  2023-10-30  rows=328   total=95352
daily-returns  2023-10-31  rows=328   total=95680
daily-returns  2023-11-01  rows=327   total=96007
daily-returns  2023-11-02  rows=328   total=96335
daily-returns  2023-11-03  rows=328   total=96663
daily-returns  2023-11-04  rows=327   total=96990
daily-returns  2023-11-05  rows=328   total=97318
daily-returns  2023-11-06  rows=328   total=97646
daily-returns  2023-11-07  rows=328   total=97974
daily-returns  2023-11-08  rows=328   total=98302
daily-returns  2023-11-09  rows=328   total=98630
daily-returns  2023-11-10  rows=328   total=98958
daily-returns  2023-11-11  rows=328   total=99286
daily-returns  2023-11-12  rows=328   total=99614
daily-returns  2023-11-13  rows=328   total=99942
daily-returns  2023-11-14  rows=328   total=100270
daily-returns  2023-11-15  rows=328   total=100598
daily-returns  2023-11-16  rows=329   total=100927
daily-returns  2023-11-17  rows=329   total=101256
daily-returns  2023-11-18  rows=328   total=101584
daily-returns  2023-11-19  rows=329   total=101913
daily-returns  2023-11-20  rows=329   total=102242
daily-returns  2023-11-21  rows=329   total=102571
daily-returns  2023-11-22  rows=329   total=102900
daily-returns  2023-11-23  rows=329   total=103229
daily-returns  2023-11-24  rows=329   total=103558
daily-returns  2023-11-25  rows=329   total=103887
daily-returns  2023-11-26  rows=329   total=104216
daily-returns  2023-11-27  rows=329   total=104545
daily-returns  2023-11-28  rows=329   total=104874
daily-returns  2023-11-29  rows=329   total=105203
daily-returns  2023-11-30  rows=329   total=105532
daily-returns  2023-12-01  rows=329   total=105861
daily-returns  2023-12-02  rows=329   total=106190
daily-returns  2023-12-03  rows=329   total=106519
daily-returns  2023-12-04  rows=329   total=106848
daily-returns  2023-12-05  rows=329   total=107177
daily-returns  2023-12-06  rows=329   total=107506
daily-returns  2023-12-07  rows=329   total=107835
daily-returns  2023-12-08  rows=323   total=108158
daily-returns  2023-12-09  rows=329   total=108487
daily-returns  2023-12-10  rows=329   total=108816
daily-returns  2023-12-11  rows=329   total=109145
daily-returns  2023-12-12  rows=329   total=109474
daily-returns  2023-12-13  rows=333   total=109807
daily-returns  2023-12-14  rows=346   total=110153
daily-returns  2023-12-15  rows=346   total=110499
daily-returns  2023-12-16  rows=346   total=110845
daily-returns  2023-12-17  rows=345   total=111190
daily-returns  2023-12-18  rows=346   total=111536
daily-returns  2023-12-19  rows=346   total=111882
daily-returns  2023-12-20  rows=347   total=112229
daily-returns  2023-12-21  rows=347   total=112576
daily-returns  2023-12-22  rows=347   total=112923
daily-returns  2023-12-23  rows=348   total=113271
daily-returns  2023-12-24  rows=348   total=113619
daily-returns  2023-12-25  rows=348   total=113967
daily-returns  2023-12-26  rows=348   total=114315
daily-returns  2023-12-27  rows=347   total=114662
daily-returns  2023-12-28  rows=348   total=115010
daily-returns  2023-12-29  rows=348   total=115358
daily-returns  2023-12-30  rows=348   total=115706
daily-returns  2023-12-31  rows=347   total=116053
  in_range=365 attempted=365 stored=364 skipped=0 errors=1
  end 00:58:15
=== 2024 (2024-01-01 .. 2024-12-31) start 00:58:15 ===
daily-returns  2024-01-01  rows=348   total=348
daily-returns  2024-01-02  rows=348   total=696
daily-returns  2024-01-03  rows=350   total=1046
daily-returns  2024-01-04  rows=350   total=1396
daily-returns  2024-01-05  rows=350   total=1746
daily-returns  2024-01-06  rows=350   total=2096
daily-returns  2024-01-07  rows=350   total=2446
daily-returns  2024-01-08  rows=351   total=2797
daily-returns  2024-01-09  rows=351   total=3148
daily-returns  2024-01-10  rows=352   total=3500
daily-returns  2024-01-11  rows=352   total=3852
daily-returns  2024-01-12  rows=352   total=4204
daily-returns  2024-01-13  rows=352   total=4556
daily-returns  2024-01-14  rows=352   total=4908
daily-returns  2024-01-15  rows=352   total=5260
daily-returns  2024-01-16  rows=352   total=5612
daily-returns  2024-01-17  rows=352   total=5964
daily-returns  2024-01-18  rows=352   total=6316
daily-returns  2024-01-19  rows=353   total=6669
daily-returns  2024-01-20  rows=353   total=7022
daily-returns  2024-01-21  rows=353   total=7375
daily-returns  2024-01-22  rows=352   total=7727
daily-returns  2024-01-23  rows=353   total=8080
daily-returns  2024-01-24  rows=353   total=8433
daily-returns  2024-01-25  rows=353   total=8786
daily-returns  2024-01-26  rows=353   total=9139
daily-returns  2024-01-27  rows=353   total=9492
daily-returns  2024-01-28  rows=353   total=9845
daily-returns  2024-01-29  rows=353   total=10198
daily-returns  2024-01-30  rows=353   total=10551
daily-returns  2024-01-31  rows=353   total=10904
daily-returns  2024-02-01  rows=351   total=11255
daily-returns  2024-02-02  rows=353   total=11608
daily-returns  2024-02-03  rows=353   total=11961
daily-returns  2024-02-04  rows=353   total=12314
daily-returns  2024-02-05  rows=353   total=12667
daily-returns  2024-02-06  rows=353   total=13020
daily-returns  2024-02-07  rows=353   total=13373
daily-returns  2024-02-08  rows=353   total=13726
daily-returns  2024-02-09  rows=353   total=14079
daily-returns  2024-02-10  rows=353   total=14432
daily-returns  2024-02-11  rows=353   total=14785
daily-returns  2024-02-12  rows=352   total=15137
daily-returns  2024-02-13  rows=353   total=15490
daily-returns  2024-02-14  rows=349   total=15839
daily-returns  2024-02-15  rows=353   total=16192
daily-returns  2024-02-16  rows=353   total=16545
daily-returns  2024-02-17  rows=353   total=16898
daily-returns  2024-02-18  rows=353   total=17251
daily-returns  2024-02-19  rows=354   total=17605
daily-returns  2024-02-20  rows=354   total=17959
daily-returns  2024-02-21  rows=354   total=18313
daily-returns  2024-02-22  rows=354   total=18667
daily-returns  2024-02-23  rows=354   total=19021
daily-returns  2024-02-24  rows=354   total=19375
daily-returns  2024-02-25  rows=354   total=19729
daily-returns  2024-02-26  rows=353   total=20082
daily-returns  2024-02-27  rows=354   total=20436
daily-returns  2024-02-28  rows=354   total=20790
daily-returns  2024-02-29  rows=354   total=21144
daily-returns  2024-03-01  rows=354   total=21498
daily-returns  2024-03-02  rows=354   total=21852
daily-returns  2024-03-03  rows=354   total=22206
daily-returns  2024-03-04  rows=354   total=22560
daily-returns  2024-03-05  rows=354   total=22914
daily-returns  2024-03-06  rows=354   total=23268
daily-returns  2024-03-07  rows=354   total=23622
daily-returns  2024-03-08  rows=353   total=23975
daily-returns  2024-03-09  rows=327   total=24302
daily-returns  2024-03-10  rows=326   total=24628
daily-returns  2024-03-11  rows=337   total=24965
daily-returns  2024-03-12  rows=334   total=25299
daily-returns  2024-03-13  rows=334   total=25633
daily-returns  2024-03-14  rows=322   total=25955
daily-returns  2024-03-15  rows=335   total=26290
daily-returns  2024-03-16  rows=351   total=26641
daily-returns  2024-03-17  rows=352   total=26993
daily-returns  2024-03-18  rows=352   total=27345
daily-returns  2024-03-19  rows=356   total=27701
daily-returns  2024-03-20  rows=357   total=28058
daily-returns  2024-03-21  rows=357   total=28415
daily-returns  2024-03-22  rows=356   total=28771
daily-returns  2024-03-23  rows=357   total=29128
daily-returns  2024-03-24  rows=357   total=29485
daily-returns  2024-03-25  rows=356   total=29841
daily-returns  2024-03-26  rows=356   total=30197
daily-returns  2024-03-27  rows=356   total=30553
daily-returns  2024-03-28  rows=356   total=30909
daily-returns  2024-03-29  rows=356   total=31265
daily-returns  2024-03-30  rows=355   total=31620
daily-returns  2024-03-31  rows=356   total=31976
daily-returns  2024-04-01  rows=356   total=32332
daily-returns  2024-04-02  rows=356   total=32688
daily-returns  2024-04-03  rows=356   total=33044
daily-returns  2024-04-04  rows=356   total=33400
daily-returns  2024-04-05  rows=356   total=33756
daily-returns  2024-04-06  rows=355   total=34111
daily-returns  2024-04-07  rows=355   total=34466
daily-returns  2024-04-08  rows=355   total=34821
daily-returns  2024-04-09  rows=356   total=35177
daily-returns  2024-04-10  rows=356   total=35533
daily-returns  2024-04-11  rows=356   total=35889
daily-returns  2024-04-12  rows=356   total=36245
daily-returns  2024-04-13  rows=356   total=36601
daily-returns  2024-04-14  rows=356   total=36957
daily-returns  2024-04-15  rows=356   total=37313
daily-returns  2024-04-16  rows=356   total=37669
daily-returns  2024-04-17  rows=356   total=38025
daily-returns  2024-04-18  rows=356   total=38381
daily-returns  2024-04-19  rows=356   total=38737
daily-returns  2024-04-20  rows=356   total=39093
daily-returns  2024-04-21  rows=356   total=39449
daily-returns  2024-04-22  rows=357   total=39806
daily-returns  2024-04-23  rows=362   total=40168
daily-returns  2024-04-24  rows=359   total=40527
daily-returns  2024-04-25  rows=362   total=40889
daily-returns  2024-04-26  rows=361   total=41250
daily-returns  2024-04-27  rows=363   total=41613
daily-returns  2024-04-28  rows=360   total=41973
daily-returns  2024-04-29  rows=359   total=42332
daily-returns  2024-04-30  rows=360   total=42692
daily-returns  2024-05-01  rows=358   total=43050
daily-returns  2024-05-02  rows=360   total=43410
daily-returns  2024-05-03  rows=358   total=43768
daily-returns  2024-05-04  rows=361   total=44129
daily-returns  2024-05-05  rows=360   total=44489
daily-returns  2024-05-06  rows=360   total=44849
daily-returns  2024-05-07  rows=359   total=45208
daily-returns  2024-05-08  rows=359   total=45567
daily-returns  2024-05-09  rows=359   total=45926
daily-returns  2024-05-10  rows=359   total=46285
daily-returns  2024-05-11  rows=358   total=46643
daily-returns  2024-05-12  rows=359   total=47002
daily-returns  2024-05-13  rows=359   total=47361
daily-returns  2024-05-14  rows=360   total=47721
daily-returns  2024-05-15  rows=362   total=48083
daily-returns  2024-05-16  rows=360   total=48443
daily-returns  2024-05-17  rows=360   total=48803
daily-returns  2024-05-18  rows=360   total=49163
daily-returns  2024-05-19  rows=360   total=49523
daily-returns  2024-05-20  rows=360   total=49883
daily-returns  2024-05-21  rows=359   total=50242
daily-returns  2024-05-22  rows=359   total=50601
daily-returns  2024-05-23  rows=359   total=50960
daily-returns  2024-05-24  rows=359   total=51319
daily-returns  2024-05-25  rows=359   total=51678
daily-returns  2024-05-26  rows=359   total=52037
daily-returns  2024-05-27  rows=359   total=52396
daily-returns  2024-05-28  rows=359   total=52755
daily-returns  2024-05-29  rows=359   total=53114
daily-returns  2024-05-30  rows=358   total=53472
daily-returns  2024-05-31  rows=358   total=53830
daily-returns  2024-06-01  rows=357   total=54187
daily-returns  2024-06-02  rows=357   total=54544
daily-returns  2024-06-03  rows=358   total=54902
daily-returns  2024-06-04  rows=357   total=55259
daily-returns  2024-06-05  rows=336   total=55595
daily-returns  2024-06-06  rows=340   total=55935
daily-returns  2024-06-07  rows=341   total=56276
daily-returns  2024-06-08  rows=357   total=56633
daily-returns  2024-06-09  rows=358   total=56991
daily-returns  2024-06-10  rows=360   total=57351
daily-returns  2024-06-11  rows=360   total=57711
daily-returns  2024-06-12  rows=361   total=58072
daily-returns  2024-06-13  rows=358   total=58430
daily-returns  2024-06-14  rows=351   total=58781
daily-returns  2024-06-15  rows=324   total=59105
daily-returns  2024-06-16  rows=322   total=59427
daily-returns  2024-06-17  rows=322   total=59749
daily-returns  2024-06-18  rows=320   total=60069
daily-returns  2024-06-19  rows=316   total=60385
daily-returns  2024-06-20  rows=282   total=60667
daily-returns  2024-06-21  rows=349   total=61016
daily-returns  2024-06-22  rows=356   total=61372
daily-returns  2024-06-23  rows=355   total=61727
daily-returns  2024-06-24  rows=360   total=62087
daily-returns  2024-06-25  rows=359   total=62446
daily-returns  2024-06-26  rows=363   total=62809
daily-returns  2024-06-27  rows=362   total=63171
daily-returns  2024-06-28  rows=357   total=63528
daily-returns  2024-06-29  rows=357   total=63885
daily-returns  2024-06-30  rows=332   total=64217
daily-returns  2024-07-01  rows=356   total=64573
daily-returns  2024-07-02  rows=356   total=64929
daily-returns  2024-07-03  rows=361   total=65290
daily-returns  2024-07-04  rows=351   total=65641
daily-returns  2024-07-05  rows=351   total=65992
daily-returns  2024-07-06  rows=348   total=66340
daily-returns  2024-07-07  rows=344   total=66684
daily-returns  2024-07-08  rows=316   total=67000
daily-returns  2024-07-09  rows=165   total=67165
daily-returns  2024-07-10  rows=330   total=67495
daily-returns  2024-07-11  rows=356   total=67851
daily-returns  2024-07-12  rows=357   total=68208
daily-returns  2024-07-13  rows=361   total=68569
daily-returns  2024-07-14  rows=361   total=68930
daily-returns  2024-07-15  rows=352   total=69282
daily-returns  2024-07-16  rows=361   total=69643
daily-returns  2024-07-17  rows=360   total=70003
daily-returns  2024-07-18  rows=359   total=70362
daily-returns  2024-07-19  rows=359   total=70721
daily-returns  2024-07-20  rows=360   total=71081
daily-returns  2024-07-21  rows=363   total=71444
daily-returns  2024-07-22  rows=362   total=71806
daily-returns  2024-07-23  rows=362   total=72168
daily-returns  2024-07-24  rows=362   total=72530
daily-returns  2024-07-25  rows=356   total=72886
daily-returns  2024-07-26  rows=362   total=73248
daily-returns  2024-07-27  rows=363   total=73611
daily-returns  2024-07-28  rows=360   total=73971
daily-returns  2024-07-29  rows=361   total=74332
daily-returns  2024-07-30  rows=360   total=74692
daily-returns  2024-07-31  rows=367   total=75059
daily-returns  2024-08-01  rows=362   total=75421
daily-returns  2024-08-02  rows=360   total=75781
daily-returns  2024-08-03  rows=368   total=76149
daily-returns  2024-08-04  rows=361   total=76510
daily-returns  2024-08-05  rows=362   total=76872
daily-returns  2024-08-06  rows=361   total=77233
daily-returns  2024-08-07  rows=360   total=77593
daily-returns  2024-08-08  rows=364   total=77957
daily-returns  2024-08-09  rows=351   total=78308
daily-returns  2024-08-10  rows=364   total=78672
daily-returns  2024-08-11  rows=362   total=79034
daily-returns  2024-08-12  rows=368   total=79402
daily-returns  2024-08-13  rows=359   total=79761
daily-returns  2024-08-14  rows=361   total=80122
daily-returns  2024-08-15  rows=364   total=80486
daily-returns  2024-08-16  rows=363   total=80849
daily-returns  2024-08-17  rows=364   total=81213
daily-returns  2024-08-18  rows=362   total=81575
daily-returns  2024-08-19  rows=366   total=81941
daily-returns  2024-08-20  rows=363   total=82304
daily-returns  2024-08-21  rows=365   total=82669
daily-returns  2024-08-22  rows=367   total=83036
daily-returns  2024-08-23  rows=369   total=83405
daily-returns  2024-08-24  rows=351   total=83756
daily-returns  2024-08-25  rows=344   total=84100
daily-returns  2024-08-26  rows=333   total=84433
daily-returns  2024-08-27  rows=349   total=84782
daily-returns  2024-08-28  rows=270   total=85052
daily-returns  2024-08-29  rows=368   total=85420
daily-returns  2024-08-30  rows=380   total=85800
daily-returns  2024-08-31  rows=372   total=86172
daily-returns  2024-09-01  rows=375   total=86547
daily-returns  2024-09-02  rows=379   total=86926
daily-returns  2024-09-03  rows=369   total=87295
daily-returns  2024-09-04  rows=385   total=87680
daily-returns  2024-09-05  rows=371   total=88051
daily-returns  2024-09-06  rows=370   total=88421
daily-returns  2024-09-07  rows=320   total=88741
daily-returns  2024-09-08  rows=316   total=89057
daily-returns  2024-09-09  rows=263   total=89320
daily-returns  2024-09-10  rows=113   total=89433
daily-returns  2024-09-11  rows=175   total=89608
daily-returns  2024-09-12  rows=357   total=89965
daily-returns  2024-09-13  rows=383   total=90348
daily-returns  2024-09-14  rows=346   total=90694
daily-returns  2024-09-15  rows=349   total=91043
daily-returns  2024-09-16  rows=275   total=91318
daily-returns  2024-09-17  rows=338   total=91656
daily-returns  2024-09-18  rows=362   total=92018
daily-returns  2024-09-19  rows=366   total=92384
daily-returns  2024-09-20  rows=365   total=92749
daily-returns  2024-09-21  rows=371   total=93120
daily-returns  2024-09-22  rows=367   total=93487
daily-returns  2024-09-23  rows=372   total=93859
daily-returns  2024-09-24  rows=366   total=94225
daily-returns  2024-09-25  rows=367   total=94592
daily-returns  2024-09-26  rows=368   total=94960
daily-returns  2024-09-27  rows=366   total=95326
daily-returns  2024-09-28  rows=352   total=95678
daily-returns  2024-09-29  rows=354   total=96032
daily-returns  2024-09-30  rows=353   total=96385
daily-returns  2024-10-01  rows=360   total=96745
daily-returns  2024-10-02  rows=369   total=97114
daily-returns  2024-10-03  rows=361   total=97475
daily-returns  2024-10-04  rows=358   total=97833
daily-returns  2024-10-05  rows=365   total=98198
daily-returns  2024-10-06  rows=363   total=98561
daily-returns  2024-10-07  rows=368   total=98929
daily-returns  2024-10-08  rows=367   total=99296
daily-returns  2024-10-09  rows=377   total=99673
daily-returns  2024-10-10  rows=370   total=100043
daily-returns  2024-10-11  rows=370   total=100413
daily-returns  2024-10-12  rows=371   total=100784
daily-returns  2024-10-13  rows=367   total=101151
daily-returns  2024-10-14  rows=368   total=101519
daily-returns  2024-10-15  rows=372   total=101891
daily-returns  2024-10-16  rows=366   total=102257
daily-returns  2024-10-17  rows=361   total=102618
daily-returns  2024-10-18  rows=359   total=102977
daily-returns  2024-10-19  rows=346   total=103323
daily-returns  2024-10-20  rows=348   total=103671
daily-returns  2024-10-21  rows=302   total=103973
daily-returns  2024-10-22  rows=361   total=104334
daily-returns  2024-10-23  rows=372   total=104706
daily-returns  2024-10-24  rows=347   total=105053
daily-returns  2024-10-25  rows=368   total=105421
daily-returns  2024-10-26  rows=367   total=105788
daily-returns  2024-10-27  rows=364   total=106152
daily-returns  2024-10-28  rows=374   total=106526
daily-returns  2024-10-29  rows=372   total=106898
daily-returns  2024-10-30  rows=370   total=107268
daily-returns  2024-10-31  rows=345   total=107613
daily-returns  2024-11-01  rows=368   total=107981
daily-returns  2024-11-02  rows=372   total=108353
daily-returns  2024-11-03  rows=371   total=108724
daily-returns  2024-11-04  rows=373   total=109097
daily-returns  2024-11-05  rows=371   total=109468
daily-returns  2024-11-06  rows=370   total=109838
daily-returns  2024-11-07  rows=379   total=110217
daily-returns  2024-11-08  rows=373   total=110590
daily-returns  2024-11-09  rows=372   total=110962
daily-returns  2024-11-10  rows=372   total=111334
daily-returns  2024-11-11  rows=370   total=111704
daily-returns  2024-11-12  rows=370   total=112074
daily-returns  2024-11-13  rows=382   total=112456
daily-returns  2024-11-14  rows=371   total=112827
daily-returns  2024-11-15  rows=375   total=113202
daily-returns  2024-11-16  rows=368   total=113570
daily-returns  2024-11-17  rows=376   total=113946
daily-returns  2024-11-18  rows=373   total=114319
daily-returns  2024-11-19  rows=375   total=114694
daily-returns  2024-11-20  rows=371   total=115065
daily-returns  2024-11-21  rows=375   total=115440
daily-returns  2024-11-22  rows=361   total=115801
daily-returns  2024-11-23  rows=360   total=116161
daily-returns  2024-11-24  rows=359   total=116520
daily-returns  2024-11-25  rows=372   total=116892
daily-returns  2024-11-26  rows=372   total=117264
daily-returns  2024-11-27  rows=370   total=117634
daily-returns  2024-11-28  rows=370   total=118004
daily-returns  2024-11-29  rows=375   total=118379
daily-returns  2024-11-30  rows=344   total=118723
daily-returns  2024-12-01  rows=356   total=119079
daily-returns  2024-12-02  rows=363   total=119442
daily-returns  2024-12-03  rows=372   total=119814
daily-returns  2024-12-04  rows=373   total=120187
daily-returns  2024-12-05  rows=343   total=120530
daily-returns  2024-12-06  rows=342   total=120872
daily-returns  2024-12-07  rows=346   total=121218
daily-returns  2024-12-08  rows=316   total=121534
daily-returns  2024-12-09  rows=282   total=121816
daily-returns  2024-12-10  rows=348   total=122164
daily-returns  2024-12-11  rows=374   total=122538
daily-returns  2024-12-12  rows=365   total=122903
daily-returns  2024-12-13  rows=373   total=123276
daily-returns  2024-12-14  rows=376   total=123652
daily-returns  2024-12-15  rows=373   total=124025
daily-returns  2024-12-16  rows=378   total=124403
daily-returns  2024-12-17  rows=364   total=124767
daily-returns  2024-12-18  rows=370   total=125137
daily-returns  2024-12-19  rows=371   total=125508
daily-returns  2024-12-20  rows=367   total=125875
daily-returns  2024-12-21  rows=335   total=126210
daily-returns  2024-12-22  rows=330   total=126540
daily-returns  2024-12-23  rows=256   total=126796
daily-returns  2024-12-24  rows=353   total=127149
daily-returns  2024-12-25  rows=375   total=127524
daily-returns  2024-12-26  rows=376   total=127900
daily-returns  2024-12-27  rows=308   total=128208
daily-returns  2024-12-28  rows=298   total=128506
daily-returns  2024-12-29  rows=268   total=128774
daily-returns  2024-12-30  rows=276   total=129050
daily-returns  2024-12-31  rows=313   total=129363
  in_range=366 attempted=366 stored=366 skipped=0 errors=0
  end 01:17:16
=== 2025 (2025-01-01 .. 2025-12-31) start 01:17:16 ===
daily-returns  2025-01-01  rows=345   total=345
daily-returns  2025-01-02  rows=354   total=699
daily-returns  2025-01-03  rows=345   total=1044
daily-returns  2025-01-04  rows=363   total=1407
daily-returns  2025-01-05  rows=348   total=1755
daily-returns  2025-01-06  rows=299   total=2054
daily-returns  2025-01-07  rows=325   total=2379
daily-returns  2025-01-08  rows=359   total=2738
daily-returns  2025-01-09  rows=356   total=3094
daily-returns  2025-01-10  rows=360   total=3454
daily-returns  2025-01-11  rows=362   total=3816
daily-returns  2025-01-12  rows=357   total=4173
daily-returns  2025-01-13  rows=272   total=4445
daily-returns  2025-01-14  rows=358   total=4803
daily-returns  2025-01-15  rows=380   total=5183
daily-returns  2025-01-16  rows=367   total=5550
daily-returns  2025-01-17  rows=364   total=5914
daily-returns  2025-01-18  rows=371   total=6285
daily-returns  2025-01-19  rows=350   total=6635
daily-returns  2025-01-20  rows=371   total=7006
daily-returns  2025-01-21  rows=378   total=7384
daily-returns  2025-01-22  rows=369   total=7753
daily-returns  2025-01-23  rows=363   total=8116
daily-returns  2025-01-24  rows=374   total=8490
daily-returns  2025-01-25  rows=374   total=8864
daily-returns  2025-01-26  rows=376   total=9240
daily-returns  2025-01-27  rows=369   total=9609
daily-returns  2025-01-28  rows=372   total=9981
daily-returns  2025-01-29  rows=372   total=10353
daily-returns  2025-01-30  rows=369   total=10722
daily-returns  2025-01-31  rows=344   total=11066
daily-returns  2025-02-01  rows=350   total=11416
daily-returns  2025-02-02  rows=358   total=11774
daily-returns  2025-02-03  rows=359   total=12133
daily-returns  2025-02-04  rows=370   total=12503
daily-returns  2025-02-05  rows=367   total=12870
daily-returns  2025-02-06  rows=369   total=13239
daily-returns  2025-02-07  rows=359   total=13598
daily-returns  2025-02-08  rows=359   total=13957
daily-returns  2025-02-09  rows=357   total=14314
daily-returns  2025-02-10  rows=348   total=14662
daily-returns  2025-02-11  rows=346   total=15008
daily-returns  2025-02-12  rows=333   total=15341
daily-returns  2025-02-13  rows=363   total=15704
daily-returns  2025-02-14  rows=363   total=16067
daily-returns  2025-02-15  rows=353   total=16420
daily-returns  2025-02-16  rows=354   total=16774
daily-returns  2025-02-17  rows=323   total=17097
daily-returns  2025-02-18  rows=335   total=17432
daily-returns  2025-02-19  rows=353   total=17785
daily-returns  2025-02-20  rows=360   total=18145
daily-returns  2025-02-21  rows=315   total=18460
daily-returns  2025-02-22  rows=347   total=18807
daily-returns  2025-02-23  rows=363   total=19170
daily-returns  2025-02-24  rows=344   total=19514
daily-returns  2025-02-25  rows=336   total=19850
daily-returns  2025-02-26  rows=350   total=20200
daily-returns  2025-02-27  rows=363   total=20563
daily-returns  2025-02-28  rows=352   total=20915
daily-returns  2025-03-01  rows=351   total=21266
daily-returns  2025-03-02  rows=355   total=21621
daily-returns  2025-03-03  rows=353   total=21974
daily-returns  2025-03-04  rows=365   total=22339
daily-returns  2025-03-05  rows=357   total=22696
daily-returns  2025-03-06  rows=364   total=23060
daily-returns  2025-03-07  rows=345   total=23405
daily-returns  2025-03-08  rows=331   total=23736
daily-returns  2025-03-09  rows=349   total=24085
daily-returns  2025-03-10  rows=341   total=24426
daily-returns  2025-03-11  rows=362   total=24788
daily-returns  2025-03-12  rows=366   total=25154
daily-returns  2025-03-13  rows=370   total=25524
daily-returns  2025-03-14  rows=361   total=25885
daily-returns  2025-03-15  rows=342   total=26227
daily-returns  2025-03-16  rows=322   total=26549
daily-returns  2025-03-17  rows=344   total=26893
daily-returns  2025-03-18  rows=343   total=27236
daily-returns  2025-03-19  rows=360   total=27596
daily-returns  2025-03-20  rows=370   total=27966
daily-returns  2025-03-21  rows=370   total=28336
daily-returns  2025-03-22  rows=362   total=28698
daily-returns  2025-03-23  rows=347   total=29045
daily-returns  2025-03-24  rows=366   total=29411
daily-returns  2025-03-25  rows=357   total=29768
daily-returns  2025-03-26  rows=373   total=30141
daily-returns  2025-03-27  rows=376   total=30517
daily-returns  2025-03-28  rows=358   total=30875
daily-returns  2025-03-29  rows=376   total=31251
daily-returns  2025-03-30  rows=376   total=31627
daily-returns  2025-03-31  rows=382   total=32009
daily-returns  2025-04-01  rows=383   total=32392
daily-returns  2025-04-02  rows=382   total=32774
daily-returns  2025-04-03  rows=381   total=33155
daily-returns  2025-04-04  rows=381   total=33536
daily-returns  2025-04-05  rows=382   total=33918
daily-returns  2025-04-06  rows=382   total=34300
daily-returns  2025-04-07  rows=386   total=34686
daily-returns  2025-04-08  rows=383   total=35069
daily-returns  2025-04-09  rows=385   total=35454
daily-returns  2025-04-10  rows=385   total=35839
daily-returns  2025-04-11  rows=384   total=36223
daily-returns  2025-04-12  rows=384   total=36607
daily-returns  2025-04-13  rows=390   total=36997
daily-returns  2025-04-14  rows=385   total=37382
daily-returns  2025-04-15  rows=384   total=37766
daily-returns  2025-04-16  rows=384   total=38150
daily-returns  2025-04-17  rows=386   total=38536
daily-returns  2025-04-18  rows=386   total=38922
daily-returns  2025-04-19  rows=386   total=39308
daily-returns  2025-04-20  rows=393   total=39701
daily-returns  2025-04-21  rows=390   total=40091
daily-returns  2025-04-22  rows=387   total=40478
daily-returns  2025-04-23  rows=386   total=40864
daily-returns  2025-04-24  rows=389   total=41253
daily-returns  2025-04-25  rows=389   total=41642
daily-returns  2025-04-26  rows=470   total=42112
daily-returns  2025-04-27  rows=508   total=42620
daily-returns  2025-04-28  rows=477   total=43097
daily-returns  2025-04-29  rows=397   total=43494
daily-returns  2025-04-30  rows=381   total=43875
daily-returns  2025-05-01  rows=361   total=44236
daily-returns  2025-05-02  rows=369   total=44605
daily-returns  2025-05-03  rows=372   total=44977
daily-returns  2025-05-04  rows=379   total=45356
daily-returns  2025-05-05  rows=379   total=45735
daily-returns  2025-05-06  rows=376   total=46111
daily-returns  2025-05-07  rows=389   total=46500
daily-returns  2025-05-08  rows=384   total=46884
daily-returns  2025-05-09  rows=393   total=47277
daily-returns  2025-05-10  rows=380   total=47657
daily-returns  2025-05-11  rows=380   total=48037
daily-returns  2025-05-12  rows=385   total=48422
daily-returns  2025-05-13  rows=386   total=48808
daily-returns  2025-05-14  rows=385   total=49193
daily-returns  2025-05-15  rows=386   total=49579
daily-returns  2025-05-16  rows=457   total=50036
daily-returns  2025-05-17  rows=399   total=50435
daily-returns  2025-05-18  rows=395   total=50830
daily-returns  2025-05-19  rows=397   total=51227
daily-returns  2025-05-20  rows=390   total=51617
daily-returns  2025-05-21  rows=388   total=52005
daily-returns  2025-05-22  rows=389   total=52394
daily-returns  2025-05-23  rows=389   total=52783
daily-returns  2025-05-24  rows=389   total=53172
daily-returns  2025-05-25  rows=388   total=53560
daily-returns  2025-05-26  rows=391   total=53951
daily-returns  2025-05-27  rows=393   total=54344
daily-returns  2025-05-28  rows=391   total=54735
daily-returns  2025-05-29  rows=392   total=55127
daily-returns  2025-05-30  rows=392   total=55519
daily-returns  2025-05-31  rows=393   total=55912
daily-returns  2025-06-01  rows=392   total=56304
daily-returns  2025-06-02  rows=396   total=56700
daily-returns  2025-06-03  rows=394   total=57094
daily-returns  2025-06-04  rows=393   total=57487
daily-returns  2025-06-05  rows=394   total=57881
daily-returns  2025-06-06  rows=393   total=58274
daily-returns  2025-06-07  rows=395   total=58669
daily-returns  2025-06-08  rows=393   total=59062
daily-returns  2025-06-09  rows=394   total=59456
daily-returns  2025-06-10  rows=393   total=59849
daily-returns  2025-06-11  rows=393   total=60242
daily-returns  2025-06-12  rows=394   total=60636
daily-returns  2025-06-13  rows=393   total=61029
daily-returns  2025-06-14  rows=394   total=61423
daily-returns  2025-06-15  rows=395   total=61818
daily-returns  2025-06-16  rows=393   total=62211
daily-returns  2025-06-17  rows=399   total=62610
daily-returns  2025-06-18  rows=393   total=63003
daily-returns  2025-06-19  rows=398   total=63401
daily-returns  2025-06-20  rows=398   total=63799
daily-returns  2025-06-21  rows=394   total=64193
daily-returns  2025-06-22  rows=396   total=64589
daily-returns  2025-06-23  rows=395   total=64984
daily-returns  2025-06-24  rows=395   total=65379
daily-returns  2025-06-25  rows=398   total=65777
daily-returns  2025-06-26  rows=396   total=66173
daily-returns  2025-06-27  rows=395   total=66568
daily-returns  2025-06-28  rows=396   total=66964
daily-returns  2025-06-29  rows=398   total=67362
daily-returns  2025-06-30  rows=397   total=67759
daily-returns  2025-07-01  rows=396   total=68155
daily-returns  2025-07-02  rows=394   total=68549
daily-returns  2025-07-03  rows=399   total=68948
daily-returns  2025-07-04  rows=397   total=69345
daily-returns  2025-07-05  rows=397   total=69742
daily-returns  2025-07-06  rows=415   total=70157
daily-returns  2025-07-07  rows=409   total=70566
daily-returns  2025-07-08  rows=397   total=70963
daily-returns  2025-07-09  rows=397   total=71360
daily-returns  2025-07-10  rows=396   total=71756
daily-returns  2025-07-11  rows=395   total=72151
daily-returns  2025-07-12  rows=395   total=72546
daily-returns  2025-07-13  rows=393   total=72939
daily-returns  2025-07-14  rows=397   total=73336
daily-returns  2025-07-15  rows=397   total=73733
daily-returns  2025-07-16  rows=397   total=74130
daily-returns  2025-07-17  rows=369   total=74499
daily-returns  2025-07-18  rows=386   total=74885
daily-returns  2025-07-19  rows=410   total=75295
daily-returns  2025-07-20  rows=398   total=75693
daily-returns  2025-07-21  rows=404   total=76097
daily-returns  2025-07-22  rows=401   total=76498
daily-returns  2025-07-23  rows=401   total=76899
daily-returns  2025-07-24  rows=402   total=77301
daily-returns  2025-07-25  rows=398   total=77699
daily-returns  2025-07-26  rows=402   total=78101
daily-returns  2025-07-27  rows=403   total=78504
daily-returns  2025-07-28  rows=374   total=78878
daily-returns  2025-07-29  rows=398   total=79276
daily-returns  2025-07-30  rows=402   total=79678
daily-returns  2025-07-31  rows=402   total=80080
daily-returns  2025-08-01  rows=374   total=80454
daily-returns  2025-08-02  rows=401   total=80855
daily-returns  2025-08-03  rows=401   total=81256
daily-returns  2025-08-04  rows=409   total=81665
daily-returns  2025-08-05  rows=402   total=82067
daily-returns  2025-08-06  rows=400   total=82467
daily-returns  2025-08-07  rows=365   total=82832
daily-returns  2025-08-08  rows=397   total=83229
daily-returns  2025-08-09  rows=403   total=83632
daily-returns  2025-08-10  rows=403   total=84035
daily-returns  2025-08-11  rows=362   total=84397
daily-returns  2025-08-12  rows=366   total=84763
daily-returns  2025-08-13  rows=366   total=85129
daily-returns  2025-08-14  rows=395   total=85524
daily-returns  2025-08-15  rows=385   total=85909
daily-returns  2025-08-16  rows=396   total=86305
daily-returns  2025-08-17  rows=402   total=86707
daily-returns  2025-08-18  rows=401   total=87108
daily-returns  2025-08-19  rows=398   total=87506
daily-returns  2025-08-20  rows=399   total=87905
daily-returns  2025-08-21  rows=404   total=88309
daily-returns  2025-08-22  rows=402   total=88711
daily-returns  2025-08-23  rows=403   total=89114
daily-returns  2025-08-24  rows=404   total=89518
daily-returns  2025-08-25  rows=404   total=89922
daily-returns  2025-08-26  rows=403   total=90325
daily-returns  2025-08-27  rows=403   total=90728
daily-returns  2025-08-28  rows=404   total=91132
daily-returns  2025-08-29  rows=401   total=91533
daily-returns  2025-08-30  rows=403   total=91936
daily-returns  2025-08-31  rows=405   total=92341
daily-returns  2025-09-01  rows=403   total=92744
daily-returns  2025-09-02  rows=402   total=93146
daily-returns  2025-09-03  rows=404   total=93550
daily-returns  2025-09-04  rows=405   total=93955
daily-returns  2025-09-05  rows=412   total=94367
daily-returns  2025-09-06  rows=406   total=94773
daily-returns  2025-09-07  rows=403   total=95176
daily-returns  2025-09-08  rows=405   total=95581
daily-returns  2025-09-09  rows=408   total=95989
daily-returns  2025-09-10  rows=409   total=96398
daily-returns  2025-09-11  rows=405   total=96803
daily-returns  2025-09-12  rows=405   total=97208
daily-returns  2025-09-13  rows=406   total=97614
daily-returns  2025-09-14  rows=403   total=98017
daily-returns  2025-09-15  rows=406   total=98423
daily-returns  2025-09-16  rows=405   total=98828
daily-returns  2025-09-17  rows=405   total=99233
daily-returns  2025-09-18  rows=399   total=99632
daily-returns  2025-09-19  rows=403   total=100035
daily-returns  2025-09-20  rows=404   total=100439
daily-returns  2025-09-21  rows=407   total=100846
daily-returns  2025-09-22  rows=407   total=101253
daily-returns  2025-09-23  rows=405   total=101658
daily-returns  2025-09-24  rows=408   total=102066
daily-returns  2025-09-25  rows=407   total=102473
daily-returns  2025-09-26  rows=410   total=102883
daily-returns  2025-09-27  rows=408   total=103291
daily-returns  2025-09-28  rows=406   total=103697
daily-returns  2025-09-29  rows=408   total=104105
daily-returns  2025-09-30  rows=395   total=104500
daily-returns  2025-10-01  rows=403   total=104903
daily-returns  2025-10-02  rows=409   total=105312
daily-returns  2025-10-03  rows=408   total=105720
daily-returns  2025-10-04  rows=408   total=106128
daily-returns  2025-10-05  rows=408   total=106536
daily-returns  2025-10-06  rows=412   total=106948
daily-returns  2025-10-07  rows=416   total=107364
daily-returns  2025-10-08  rows=379   total=107743
daily-returns  2025-10-09  rows=392   total=108135
daily-returns  2025-10-10  rows=374   total=108509
daily-returns  2025-10-11  rows=403   total=108912
daily-returns  2025-10-12  rows=407   total=109319
daily-returns  2025-10-13  rows=401   total=109720
daily-returns  2025-10-14  rows=375   total=110095
daily-returns  2025-10-15  rows=404   total=110499
daily-returns  2025-10-16  rows=408   total=110907
daily-returns  2025-10-17  rows=380   total=111287
daily-returns  2025-10-18  rows=404   total=111691
daily-returns  2025-10-19  rows=409   total=112100
daily-returns  2025-10-20  rows=409   total=112509
daily-returns  2025-10-21  rows=404   total=112913
daily-returns  2025-10-22  rows=409   total=113322
daily-returns  2025-10-23  rows=409   total=113731
daily-returns  2025-10-24  rows=409   total=114140
daily-returns  2025-10-25  rows=411   total=114551
daily-returns  2025-10-26  rows=411   total=114962
daily-returns  2025-10-27  rows=412   total=115374
daily-returns  2025-10-28  rows=416   total=115790
daily-returns  2025-10-29  rows=410   total=116200
daily-returns  2025-10-30  rows=410   total=116610
daily-returns  2025-10-31  rows=410   total=117020
daily-returns  2025-11-01  rows=421   total=117441
daily-returns  2025-11-02  rows=405   total=117846
daily-returns  2025-11-03  rows=406   total=118252
daily-returns  2025-11-04  rows=416   total=118668
daily-returns  2025-11-05  rows=411   total=119079
daily-returns  2025-11-06  rows=410   total=119489
daily-returns  2025-11-07  rows=408   total=119897
daily-returns  2025-11-08  rows=410   total=120307
daily-returns  2025-11-09  rows=413   total=120720
daily-returns  2025-11-10  rows=402   total=121122
daily-returns  2025-11-11  rows=411   total=121533
daily-returns  2025-11-12  rows=416   total=121949
daily-returns  2025-11-13  rows=415   total=122364
daily-returns  2025-11-14  rows=415   total=122779
daily-returns  2025-11-15  rows=414   total=123193
daily-returns  2025-11-16  rows=415   total=123608
daily-returns  2025-11-17  rows=408   total=124016
daily-returns  2025-11-18  rows=410   total=124426
daily-returns  2025-11-19  rows=415   total=124841
daily-returns  2025-11-20  rows=413   total=125254
daily-returns  2025-11-21  rows=417   total=125671
daily-returns  2025-11-22  rows=419   total=126090
daily-returns  2025-11-23  rows=416   total=126506
daily-returns  2025-11-24  rows=418   total=126924
daily-returns  2025-11-25  rows=421   total=127345
daily-returns  2025-11-26  rows=423   total=127768
daily-returns  2025-11-27  rows=424   total=128192
daily-returns  2025-11-28  rows=398   total=128590
daily-returns  2025-11-29  rows=429   total=129019
daily-returns  2025-11-30  rows=418   total=129437
daily-returns  2025-12-01  rows=424   total=129861
daily-returns  2025-12-02  rows=427   total=130288
daily-returns  2025-12-03  rows=425   total=130713
daily-returns  2025-12-04  rows=424   total=131137
daily-returns  2025-12-05  rows=424   total=131561
daily-returns  2025-12-06  rows=433   total=131994
daily-returns  2025-12-07  rows=427   total=132421
daily-returns  2025-12-08  rows=440   total=132861
daily-returns  2025-12-09  rows=434   total=133295
daily-returns  2025-12-10  rows=431   total=133726
daily-returns  2025-12-11  rows=429   total=134155
daily-returns  2025-12-12  rows=428   total=134583
daily-returns  2025-12-13  rows=430   total=135013
daily-returns  2025-12-14  rows=429   total=135442
daily-returns  2025-12-15  rows=425   total=135867
daily-returns  2025-12-16  rows=426   total=136293
daily-returns  2025-12-17  rows=406   total=136699
daily-returns  2025-12-18  rows=427   total=137126
daily-returns  2025-12-19  rows=437   total=137563
daily-returns  2025-12-20  rows=434   total=137997
daily-returns  2025-12-21  rows=431   total=138428
daily-returns  2025-12-22  rows=434   total=138862
daily-returns  2025-12-23  rows=433   total=139295
daily-returns  2025-12-24  rows=435   total=139730
daily-returns  2025-12-25  rows=439   total=140169
daily-returns  2025-12-26  rows=437   total=140606
daily-returns  2025-12-27  rows=439   total=141045
daily-returns  2025-12-28  rows=437   total=141482
daily-returns  2025-12-29  rows=428   total=141910
daily-returns  2025-12-30  rows=433   total=142343
daily-returns  2025-12-31  rows=439   total=142782
  in_range=365 attempted=365 stored=365 skipped=0 errors=0
  end 01:36:17
=== 2026 (2026-01-01 .. 2026-09-07) start 01:36:17 ===
daily-returns  2026-01-01  rows=439   total=439
daily-returns  2026-01-02  rows=439   total=878
daily-returns  2026-01-03  rows=440   total=1318
daily-returns  2026-01-04  rows=440   total=1758
daily-returns  2026-01-05  rows=442   total=2200
daily-returns  2026-01-06  rows=441   total=2641
daily-returns  2026-01-07  rows=439   total=3080
daily-returns  2026-01-08  rows=440   total=3520
daily-returns  2026-01-09  rows=438   total=3958
daily-returns  2026-01-10  rows=441   total=4399
daily-returns  2026-01-11  rows=439   total=4838
daily-returns  2026-01-12  rows=440   total=5278
daily-returns  2026-01-13  rows=442   total=5720
daily-returns  2026-01-14  rows=444   total=6164
daily-returns  2026-01-15  rows=444   total=6608
daily-returns  2026-01-16  rows=444   total=7052
daily-returns  2026-01-17  rows=448   total=7500
daily-returns  2026-01-18  rows=447   total=7947
daily-returns  2026-01-19  rows=445   total=8392
daily-returns  2026-01-20  rows=446   total=8838
daily-returns  2026-01-21  rows=446   total=9284
daily-returns  2026-01-22  rows=445   total=9729
daily-returns  2026-01-23  rows=447   total=10176
daily-returns  2026-01-24  rows=448   total=10624
daily-returns  2026-01-25  rows=449   total=11073
daily-returns  2026-01-26  rows=452   total=11525
daily-returns  2026-01-27  rows=448   total=11973
daily-returns  2026-01-28  rows=450   total=12423
daily-returns  2026-01-29  rows=448   total=12871
daily-returns  2026-01-30  rows=459   total=13330
daily-returns  2026-01-31  rows=451   total=13781
daily-returns  2026-02-01  rows=455   total=14236
daily-returns  2026-02-02  rows=451   total=14687
daily-returns  2026-02-03  rows=447   total=15134
daily-returns  2026-02-04  rows=450   total=15584
daily-returns  2026-02-05  rows=449   total=16033
daily-returns  2026-02-06  rows=456   total=16489
daily-returns  2026-02-07  rows=463   total=16952
daily-returns  2026-02-08  rows=447   total=17399
daily-returns  2026-02-09  rows=442   total=17841
daily-returns  2026-02-10  rows=451   total=18292
daily-returns  2026-02-11  rows=442   total=18734
daily-returns  2026-02-12  rows=449   total=19183
daily-returns  2026-02-13  rows=446   total=19629
daily-returns  2026-02-14  rows=467   total=20096
daily-returns  2026-02-15  rows=453   total=20549
daily-returns  2026-02-16  rows=461   total=21010
daily-returns  2026-02-17  rows=443   total=21453
daily-returns  2026-02-18  rows=449   total=21902
daily-returns  2026-02-19  rows=433   total=22335
daily-returns  2026-02-20  rows=448   total=22783
daily-returns  2026-02-21  rows=457   total=23240
daily-returns  2026-02-22  rows=455   total=23695
daily-returns  2026-02-23  rows=449   total=24144
daily-returns  2026-02-24  rows=443   total=24587
daily-returns  2026-02-25  rows=447   total=25034
daily-returns  2026-02-26  rows=450   total=25484
daily-returns  2026-02-27  rows=452   total=25936
daily-returns  2026-02-28  rows=451   total=26387
daily-returns  2026-03-01  rows=451   total=26838
daily-returns  2026-03-02  rows=450   total=27288
daily-returns  2026-03-03  rows=453   total=27741
daily-returns  2026-03-04  rows=456   total=28197
daily-returns  2026-03-05  rows=458   total=28655
daily-returns  2026-03-06  rows=440   total=29095
daily-returns  2026-03-07  rows=457   total=29552
daily-returns  2026-03-08  rows=450   total=30002
daily-returns  2026-03-09  rows=457   total=30459
daily-returns  2026-03-10  rows=458   total=30917
daily-returns  2026-03-11  rows=458   total=31375
daily-returns  2026-03-12  rows=462   total=31837
daily-returns  2026-03-13  rows=461   total=32298
daily-returns  2026-03-14  rows=460   total=32758
daily-returns  2026-03-15  rows=461   total=33219
daily-returns  2026-03-16  rows=467   total=33686
daily-returns  2026-03-17  rows=461   total=34147
daily-returns  2026-03-18  rows=462   total=34609
daily-returns  2026-03-19  rows=462   total=35071
daily-returns  2026-03-20  rows=460   total=35531
daily-returns  2026-03-21  rows=479   total=36010
daily-returns  2026-03-22  rows=461   total=36471
daily-returns  2026-03-23  rows=462   total=36933
daily-returns  2026-03-24  rows=456   total=37389
daily-returns  2026-03-25  rows=462   total=37851
daily-returns  2026-03-26  rows=461   total=38312
daily-returns  2026-03-27  rows=462   total=38774
daily-returns  2026-03-28  rows=459   total=39233
daily-returns  2026-03-29  rows=458   total=39691
daily-returns  2026-03-30  rows=435   total=40126
daily-returns  2026-03-31  rows=439   total=40565
daily-returns  2026-04-01  rows=461   total=41026
daily-returns  2026-04-02  rows=453   total=41479
daily-returns  2026-04-03  rows=460   total=41939
daily-returns  2026-04-04  rows=424   total=42363
daily-returns  2026-04-05  rows=453   total=42816
daily-returns  2026-04-06  rows=469   total=43285
daily-returns  2026-04-07  rows=464   total=43749
daily-returns  2026-04-08  rows=462   total=44211
daily-returns  2026-04-09  rows=461   total=44672
daily-returns  2026-04-10  rows=462   total=45134
daily-returns  2026-04-11  rows=460   total=45594
daily-returns  2026-04-12  rows=464   total=46058
daily-returns  2026-04-13  rows=467   total=46525
daily-returns  2026-04-14  rows=469   total=46994
daily-returns  2026-04-15  rows=462   total=47456
daily-returns  2026-04-16  rows=468   total=47924
daily-returns  2026-04-17  rows=437   total=48361
daily-returns  2026-04-18  rows=425   total=48786
daily-returns  2026-04-19  rows=411   total=49197
daily-returns  2026-04-20  rows=428   total=49625
daily-returns  2026-04-21  rows=475   total=50100
daily-returns  2026-04-22  rows=470   total=50570
daily-returns  2026-04-23  rows=450   total=51020
daily-returns  2026-04-24  rows=422   total=51442
daily-returns  2026-04-25  rows=460   total=51902
daily-returns  2026-04-26  rows=451   total=52353
daily-returns  2026-04-27  rows=419   total=52772
daily-returns  2026-04-28  rows=468   total=53240
daily-returns  2026-04-29  rows=466   total=53706
daily-returns  2026-04-30  rows=392   total=54098
daily-returns  2026-05-01  rows=436   total=54534
daily-returns  2026-05-02  rows=446   total=54980
daily-returns  2026-05-03  rows=436   total=55416
daily-returns  2026-05-04  rows=382   total=55798
daily-returns  2026-05-05  rows=460   total=56258
daily-returns  2026-05-06  rows=465   total=56723
daily-returns  2026-05-07  rows=472   total=57195
daily-returns  2026-05-08  rows=464   total=57659
daily-returns  2026-05-09  rows=484   total=58143
daily-returns  2026-05-10  rows=474   total=58617
daily-returns  2026-05-11  rows=451   total=59068
daily-returns  2026-05-12  rows=471   total=59539
daily-returns  2026-05-13  rows=473   total=60012
daily-returns  2026-05-14  rows=479   total=60491
daily-returns  2026-05-15  rows=476   total=60967
daily-returns  2026-05-16  rows=478   total=61445
daily-returns  2026-05-17  rows=487   total=61932
daily-returns  2026-05-18  rows=484   total=62416
daily-returns  2026-05-19  rows=474   total=62890
daily-returns  2026-05-20  rows=470   total=63360
daily-returns  2026-05-21  rows=478   total=63838
daily-returns  2026-05-22  rows=469   total=64307
daily-returns  2026-05-23  rows=470   total=64777
daily-returns  2026-05-24  rows=474   total=65251
daily-returns  2026-05-25  rows=483   total=65734
daily-returns  2026-05-26  rows=475   total=66209
daily-returns  2026-05-27  rows=478   total=66687
daily-returns  2026-05-28  rows=477   total=67164
daily-returns  2026-05-29  rows=491   total=67655
daily-returns  2026-05-30  rows=466   total=68121
daily-returns  2026-05-31  rows=455   total=68576
daily-returns  2026-06-01  rows=487   total=69063
daily-returns  2026-06-02  rows=454   total=69517
daily-returns  2026-06-03  rows=477   total=69994
daily-returns  2026-06-04  rows=484   total=70478
daily-returns  2026-06-05  rows=482   total=70960
daily-returns  2026-06-06  rows=479   total=71439
daily-returns  2026-06-07  rows=428   total=71867
daily-returns  2026-06-08  rows=469   total=72336
daily-returns  2026-06-09  rows=475   total=72811
daily-returns  2026-06-10  rows=488   total=73299
daily-returns  2026-06-11  rows=473   total=73772
daily-returns  2026-06-12  rows=474   total=74246
daily-returns  2026-06-13  rows=459   total=74705
daily-returns  2026-06-14  rows=468   total=75173
daily-returns  2026-06-15  rows=475   total=75648
daily-returns  2026-06-16  rows=455   total=76103
daily-returns  2026-06-17  rows=418   total=76521
daily-returns  2026-06-18  rows=455   total=76976
daily-returns  2026-06-19  rows=445   total=77421
daily-returns  2026-06-20  rows=448   total=77869
daily-returns  2026-06-21  rows=449   total=78318
daily-returns  2026-06-22  rows=473   total=78791
daily-returns  2026-06-23  rows=468   total=79259
daily-returns  2026-06-24  rows=438   total=79697
daily-returns  2026-06-25  rows=480   total=80177
daily-returns  2026-06-26  rows=489   total=80666
daily-returns  2026-06-27  rows=485   total=81151
daily-returns  2026-06-28  rows=440   total=81591
daily-returns  2026-06-29  rows=480   total=82071
daily-returns  2026-06-30  rows=456   total=82527
daily-returns  2026-07-01  rows=478   total=83005
daily-returns  2026-07-02  rows=511   total=83516
daily-returns  2026-07-03  rows=471   total=83987
daily-returns  2026-07-04  rows=471   total=84458
daily-returns  2026-07-05  rows=473   total=84931
daily-returns  2026-07-06  rows=491   total=85422
daily-returns  2026-07-07  rows=468   total=85890
daily-returns  2026-07-08  rows=491   total=86381
daily-returns  2026-07-09  rows=478   total=86859
daily-returns  2026-07-10  rows=463   total=87322
daily-returns  2026-07-11  rows=490   total=87812
daily-returns  2026-07-12  rows=489   total=88301
daily-returns  2026-07-13  rows=503   total=88804
daily-returns  2026-07-14  rows=502   total=89306
daily-returns  2026-07-15  rows=506   total=89812
daily-returns  2026-07-16  rows=480   total=90292
daily-returns  2026-07-17  rows=506   total=90798
daily-returns  2026-07-18  rows=480   total=91278
daily-returns  2026-07-19  rows=468   total=91746
daily-returns  2026-07-20  rows=504   total=92250
daily-returns  2026-07-21  rows=519   total=92769
daily-returns  2026-07-22  rows=529   total=93298
daily-returns  2026-07-23  rows=514   total=93812
daily-returns  2026-07-24  rows=505   total=94317
daily-returns  2026-07-25  rows=468   total=94785
daily-returns  2026-07-26  rows=509   total=95294
daily-returns  2026-07-27  rows=518   total=95812
daily-returns  2026-07-28  rows=516   total=96328
daily-returns  2026-07-29  rows=526   total=96854
daily-returns  2026-07-30  rows=527   total=97381
daily-returns  2026-07-31  rows=519   total=97900
daily-returns  2026-08-01  rows=522   total=98422
daily-returns  2026-08-02  rows=518   total=98940
daily-returns  2026-08-03  rows=538   total=99478
daily-returns  2026-08-04  rows=528   total=100006
daily-returns  2026-08-05  rows=526   total=100532
daily-returns  2026-08-06  rows=522   total=101054
daily-returns  2026-08-07  rows=521   total=101575
daily-returns  2026-08-08  rows=517   total=102092
daily-returns  2026-08-09  rows=521   total=102613
daily-returns  2026-08-10  rows=525   total=103138
daily-returns  2026-08-11  rows=519   total=103657
daily-returns  2026-08-12  rows=524   total=104181
daily-returns  2026-08-13  rows=529   total=104710
daily-returns  2026-08-14  rows=521   total=105231
daily-returns  2026-08-15  rows=526   total=105757
daily-returns  2026-08-16  rows=531   total=106288
daily-returns  2026-08-17  rows=546   total=106834
daily-returns  2026-08-18  rows=527   total=107361
daily-returns  2026-08-19  rows=547   total=107908
daily-returns  2026-08-20  rows=540   total=108448
daily-returns  2026-08-21  rows=489   total=108937
daily-returns  2026-08-22  rows=518   total=109455
daily-returns  2026-08-23  rows=528   total=109983
daily-returns  2026-08-24  rows=545   total=110528
daily-returns  2026-09-01  rows=542   total=111070
daily-returns  2026-09-02  rows=552   total=111622
daily-returns  2026-09-05  rows=45    total=111667
daily-returns  2026-09-06  rows=31    total=111698
daily-returns  2026-09-07  rows=22    total=111720
daily-returns  2026-09-07  dropped 348 ragged row(s) for 2026-09-04; its own pass in this run is authoritative
daily-returns  2026-09-07  dropped 9 ragged row(s) for 2026-09-06; its own pass in this run is authoritative
daily-returns  2026-09-07  dropped 14 ragged row(s) for 2026-09-05; its own pass in this run is authoritative
daily-returns  2026-09-07  dropped 129 ragged row(s) for 2026-09-03; its own pass in this run is authoritative
daily-returns  2026-09-07  dropped 3 ragged row(s) for 2026-08-31; its own pass in this run is authoritative
daily-returns  2026-09-07  dropped 1 ragged row(s) for 2026-02-08; its own pass in this run is authoritative
daily-returns  2026-09-07  dropped 1 ragged row(s) for 2026-02-15; its own pass in this run is authoritative
daily-returns  2026-09-07  dropped 2 ragged row(s) for 2026-05-18; its own pass in this run is authoritative
daily-returns  2026-09-07  dropped 1 ragged row(s) for 2026-07-04; its own pass in this run is authoritative
daily-returns  2026-09-07  dropped 1 ragged row(s) for 2026-07-21; its own pass in this run is authoritative
daily-returns  2026-09-07  dropped 18 ragged row(s) for 2026-09-02; its own pass in this run is authoritative
daily-returns  2026-09-07  dropped 1 ragged row(s) for 2026-08-27; its own pass in this run is authoritative
daily-returns  2026-09-07  dropped 1 ragged row(s) for 2026-09-01; its own pass in this run is authoritative
  in_range=250 attempted=241 stored=241 skipped=9 errors=0
  end 01:49:31
=== DONE 01:49:31 ===
2016|132|17821
2017|365|52800
2018|365|55124
2019|365|66497
2020|366|84199
2021|364|95188
2022|365|104922
2023|364|116053
2024|366|129363
2025|365|142782
2026|250|116346
